geometry,stu_worlds,scenes,logs,placements,observed_scenes,observed_logs,observed_placements
059abc6a5bbcb61503ac3592d7bc6b94ac6e8d27e6ff97a29a8256207b95f27d,1,11,11,11,11,11,11
05e1c89ceee0017db02bb4ed947b13867c85e21ffb8fbee6a7d9baecd09b88b0,1,11,11,11,11,11,11
064258317b89599a59db0a63bab4908d1d5905dc93e759501fd543025e66cb36,1,11,11,11,11,11,11
080cd02595f2b7c8454d340fb7a10c252545bf3f08731083ed13d6c33d0763c8,1,11,11,11,11,11,11
081ff043a2035fb5ded0f6e9765a6a3363a21545b57732e0581d622cc62a10d0,1,11,11,11,11,11,11
090b91c126b18fc99f1fe66f76972a074c588af6d782c17e64b3f85aa35c06a8,1,11,11,11,11,11,11
090e0764c981dae7b85b16f05747982ab14aacc570e39ff3f4d1d18f4d7a902a,1,11,11,11,11,11,11
092dc2b259cc69794ef9729e7fa7a78ddc83526a763f20727c5ce929ca774db5,1,11,11,11,11,11,11
0bc52d085baa0c169dac0ea888dd01d2259c18061e9b3e110f1d52961b6f4be1,1,11,11,11,11,11,11
0bd3549c2b4db2003f7e81ec631de29de81512770413584bbbf6414199030eb8,1,11,11,11,11,11,11
0c0a05bdc65d080330e4de6df9371d2060bd466cca6a77c02a472a000bfb3448,1,11,11,11,11,11,11
0c2fec8217e3ce4fea73607e1d9c64229b14851501d4f613cd6f8b749b83a883,1,10,10,10,10,10,10
0c613a577e862597283902a5d2aa60e79b2fc10b62af25c630950074b417c3f4,1,11,11,11,11,11,11
0e7150e1d79fabec0e14323535ff9568761cb2a2fac589bac7ce06b7c22061e8,1,10,10,10,10,10,10
0eaeae9bdb7d34f9963db38db22fef60a2d7afe1f181be8db568fdf8cdda34c9,1,11,11,11,11,11,11
0f10474bf871c578ae4efb05b61f032a6835b32f2b52ae27ab6370256d1838cc,1,11,11,11,11,11,11
1015cc7872daba0324f196746ec6cddb01aff115fff8a79e03b385724119f645,1,11,11,11,11,11,11
103063979f8cc1c65ddef4b7fa5a5889c701185b34813c772717a1ee4a2b3f25,1,11,11,11,11,11,11
1185112fe096a33bd4c2391db01c5b9942a174112d2ff06beb83a9342912df01,1,11,11,11,11,11,11
12ef1568e2f27d0d4735c1f597582670a7efb7694d1aa4046bbf7ae8bb138457,1,0,0,0,0,0,0
132b7dadcec52bc7185e4a790bb2a9ef0b40d9bb2e5ac9181fede7c946b36f06,1,11,11,11,11,11,11
146fd2b45eac564d8b6baaf8962004e9f197f6d0d3b089b0df219315da9ed8bf,1,11,11,11,11,11,11
147c691d3a708db90634ca4a2788099e0153294408400a0b39050bf59a6a0fdd,1,11,11,11,11,11,11
169793388bea0ee35b8d86fc0d1f06d38a7642655bd1b51ba8a644c55c8e3e5d,1,11,11,11,11,11,11
17e04b8c68dc3ec9d5da7de90fc34fd9b76678723acd018eebd745c037baacd1,1,10,10,10,10,10,10
18c11ef1dab41f2bc98c29b4277a05b78f9d59ace1d64d20c65e2b17d8d7c014,1,11,11,11,11,11,11
19d955a1cd6c7abc47370676b0f541968aadc93e019c9b5a80b20cedb8f78c65,1,11,11,11,11,11,11
1a8f55a29e1ed2d307e5a322ec75bf13f6264e4783de9448f5d85508ce2abc48,1,11,11,11,11,11,11
1e67fa8d94915880b209ffecd504dccb2a82395b33c56b964faa52ddc3f966f7,1,11,11,11,11,11,11
23b928143f5bfc8fcc0af70ba22149db83b391be11eb78d972de73f351e5a588,1,11,11,11,11,11,11
25562537cf779ebaebecb30f9715d4ea3e06e6bab0c1d6e04a1eda063393fb16,1,11,11,11,11,11,11
272678896b3bfbbf20a3bc48d7803c10f2d2954834780ffa74413f264f937cfd,1,11,11,11,11,11,11
276291fefd36abe659afec3f1d01b1de368cba55bf21f4a0268b99f19cdab455,1,11,11,11,11,11,11
278e089fd5bd30105908de7162d01c5e0854cc99e910085192cdb0a4fad2f2cc,1,11,11,11,11,11,11
28b802b75b4825dd0f426fccf328422971621bd1632409eae14a3fec4337d465,1,10,10,10,10,10,10
28dbfd073ccb1436ab6e89e588b642cc26f233b9398e04f0db1b8b81446ed97c,1,11,11,11,11,11,11
2b02d8167cd0ceb39496ec47ead09d7d2a9da657b18e98bef1517a5b8f70f890,1,11,11,11,11,11,11
2b2a844538c9c1675d14c23001768b5f0db1a99a1dac77aafc71b3b36eee196d,1,11,11,11,11,11,11
2fb06a42235132fdeda43f92a336b94934bf17f0c60f2ae07a207ed1481961d7,1,11,11,11,11,11,11
313936408844bd2332c6052751680712a51ab1c41907f12ae63a051f60dcd5d8,1,11,11,11,11,11,11
330e88ef1bf702123623ec0723a312f58e77118b74ae2e1ea7e791af1f796132,1,11,11,11,11,11,11
331e2219b00b04da2ed32f897694467429faf390bceae69f3dbe9700416834b6,1,11,11,11,11,11,11
3640e0643ea1e65123c57ca7d0c82dfb5bfd16c041998ad548368087fbc55da2,1,11,11,11,11,11,11
366b264c56f2d2bf19e971ec3958b04e873fb40aec5f9cb01c03528c68776801,1,11,11,11,11,11,11
36ec8956de496053f85bf07fee118dcc9663b1daa21dd4a4cbf61d6cb5e08484,1,11,11,11,11,11,11
379ccede20a15edd7d8713da312a9432d0399b8d0a3718d05d5c5b05f9083094,1,11,11,11,11,11,11
38badfac99eb2367e8b13a1ba8bf2fea046469da875847cf9e64d2602361df6d,1,11,11,11,11,11,11
38f384ee6c50a86db6bb1b08adc1b62e14d0662952fb569509b06c8dfb020606,1,11,11,11,11,11,11
39148b7157605c317f0bc1e050585a3aea43da4bf58b862c3741d1d43af2b60e,1,10,10,10,10,10,10
39390f3830e0db2134d64da1ef502c0d74fb5d3b55ec48ff2dbc2e3c4f5b557a,1,11,11,11,11,11,11
3b953e51e37a0804f6096ed5701d2d3446286df08580055494c07b986dc736f8,2,11,11,11,11,11,11
3bd8a8100cb3f1077e79ba60ec2d619025f607783d417daa001043488899b0e0,1,11,11,11,11,11,11
3c0a3f9188cd572564cf5edfef023cc43fa40ad30c49a385a01edcc2cf702b2b,1,11,11,11,11,11,11
3d36e11d225229207a9fdcf3313dccbd12c768b8fbe0181ecfba51d75783cb01,1,11,11,11,11,11,11
3df5fa25259f3b26df4d5f86ef9f33952890da08bb801474d34ed40a2c42f640,1,11,11,11,11,11,11
3ec1fee4f8a99d1410bf7c6abdccf303f5fb84d242db0de740c8e6f9aeabef2e,1,11,11,11,11,11,11
40d7041320b60fa85b0e4b5b4489c93ba8ff33187a3dbd729af2323db73a4569,1,11,11,11,11,11,11
426b3028bb6ec01bb920bff469c0843cf29678292b01e57720b335d125ed3747,1,11,11,11,11,11,11
4428e9018617ca97f88a263a68da16dcd1212fdcf0a9d2ffdb7034c786175f82,1,11,11,11,11,11,11
45bb93b09b55128451fe3607e39ed31b04195300d1444f3a27c04de120e81622,1,11,11,11,11,11,11
481531f437d85629a6a67b07284a8f6daf028b541bf53fa3039ed1f92b12b406,1,11,11,11,11,11,11
49317dd9f001a2646e5fb40372222ef99e33e8651fe954b4785474ea150ed57d,1,11,11,11,11,11,11
49c4f5246a5dae5febfd166157618ef5672730c55e81c189ebf6e6f5855ff93e,1,11,11,11,11,11,11
49f0bb1fd7b4c0aa6bafb624d9fa0f4c2fdbef1044b113be4dfcc316365d8473,1,11,11,11,11,11,11
4b2829b62e17ade33dba489dd940d01feb17dc6dadfe0f3299db2a8fe09e2cfc,1,0,0,0,0,0,0
4c853db0ee4509b0eed7cbbd2db2eed2ad6324eff227be216e85d8da198a579a,1,11,11,11,11,11,11
4e54526c1ec7d7e7874ec360c8ec49045cfa6ddb0705f00219f406c55cd18920,1,11,11,11,11,11,11
4e86ba434dc1466f56e2242eba2efd42038435df93e9056a6145cf1e3a8991bd,1,11,11,11,11,11,11
4eb4acf32dd15980955040ec0bf0d47c1f3862ce6dd133a3c9caaa5d8ac8065f,1,11,11,11,11,11,11
5024014c5f8ab33c9713bf5019af7185e3213c2131c4bc9884f6f316ba51f15b,1,10,10,10,10,10,10
50a217b44c61b7e465afc59c629044bfd26713e3ab4c235053ab723232ad28c5,1,11,11,11,11,11,11
5168178bb6eec56f9892eb1b1cbd53efe41f879c919e644204bcb01bb9e56cf0,1,11,11,11,11,11,11
530b48893e48017b5b66d442abec0ed5d02cb67628b15832e5058d49dc17651a,1,11,11,11,11,11,11
53b4df56e6f5494f3bfd935ce7555d0ea94c98d3af35a5f098493dd977ca19ce,1,11,11,11,11,11,11
540121b94bef6ecadd0a46e5d2c803a6fa4f6d2ad2c8b3f0bfd1f7e9d8efae28,1,11,11,11,11,11,11
5512cdf8d4edc08c21cb4b05fa58c2f32a9c87e89ef2fe845268cd588f813de7,1,11,11,11,11,11,11
56913ac4d49a11cfd8559cc2c4a32b63f0ba8aec65788aea6b341ea2d6172dfe,1,11,11,11,11,11,11
56c168ff80312d148ad9cd032e383fe6696ab6e874ed233471c341f64ade5532,1,11,11,11,11,11,11
589c3f5cd0af9b84903ae5a8cc708706baebaa34b9a09bbdf7cdefb8c23b3551,1,11,11,11,11,11,11
58df2f378fa2a0f8298ee29a4db670ff93ec9f3c2d18b8309f742c3362a1934b,1,11,11,11,11,11,11
5a0a7a544149e0178d618c687d21892bc1cee5605a237cf3da8baeb23cc5c9f1,1,11,11,11,11,11,11
5a1622bdac230f8ba6f4585202e714de4cd6c9c91ad6ee4beea6489291e369f7,1,11,11,11,11,11,11
5a1f82d793e3ef4594b2bb8ca39145625596fb74734ca52b582d03b773f6268e,1,11,11,11,11,11,11
5ac8d2d389be8b3e4e6a6560f73e938112b49559cecd278137e5f8d57fba5dd7,1,10,10,10,10,10,10
5b35f71439388c5e1fca828941c7bdf382f61e3e44bad855a6e2654d8694e490,1,11,11,11,11,11,11
5b98d740573544e10bb8e77bccdbc826faf08bd3df8675ef5f458c55295d646f,1,11,11,11,11,11,11
5c23c8e7992a7affc671a9f49d8fa52b08d80c26e18255700e1bc8f23d29697b,1,11,11,11,11,11,11
5c745c4c68409344e92a52566015abf839858bbeb002d6aa8d083210233d2b90,1,11,11,11,11,11,11
5cc657fc6df212a8776265aa90cb5954b6c24a4f86a624804aaa03bd8f357ea6,1,11,11,11,11,11,11
5d26f4c29e124772c570ab70f6aef0e8c5bbd38f12f58ad4baff29b44c216502,1,11,11,11,11,11,11
5ea637f5102e9c4bd45d36bdaa5042a436302dcdf478018944d4d0bb8cb19b0b,1,11,11,11,11,11,11
5f69c13d7f401f7d75dd47d4e68be82869c14f72cef58e1742c83036953c25d7,1,11,11,11,11,11,11
5fa6a1945f7bfb49598997b96fe565cd209763e703ec760d61d94d5beb8780b2,1,11,11,11,11,11,11
603751e8b315cb6fe1e1736b15186a42dea55d42abd8e10c7697d785afe91665,1,11,11,11,11,11,11
6358656208126751302353a60582de369b0589dc2a7a7bd9355cf89d40850d37,1,11,11,11,11,11,11
660b56084657e0f6a7c4e0c67a1aec9a6974b521a87af67490ddf6929eae3926,1,11,11,11,11,11,11
676222e62694f175d99bc7b0efd3c1b8256b58b3c923bede52655c19cb97080a,1,11,11,11,11,11,11
68652b6fb226285f642266307bbaa703e6a9fea27c40f817e9ff61812671b37a,1,11,11,11,11,11,11
68825dd68f79e71525d483a81d0d1ae5ed79b35791626d9785f27f6006efabb8,1,11,11,11,11,11,11
688fe0ef8ddc46564d76d91b1a2fadd7145ccc919fd9e3df9d11cc5cd5790c70,1,10,10,10,10,10,10
6cb4ecb404f336901eb4545b06c2dd1aa400120fb5fddd4b29bbb7b317976d47,1,11,11,11,11,11,11
6d045f8ff036334ba343dd262935afc91122c203914aead6da0a145f362fc626,1,11,11,11,11,11,11
6d293c83e011726b7400bf867cfe134e686cb3caa84e53b91253f71b9d0a74a7,1,11,11,11,11,11,11
6ea1ef74c28d0677809306e43ac83801cb2211359bb85566e37374b12d05a8ab,1,11,11,11,11,11,11
70294efb5e987849620b11e030acd8fc81858a8be5a3ea4d5bd4cdbdf338397d,1,10,10,10,10,10,10
70d7f08ab818432b6cabfbf214b2748d86eb039f273bd2b3491d224d5c25deaa,1,11,11,11,11,11,11
735e3021649e949a21e7f87892c032013e103e22ef80e60efa63d64b16a646df,1,11,11,11,11,11,11
73c3efa756f9dfe8baff6d5bf1a971b3a0d13bdc0bdb0b2f78ecd5ef3803a1c4,1,11,11,11,11,11,11
753785c7b2265e5fe0c0ca06e11f1b1eadb4537cfca2a6a4b123bf6f3420a82c,1,11,10,11,11,10,11
75be70892c56e4675e10e85bd291cef1af086c736038c8165a8731de6c27e9a8,1,11,10,11,11,10,11
773e5d84a87cc8c9997c39bcc141f3dc1dcf2cb814206f3921753d7ff1c6a99b,1,11,10,11,11,10,11
78f799562586468e04526cfd96ca6b6e502fd03fabac4959120e5b1f24fba3e1,1,11,10,11,11,10,11
79ad4ddf4a733a3fc110081c5e5104dd647104e7d063e6376c0a5225c0a0c7cb,1,0,0,0,0,0,0
7bc192b30edddfa4563c736c22653c57da2c9bdc36321a38d3270c2a945f069e,1,11,10,11,11,10,11
7c79ffedc2f499f4b4441d1643413f881d6a70d9405eaf6e48036665fddd9f2e,1,11,10,11,11,10,11
7d5be310c7312355b926ea7f791ed688aeca7616cb3f81d7d0ff9110bc36487f,1,11,10,11,11,10,11
7dce9a3a6cded3f96d937bb2ecc6a034dfa5fe22f326175dd1c23078d4e50414,1,11,10,11,11,10,11
7e619a9d37a4e32a0c4e419b70d2a209e4be55b4f2cf8848ea6fc95e4f706666,1,11,10,11,11,10,11
7f5d0e2fd5d44ddd51cd04446636b590d04d5dc672b47bfa3daeca2df9e32cc6,1,11,10,11,11,10,11
806258943c00a58c2c79150ab461e807cda2b2202d050f6dee1074e1fa063191,1,11,10,11,11,10,11
8188cdd5dcd7f90a3e5295d5e4b89f8c769b12116b2138e16b250e8a2652f3fa,1,11,10,11,11,10,11
81bd12e0650d6bf6d2eea029fbbe47feb8cf84f88b8445158d5ccac381c58dd3,1,11,11,11,11,11,11
8230caa105a910e1780a2b7705215d37df1d84a0b2bcf5baec4ab4d8f7bdbb8a,1,11,11,11,11,11,11
823f1849008d6427606e57cb2af002dce97fa9458fc7c3d19c7cd7afbf2f8d7b,1,11,11,11,11,11,11
8261706707791275299a9437e481d601f139f604de0415d81c83e3ae34e3fb26,1,11,11,11,11,11,11
8474018041d56ba7bc14854f1dc82bfbe1f5a7daf9c385586e70589f4abd134e,1,11,11,11,11,11,11
84bc37e7e4161f81f6e64c76426b65f9af58f8012db0499bfa916005951f7497,1,11,11,11,11,11,11
856d3d2ad40252e69ad3d341b82ffef6ae6a7b5d0526beeda63174d3176ad594,1,11,11,11,11,11,11
86086c3127bdf75fe6a0504271d66c9300a38979837349c8bd10e457823772dc,1,0,0,0,0,0,0
86a98651a3fd385a8be0e1983ce53189b3f5de17784c0499917ed5c9e7f4ca08,1,11,11,11,11,11,11
8706d7de12229b1a44328cf1b3e874b2986f6e8aa41912e7e9e9b41d46216ae9,1,11,11,11,11,11,11
87514bbf090c0a4873553dd07a45f2789cd4008461420ac567ef561c65db4a6d,1,10,10,10,10,10,10
8796fd357408636bccd9fa4c3ee5fca42f91112b68c4a1c939bf4e3df3b1182c,1,11,11,11,11,11,11
8925edf915c365cd484c82ebe0377e03524979d333de6e58d5bb59968bfa8e9e,1,11,11,11,11,11,11
896c5650e7fe85f5340951a7409627322a0dfe8a5c22aaf1aa17baf201571304,1,11,11,11,11,11,11
8c0a8a26e5489ad1887756420885d34681a4bcb6a1fd96c29227f796b1bdddac,1,11,11,11,11,11,11
8cb6dc963c603b6e7ca460c4364552f7b8d67444ef70800db286e790a89fff37,1,11,11,11,11,11,11
8e5bae4fcb0fccf588ed34dd633de276d6037dedea9b1ae64cead2c583947779,1,11,11,11,11,11,11
8f7f7630e2385f160ace66f1df5f34c21be842c442a33c7cc8567ed6e2194d34,1,11,11,11,11,11,11
8faa631d821de86e3f2c716b7bddad9a89876338c772c3a3b7635bd0f08c7131,1,11,11,11,11,11,11
900209dc31297827eb341c1b7a15ee48d860648bd7a63be0e50ac7408041dab3,1,11,11,11,11,11,11
91877624e3e947945a4a8c0ec1877fa0f2b47d0c7f4fa384541098d44410cc68,1,11,11,11,11,11,11
92718cbec333603b9c5a0b840e54526c83074b0c08b6a8f25bb6fd2d60fb47f4,1,11,11,11,11,11,11
93360b076f91e0d7c29cf3f0509caae8e31cb799c28fb0204481ccbfce5c2c92,1,11,11,11,11,11,11
939676808fdf2d0dbef0ed14f256bc84827694eac2f3c426eb8435d39ec52c58,1,11,11,11,11,11,11
957002921eb78675cfa31fb765937932ff3a8c620641945a2671d128fad588ed,1,11,11,11,11,11,11
9895d5f5c6d5a6b71ec3c71ec73eefa9a79eac81e980832ae97118b7f0612e34,1,11,11,11,11,11,11
98c7cdf3c7cd03a7673190c1a8d9f078958ad5087061885892df6f96007afbfb,1,11,11,11,11,11,11
9a270afd74c1a919ae7a84df1695e46f70545a97280e94bd8d4563e9e4ff234c,1,11,11,11,11,11,11
9b000fd1f1ad39256b065bf0005b30ce4fe701c180a0d6a68a152db84e779d80,1,11,11,11,11,11,11
9bc43e7314021cc52826176e2d90ff9cc440bc948d674272dcdd365b1fa6fef8,1,11,11,11,11,11,11
9ddcd548e80a35a5680f6f049e082221c1cb5511594520e8432fbabf2e967e21,1,11,11,11,11,11,11
9f32734b95acb4ce737cac1bb94e5f2e0383c578d72a43506926b1a9e7a90d3b,1,11,11,11,11,11,11
9fd3a3b57d37342ad74190185f5e044ca4cbe68b7e0e927af85dd768af6a652e,1,11,11,11,11,11,11
9ffc4f4c210c79cd6747a1bea5c01471751bd00f827b289b8d99542e4a36f922,1,11,11,11,11,11,11
a0143bbc2cfa5b0ad226b044b422866653991215c41dce5315751a5e84e0723e,1,11,11,11,11,11,11
a0cc17b1158be6640b1531fa4b680a620883dc5d1f4af32188217a097ac5468f,1,11,11,11,11,11,11
a0f85370e9bea43f51884676290f7294add9d69ee30b3ecf9eb4098aaad10cbe,1,11,11,11,11,11,11
a1f64785148d303ed55c722e3143618b67f2dad1e07403b5aabae83ca3889f1b,1,11,11,11,11,11,11
a48fffb471f470855bb38821866c82532c61079b795472d229086514f0dc0f75,1,11,11,11,11,11,11
a49036d1cc1dd24a9e79828c482a10933ce90f3eaf27d4f5268a7f3d81640ba2,1,11,11,11,11,11,11
a4fa862a6694bd6d6bf34a17dcce899a4d11c5fbd1e37fd7127b4352ea460f4d,1,11,11,11,11,11,11
a55d27fe788cc162cb22c11178df2e5e3cf52f892c79ded7f0d702b5128eda78,1,11,11,11,11,11,11
a7986645359453c73ff792b4c48f3a47ddff445460aeb28b7f0f72d003360317,1,11,11,11,11,11,11
a82b9e74af8782d6e9e9a7ea36ea1bc389f40de4b889ec4fa06b3166f845ca79,1,0,0,0,0,0,0
aa6ec8ab029d4619539bbcb1f9d92f2b2fd3896530703873c1fe0a3b64f1e4b8,1,11,11,11,11,11,11
ad8aaf472d16c5c4881dbad9f72d43a9b12aba41a0c657b2bc259e8a8f2fcc3b,1,11,11,11,11,11,11
ae47f389037d4b73c6889d1e82ee923991e8572283439c46d88c4f390cc8a0a3,1,11,11,11,11,11,11
af7c8038e4f4af1d05db99c0457cfa1cd655d3faeb787f98de5f75b0017807ae,1,11,11,11,11,11,11
afc0979a9a1317bc66293922a54dde1fd7dd0873fba3c954fcb0b520c8e50e2e,1,11,11,11,11,11,11
b2667a7bdaace20b0247fabd351906c52f962f0c7625c8435bc16c939d029e57,1,11,11,11,11,11,11
b26bc6599c82d92fb3edf9c30fd103ff4e27e01dbe7d016d7d3ca23ffb286308,1,11,11,11,11,11,11
b2f3ed857e2dd6785f3223c8b17bdcf2f49e9a89e27a8ac2df5ec4155cf172cc,1,11,11,11,11,11,11
b3b9aa5ac38e1dca3c273ac0b4d96a426bbb787dc91d5ced5ef22857608a46b0,1,11,11,11,11,11,11
b41020986809d30bcbe7d098d763a5a8a99f56a8a325952e9680a55a49aca935,1,11,11,11,11,11,11
b411422ce83c26f4f37dcdf814a917172c04151bd86a3aa42134c8f35c30a496,1,11,11,11,11,11,11
b5bfcb56b65cbf2c44f1a1e50173992e39803d22519dc5b05fd9ff5362359ef9,1,10,10,10,10,10,10
b77ade2ba2431de0374d251ed15be17e8d2d705dcdf5c3ab18ba453ea186b588,1,10,10,10,10,10,10
b9a883f4a78929127febf6732aac7fafe899c17497f17ce46554a801a1af1297,1,10,10,10,10,10,10
bb7bf59d678bb3cff3a156ab4ae46b4b91db3ff3acd026c60119ee2c0f014e8b,1,10,10,10,10,10,10
bcfddb89233d59f1ea1c88a9602b8b69fb890979a3ab4b2b8c1d1d6c2bc9645d,1,10,10,10,10,10,10
be6e85807efddc0cf10289862dc0f11e23ac0bcd5999b52cfef855c3de909e9a,1,10,10,10,10,10,10
bfb3858433e6170f7f1c3d66e80f936fb05506ee3d0a9978b481aabbf563a2fd,1,10,10,10,10,10,10
c08a7917897f7efb56ee2089914e2c90c03ea92844be9b40fdfdfb7c88ee44b3,1,0,0,0,0,0,0
c1ba56faaa521c7556ba9cbf9a87b7a9a44d03200824e572cc4f6939e4c1cfee,1,10,10,10,10,10,10
c219fe85f4e5a8a02410735d790eb3b8194d53c872cd9b6e819e472f01df13a9,1,9,9,9,9,9,9
c242d17c36d7c40ed563a50f37d6fc1e67d1051184d8f45b66b374ec2d17542d,1,10,10,10,10,10,10
c269383f3a96fec455c6a7b8a6d2468713e78e7deadc9b4971e1219235fed77d,1,9,9,9,9,9,9
c37e695605ce7b662b6cd50dc87ad4538d7a317b8ffcf595ca4f3b8c267337a9,1,10,10,10,10,10,10
c6465aa0786d82a04512fb0e8cc348b5b7c3dde045b0accf5793b8f62c2d2826,1,10,10,10,10,10,10
c6e03cd327c83bae3e796543db76e43cd8b9a566f1ce0848cf51bcebc8276870,1,10,10,10,10,10,10
c79451af524442e37df52d9704ba1392ab5799e71361d57de5b470f2de2eb541,1,10,10,10,10,10,10
c849bae4ea6038eeaf624c18482ce8570047eda214ab94d113990aff8e1e3339,1,10,10,10,10,10,10
c9274e2a0760df0b48c2f68293490952b7297964d37e1dc5bfd1c7f02552695b,1,10,10,10,10,10,10
cc66bdcd9b27fe3643bc83ec85db7e05bfc44be9f004dabe816c1eb3aacd75c8,1,10,10,10,10,10,10
cce2ea2d951898a284c12422065a17822b4d9c6ed5d4253565397733207f1dfb,1,10,10,10,10,10,10
cf52d78a8f494179d8c6fbdff9742ab140ee4e7998463de0564c9011a2f63205,1,10,10,10,10,10,10
d2e1e40b0b1f12f2dd547d9d7a1369c97c4b5608c54b83be67d54d9afc87651c,1,10,10,10,10,10,10
d44e9b3736f47273c118c6d7f74cff9c863ea7b8d835b2a8faf868841044b0f2,1,10,10,10,10,10,10
d4d4b0014803ed84257af1ced065edaf4eeb4c26205ec6c9e32d9cb7ab1472da,1,10,10,10,10,10,10
d63db273ecd80aaaf9ab89345b49ab55736c40aa4153500eb6d0d5f6969c72b3,1,10,10,10,10,10,10
d735420a644c162fab968edc43a59021baaca9530c041d9345f33e71807e680a,1,10,10,10,10,10,10
d756bbd8fb9da5e166e195b3f2903f21dc8b93e74601dea11397c9f784260d51,1,10,10,10,10,10,10
d79b68ff9ed4cb0ff2dd45b6d4abc0e6c3576dbcd52c0a46790fc78d210d70ff,1,10,10,10,10,10,10
d7eaeeaed85f8aca3590979cceb6707f80ddc185ab69c86f93229a6f64fd6cfa,1,10,10,10,10,10,10
d84d808812a7924ca9902df6eec8ac81f87508e3349291893ae204506178cd96,1,10,10,10,10,10,10
d9d7f521db0d59bfcf08a59571553988cb5566c509399de984da96828b464c21,1,10,10,10,10,10,10
dbc1a0e3221f609f61731e082d5acf6e9efbd9200ab091c7bcba8a5761c11b11,1,10,10,10,10,10,10
dc77f673c660b9cea862c22d2bff14a7a3655448fbbe57c0fad1f9dafe426260,1,10,10,10,10,10,10
ddaa42a321466ff09afe913f1fb0ce835a470d2b1ab84c764d60255caaab5c5d,1,10,10,10,10,10,10
ddbfb54ee27700e4a93d553572f6c81fbd560edf7650ef1350670bdf65bf994d,1,10,10,10,10,10,10
de646090b34d74c09a10e46fdcdefc70c8cb3192393da2f0a8b3ee7f208ea781,1,10,10,10,10,10,10
dee67d5b8faa618c5524b7c33de5c58ce9e156bf75b7ac16c79e576598712e44,1,10,10,10,10,10,10
e0975cc54a4a79b9d0d33e0c6dad238fd032245532ca1e1f9a48c8f2a09b5986,1,10,10,10,10,10,10
e108e945ee7eb1dd2b4c44dbee15c7c0ad907dbcb688e1c1dab632c85342a8fe,1,10,10,10,10,10,10
e16d6c32b00616c9a194b18877a8b17268872295f291209382255e7816e4db3d,1,9,9,9,9,9,9
e254db769de85df29b7fc2a636674854a22e177eda5ac1f54a67f66d464ec814,1,10,10,10,10,10,10
e438f057dcad9c3c17b075e09c252c8b5f4d2b961e79e43eb9a7ceee505a336f,1,10,10,10,10,10,10
e51a199b46ce10629bf348454c432b069eb89fd33b1cc0744d6e2b1eebd22d4d,1,10,10,10,10,10,10
e59e7cf685a01d357fe7c238001b08066edc6416d51600baa087e7b32f963701,1,10,10,10,10,10,10
e61ca90f1ae794eedb19f31d31fc0b4ba46ea03510f584419bbbf037a857c102,1,10,10,10,10,10,10
e68324f2cad7ea1857633700ebf5cb04a5c8068dbd8fd58c0ac0f87691ecd071,1,10,10,10,10,10,10
e8a846e8455a848f4153573e8ae2225f7773f96d7bbea2f3a9343f93368b2b93,1,10,10,10,10,10,10
e9e9fae20081db599a3e3fbd3b7dcd5c49366684ecd0c6954d7663bd55085cd1,1,10,10,10,10,10,10
ea32eaa84e1ddec22b3e35669565255f1f756ad36def9e2de3c1ff86db23d182,1,10,10,10,10,10,10
ebb1f026e13826974ddb827eead97f614a40621fbeb683c11355fc9b77b0cd02,1,10,10,10,10,10,10
edcff280b884f84519a77878893f67c932b47b50ffea24e62920591c259810b5,1,10,10,10,10,10,10
f23ca3e6df95cacd892c5fa7ffaf29ef85fea41f3ecb0ddf3855012219318bf6,1,10,10,10,10,10,10
f493b198b7229563c47b6b788135d425b23b50f033b3cc9aa694a0eaf178dabc,1,10,10,10,10,10,10
f4a749fbd0417c7e240bf94323b8cfde5fa46d0131a07ecefadfd08bb9a9b3a2,1,10,10,10,10,10,10
f9c13be90b0f696f1b2cb37a139a7dc498e84d0448cf902b251cdf6e827ef254,1,10,10,10,10,10,10
f9dbad3cf0a9ba4bcfe12467a862b7c503a519202b01d801680676ac2d612f7d,1,10,10,10,10,10,10
f9f9a554a4dcd4063234622c0eeab73866c5e2c87eee1d595d70272769a6052d,1,10,10,10,10,10,10
fc432a9fe84b49994ee1950aabbed660704b2cb3ee6194d080f6e0c2efb6e777,1,10,10,10,10,10,10
fc4c9c801e0ced090b4339dd57ae58fa45fe95bfe9f465323155e70ff0f9dd55,1,9,9,9,9,9,9
fc531cf98af477bf3bad9b778cbd18c3ab06af70a32474b9a984f825acf54028,1,10,10,10,10,10,10
fd3c82305ad2604e20171acc551fee37785702a2457434c4c8afe259ef06cad0,1,9,9,9,9,9,9
fe4f2f192f8a49affab16769c0d0e9f0448bc9613c9d960800624364199621b5,1,10,10,10,10,10,10
fecbddf5678248fb3d177bf442bf694423cd97123574403bdafdabda18107eb4,1,10,10,10,10,10,10
