anomaly,anomaly_in_range,complete_windows,context_frames,cpu_seconds,first_frame,frames,ignore,instance_frame_count,labelled_instance_count,last_frame,max_rss_bytes,normal,segment,sequence,slots,source_sequence,startup_windows,states,timestamp_available,unknown_instance_points,version,visible,wall_seconds,whole_window_unseen,world
4815,4815,24,4,17.32896797,0,28,34568,28,1,27,750645248,3447878,0,000_00,3670016,206,0,"[0, 0, 0, 28]",0,0,synthetic/train/000,3487261,17.42432486699545,0,28dba7e1154c2197e6cd56f8a63c70585a5fe1a40b0358ee56c2f192054f867f
916,916,24,4,16.518896036999998,28,28,35796,28,1,55,717176832,3335614,1,000_01,3670016,206,0,"[0, 0, 0, 28]",0,0,synthetic/train/000,3372326,16.61047143000178,0,b0cb03d4694d816b58f5461deb6f35b74083a6d5aa0b179968805a7e4466ee6f
26866,26866,24,4,17.147686819,56,28,40762,28,1,83,811847680,3255662,2,000_02,3670016,206,0,"[0, 0, 0, 28]",0,0,synthetic/train/000,3323290,17.24225437900168,0,f0f97c3bc9b45533071c635a5e705b46a6a85a2b7bed9858ae9789cf8b052d77
2614,2614,24,4,16.392690834000003,84,28,53540,28,1,111,715096064,3374222,3,000_03,3670016,206,0,"[0, 0, 0, 28]",0,0,synthetic/train/000,3430376,16.51668060600059,0,cd37613b8b41cbe542110a289fde1ff3fdaa651cb4b76d9edad03c96f0949c5d
14328,14328,24,4,16.975660307000002,112,28,26039,28,1,139,748474368,3503044,4,000_04,3670016,206,0,"[0, 0, 0, 28]",0,0,synthetic/train/000,3543411,17.08433402099763,0,29474aa5d390cbbdf4d410b0d30768245c5a74145c0d6e4229e47aeadcbeb1ec
5016,5016,24,4,16.728037439,140,28,34845,28,1,167,735617024,3491968,5,000_05,3670016,206,0,"[0, 0, 0, 28]",0,0,synthetic/train/000,3531829,16.82686669897521,0,aa1ca4ccb9ca8ccb6e2c9108d4a1cf3eccc4daf515975e99c692f5d0cd292286
5111,5111,24,4,17.467330573,168,28,165364,28,1,195,740671488,3381135,6,000_06,3670016,206,0,"[0, 0, 0, 28]",0,0,synthetic/train/000,3551610,17.58757439200417,0,381e57438cb6d51f92c076f6b2836dadaceb1fb30ad903f79135d11ff268402b
50716,50716,24,4,18.757923778000002,196,28,81951,28,1,223,865599488,3415629,7,000_07,3670016,206,0,"[0, 0, 0, 28]",0,0,synthetic/train/000,3548296,18.855708594986936,0,0c337c0c8f7135e5bc2ee3607bb6fc9e9cbbea4df57daeba4a12ac02e37f00cd
8187,8187,24,4,16.312801648,224,28,322843,22,1,251,728203264,3277072,8,000_08,3670016,206,0,"[6, 0, 0, 22]",0,0,synthetic/train/000,3608102,16.421679744002176,2,be7d5a3e27c79d0b591f2b9deef6fa01095b86cf1d7e72257e3cdb0ec2145d3d
12250,12250,24,4,16.904325632,252,28,385409,28,1,279,764964864,3190018,9,000_09,3670016,206,0,"[0, 0, 0, 28]",0,0,synthetic/train/000,3587677,17.00534920897917,0,206413e0a9ac8a250b82721e9c49638e564fdbb16100a8b7d000deb54791d1b6
40174,40174,24,4,18.231156346,280,28,104806,28,1,307,815902720,3408130,10,000_10,3670016,206,0,"[0, 0, 0, 28]",0,0,synthetic/train/000,3553110,18.330610675999196,0,863934b8736278f912d3d5aeaf035b44d064a13e9c377eb9390aae61a22166fa
21739,21739,24,4,17.973264942,308,28,42641,28,1,335,793358336,3496509,11,000_11,3670016,206,0,"[0, 0, 0, 28]",0,0,synthetic/train/000,3560889,18.091180694987997,0,989d1f7ad084e7089c1dacbed5bbc4a6697b7479d38fe945508dd8a04f45032a
25823,25823,24,4,18.666493613000004,336,28,30312,28,1,363,816058368,3486102,12,000_12,3670016,206,0,"[0, 0, 0, 28]",0,0,synthetic/train/000,3542237,18.765311900991946,0,ba3495055db95bbb3cf2388866fa7de9bfa3b46003afff1024e521531c60e428
54504,54504,24,4,19.554990684000003,364,28,20462,28,1,391,866357248,3446539,13,000_13,3670016,206,0,"[0, 0, 0, 28]",0,0,synthetic/train/000,3521505,19.656789702974493,0,e62fd62c240449d026c126c3fe6051fa11b42494e31aa515f80e34705809da38
32808,32808,24,4,17.607888881999997,392,28,23970,28,1,419,777031680,3399045,14,000_14,3670016,206,0,"[0, 0, 0, 28]",0,0,synthetic/train/000,3455823,17.71994607200031,0,96d301f613b46b926404a6aa365fad1b1d9beee8a8168df043c0aedbffe82c26
74830,74830,25,4,19.379334657,420,29,29354,29,1,448,880750592,3477548,15,000_15,3801088,206,0,"[0, 0, 0, 29]",0,0,synthetic/train/000,3581732,19.470643680979265,0,7a4dc45b8649f521579eedd59dfb241ba123c28565e946c7a8b1b5dbb1198960
190,190,24,4,17.794877927,0,28,34568,28,1,27,764964864,3452503,0,001_00,3670016,206,0,"[0, 0, 11, 17]",0,0,synthetic/train/001,3487261,17.89351926901145,0,e34606f8f05ba0a9b337de8a9b78711afc4df1b0ca84c684e66153b3594a303d
18548,18548,24,4,17.503894074,28,28,35791,28,1,55,756846592,3318089,1,001_01,3670016,206,0,"[0, 0, 0, 28]",0,0,synthetic/train/001,3372428,17.609067503013648,0,b0cf79ae6c730aecd967fa39a8f0f34fde3be771b112d1fb1568435fd9a87f6f
4326,4326,24,4,16.902967892,56,28,40797,28,1,83,811847680,3278167,2,001_02,3670016,206,0,"[0, 0, 0, 28]",0,0,synthetic/train/001,3323290,17.010264606011333,0,2c6968537ddf8f7b043f9ad2d101824ccf8270ddc763dab9577376daaeb0861c
869,869,24,4,16.970304483000003,84,28,53540,28,1,111,772485120,3375880,3,001_03,3670016,206,0,"[0, 0, 0, 28]",0,0,synthetic/train/001,3430289,17.063406090979697,0,17a8ac8edbfaac830422e15a5900c0332938ab32defc8b7fdbe5f79796a3bc7c
13198,13198,24,4,17.603921764,112,28,26039,28,1,139,744235008,3503981,4,001_04,3670016,206,0,"[0, 0, 0, 28]",0,0,synthetic/train/001,3543218,17.698313689994393,0,434587e3f5eabc8c44edbf37ecbcce6b971f76732d3db141b5a2d62db3e9fd74
4889,4889,24,4,17.400276826000002,140,28,34845,28,1,167,793358336,3491764,5,001_05,3670016,206,0,"[0, 0, 0, 28]",0,0,synthetic/train/001,3531498,17.487289609009167,0,dcff7f41e60b6bd375c5a3a29e7b200f29c993dbdf15d146a3524e49603dc9ab
2728,2728,24,4,17.721163652999998,168,28,165365,23,1,195,815902720,3383518,6,001_06,3670016,206,0,"[5, 0, 0, 23]",0,0,synthetic/train/001,3551611,17.81675724501838,1,0beafb561fdb681c7605670d4553842dee0c8ba55061c475fb48d66370f4f259
10257,10257,24,4,18.006676127,196,28,81980,28,1,223,865599488,3455998,7,001_07,3670016,206,0,"[0, 0, 0, 28]",0,0,synthetic/train/001,3548235,18.117525162000675,0,8393c69894b8fda52d55f825aed8817a7794a5ab88a09ebab6859200846b974e
15999,15999,24,4,17.351472686,224,28,321444,28,1,251,811847680,3271799,8,001_08,3670016,206,0,"[0, 0, 0, 28]",0,0,synthetic/train/001,3609242,17.44828797201626,0,6a2f5a7d18157a9b6edf4a3f4f88330595dab054ace7247c5b61865eb0406f71
29643,29643,24,4,18.298669767,252,28,385410,28,1,279,799653888,3172655,9,001_09,3670016,206,0,"[0, 0, 0, 28]",0,0,synthetic/train/001,3587708,18.39584199700039,0,e611065431bb47f2e76e5fa456901a5785c77030a8e41eb0541b0dad3a151b11
5805,5805,24,4,17.70880375,280,28,105721,28,1,307,772485120,3440784,10,001_10,3670016,206,0,"[0, 0, 0, 28]",0,0,synthetic/train/001,3552310,17.848523758992087,0,fb7b486e55b425360062dcd5cbea955a06c2602919ad0d8a5bd2e7fdada8cf06
21521,21521,24,4,18.237660679999998,308,28,42641,28,1,335,798781440,3496729,11,001_11,3670016,206,0,"[0, 0, 0, 28]",0,0,synthetic/train/001,3560891,18.33281134799472,0,cfc8ea032195ed2fa1b0ab4a32cc901f02be264ea72884756f8e86ba739e07de
5788,5788,24,4,18.083375895000003,336,28,30312,28,1,363,775856128,3506144,12,001_12,3670016,206,0,"[0, 0, 0, 28]",0,0,synthetic/train/001,3542244,18.16337637399556,0,b8665f2499b3f0d53cad9d4546b7e658c31ce69703887860736f74992f7c6557
20480,20480,24,4,18.441893720000003,364,28,20552,28,1,391,816058368,3480387,13,001_13,3670016,206,0,"[0, 0, 0, 28]",0,0,synthetic/train/001,3521419,18.541184653004166,0,b344381b72c5b915b184951bfd972163480c0eceee777d8429d247d9766fbbe0
10650,10650,24,4,16.938093331000005,392,28,24155,28,1,419,745259008,3422577,14,001_14,3670016,206,0,"[0, 0, 0, 28]",0,0,synthetic/train/001,3457382,17.034998843009816,0,d3d39978577622762ed8c659722c89590033a199ef9b941e563651ab1af57ce5
45542,45542,25,4,18.293736951,420,29,30513,29,1,448,842039296,3504580,15,001_15,3801088,206,0,"[0, 0, 0, 29]",0,0,synthetic/train/001,3580635,18.408924729010323,0,01819a5b493e39ac6ba4a2a89b3c95fdeafd5467d9a0f8ae1a6495fe00249fa8
951,951,24,4,17.839902470999995,0,28,34568,28,1,27,837222400,3451742,0,002_00,3670016,206,0,"[0, 0, 0, 28]",0,0,synthetic/train/002,3487261,17.967063163989224,0,99b3bd78b412ac7882afbcc946a295c1a52933e095878f84ae6a1027f36a6a8b
34865,34865,24,4,18.293758661000005,28,28,35578,28,1,55,866357248,3301898,1,002_01,3670016,206,0,"[0, 0, 0, 28]",0,0,synthetic/train/002,3372341,18.413569915981498,0,72d0dbf225b067031a71d2f234348fc11e37ffdd4805866958c9db17658125f5
779,779,24,4,16.868213654999998,56,28,40797,28,1,83,880750592,3281714,2,002_02,3670016,206,0,"[0, 0, 0, 28]",0,0,synthetic/train/002,3323290,16.968499751994386,0,0c4ee844384b783fc2b7538a6e18fed572cc9be1f693c7814ac88e243b1f54d5
1251,1251,24,4,16.818778669000004,84,28,53540,22,1,111,865599488,3375641,3,002_03,3670016,206,0,"[6, 0, 2, 20]",0,0,synthetic/train/002,3430432,16.94250854398706,0,5181aee9547b78fa476f70db0278f3e344371013ca851467dc9a7aabac2756be
14774,14774,24,4,18.591829787,112,28,25852,28,1,139,811847680,3503497,4,002_04,3670016,206,0,"[0, 0, 0, 28]",0,0,synthetic/train/002,3544123,18.707787905994337,0,d2f40979bfe07c3f532dd8d90f37ce1b71baed42874167a3bcbc542b040b26fe
9375,9375,24,4,18.198035608999994,140,28,34837,28,1,167,761065472,3487286,5,002_05,3670016,206,0,"[0, 0, 0, 28]",0,0,synthetic/train/002,3531498,18.28250543901231,0,4d3c726bcedfb8da235ced2de3e03f02f8038348591bd2ecd9fc48e2953379d4
7116,7116,24,4,18.842645341,168,28,165365,28,1,195,772485120,3379129,6,002_06,3670016,206,0,"[0, 0, 0, 28]",0,0,synthetic/train/002,3551610,18.93562817000202,0,e38a21c3398a9391fd67cf2f8b3e8c0d7372bd8228357a8aa3e9897669ddf67d
102243,102243,24,4,22.204478605999995,196,28,81394,28,1,223,960258048,3364789,7,002_07,3670016,206,0,"[0, 0, 0, 28]",0,0,synthetic/train/002,3548426,22.28011742400122,0,9c5ae87f02d07a8636da0ffc460bf6995ea35f7d68f48972d86caf8c612047f1
3172,3172,24,4,17.613209789000003,224,28,322843,28,1,251,798781440,3282088,8,002_08,3670016,206,0,"[0, 0, 0, 28]",0,0,synthetic/train/002,3608103,17.702748589013936,0,bacd42c57397cb472ddc5ef33b1fa7fd052889a0c9d3a5f7b3828c8bb73ca8ab
5402,5402,24,4,18.058261561000002,252,28,385410,28,1,279,775856128,3196892,9,002_09,3670016,206,0,"[0, 0, 0, 28]",0,0,synthetic/train/002,3587704,18.143942622002214,0,144561c918b3bc0112e5c79a62c06b7e325bdc41d0502fcfda440315698ec6cb
13169,13169,24,4,18.421489514999998,280,28,105721,22,1,307,880750592,3434496,10,002_10,3670016,206,0,"[6, 0, 0, 22]",0,0,synthetic/train/002,3553386,18.506357792997733,2,6366288c70eb0516452fa683768a85fc6ea3ab0b0f30ee4483728817efc79a32
68146,68146,24,4,21.032193647,308,28,40114,28,1,335,894009344,3454789,11,002_11,3670016,206,0,"[0, 0, 0, 28]",0,0,synthetic/train/002,3563049,21.211155259021325,0,ec8dc7038ab1839a2ae9d5fa2e68982dcc9e7e9e0365faa7d5a3f6a54165bf69
12456,12456,24,4,19.23580915000001,336,28,30312,28,1,363,865599488,3499470,12,002_12,3670016,206,0,"[0, 0, 0, 28]",0,0,synthetic/train/002,3542238,19.40292106202105,0,53174360208a25ac521d7e1b6adcbc3972d94b829b571fc9ac63317d4c1e3e80
4529,4529,24,4,18.570183299,364,28,20552,28,1,391,842039296,3496330,13,002_13,3670016,206,0,"[0, 0, 0, 28]",0,0,synthetic/train/002,3521411,18.65654635397368,0,91e2ddddbf5e8df35d171d5c789def159b3ff0b969d5fa14a2c316d39464b61c
2286,2286,24,4,17.515435540999995,392,28,24155,28,1,419,837222400,3429382,14,002_14,3670016,206,0,"[0, 0, 0, 28]",0,0,synthetic/train/002,3455823,17.596103204996325,0,07710e8df26a90054a5ce1e77ca580a657bee5b554515e41764a1853e5a15fcb
14429,14429,25,4,18.06411646,420,29,30504,29,1,448,866357248,3535679,15,002_15,3801088,206,0,"[0, 0, 0, 29]",0,0,synthetic/train/002,3580612,18.17002388398396,0,ec0ab026a642ea7143d6cf7575923b12112b686f47b29abce5241b025ebc7144
91565,90427,24,4,20.860850076999995,0,28,33505,28,1,27,947056640,3363492,0,003_00,3670016,206,0,"[0, 0, 0, 28]",0,0,synthetic/train/003,3488562,20.93474983802298,0,df0663a1cdd9cd41cec707cf489c8dd8dd5a49568a3932030a743fa2de575813
18479,18479,24,4,17.80340861500001,28,28,35796,28,1,55,773304320,3318059,1,003_01,3670016,206,0,"[0, 0, 0, 28]",0,0,synthetic/train/003,3372334,17.925074692000635,0,496f9a91e5e44c47e946cc6b128221624ed906ceaa4dc6dc98ab2a04cc1ff729
26179,26179,24,4,17.74737288,56,28,40178,28,1,83,798781440,3257726,2,003_02,3670016,206,0,"[0, 0, 0, 28]",0,0,synthetic/train/003,3324083,17.95789740802138,0,64b09fe25a9be0b0495d06afb33216635d40ef9dc6eed6dd8358595f66fe8ffa
141502,64917,24,4,26.112392174999997,84,28,53394,28,1,111,994398208,3236455,3,003_03,3670016,206,0,"[0, 3, 0, 25]",0,0,synthetic/train/003,3431351,26.35031829800573,0,de6713bb7515febaea595117f583660ce970b8938a1fef61ea75a0fa403680d2
4110,4110,24,4,17.461443507,112,28,25953,28,1,139,788410368,3513180,4,003_04,3670016,206,0,"[0, 0, 0, 28]",0,0,synthetic/train/003,3543243,17.693986249010777,0,ccebbbe89a0f31cdefe20661169a430ece99dc570eaa2ffeb82eb3f432f96a5a
157,157,24,4,16.664483270000005,140,28,34845,12,1,167,837222400,3496496,5,003_05,3670016,206,0,"[16, 0, 1, 11]",0,0,synthetic/train/003,3531498,16.97680902000866,12,2c82b955ebe8e47e383effe37b9d8061e2c8eeac8c6f57d57a61ff4f6e99e722
5671,5671,24,4,17.93555670299999,168,28,165364,28,1,195,880750592,3381208,6,003_06,3670016,206,0,"[0, 0, 0, 28]",0,0,synthetic/train/003,3552243,18.245729724992998,0,0335b7d0877ff0f15cd74b80d32a9c1ca2b549ee3859eb29a6205f02a9b8e8d7
805,805,24,4,17.63023549600001,196,28,81980,28,1,223,842039296,3465450,7,003_07,3670016,206,0,"[0, 0, 0, 28]",0,0,synthetic/train/003,3548235,17.703776787995594,0,895d67ef0526dfbdd3d7919efea3fdf2990c876c180cc998e163bbb4fd09d80b
54366,25300,24,4,18.80738629000001,224,28,316703,28,1,251,866357248,3237078,8,003_08,3670016,206,0,"[0, 6, 0, 22]",0,0,synthetic/train/003,3608147,18.891612228995655,0,f57eb346cc29269865c7f6eda59d2722de4e7d6df78d1b636b4ff854d38fa5ab
17086,16305,24,4,17.692684596000007,252,28,385404,28,1,279,865599488,3185187,9,003_09,3670016,206,0,"[0, 0, 0, 28]",0,0,synthetic/train/003,3587677,17.840726319991518,0,5a54a9751b36b3474b1a1f1b4be836efd8e5eab781fec06a922787d674afad61
13994,13994,24,4,17.873304817999994,280,28,105721,28,1,307,894009344,3432596,10,003_10,3670016,206,0,"[0, 0, 0, 28]",0,0,synthetic/train/003,3552311,17.96586760599166,0,61280b6c40a4626ecd1fc470cc451a4125dddd3fd414a94cac0095509032b9e4
19827,19827,24,4,18.33046373900001,308,28,42641,28,1,335,960258048,3498426,11,003_11,3670016,206,0,"[0, 0, 0, 28]",0,0,synthetic/train/003,3560894,18.403701478004223,0,db5f67f4a45911bdf8d82e5ed6f211c1782b044b4e12d5f3194811a8cace177e
11926,11926,24,4,17.839295217,336,28,30312,28,1,363,789233664,3499999,12,003_12,3670016,206,0,"[0, 0, 0, 28]",0,0,synthetic/train/003,3542237,17.919665081019048,0,3c2aff7f7656e94276ad05f768b997ead876bc4bc4e28bca54e999f361038776
31508,31508,24,4,18.228112425999996,364,28,20552,28,1,391,837222400,3470595,13,003_13,3670016,206,0,"[0, 0, 0, 28]",0,0,synthetic/train/003,3522655,18.31120267600636,0,e183607763df2c5581f5a37dc228bf5dc95e7df48f42da71e05d07416275df7e
17994,17994,24,4,16.875675097,392,28,24155,28,1,419,798781440,3413674,14,003_14,3670016,206,0,"[0, 0, 0, 28]",0,0,synthetic/train/003,3455823,16.95636837198981,0,7ca60c506b2938c6d8d4d340bf148440d0c9fdae28779f0963442cf1aa2fa757
55717,55717,25,4,18.626972569000003,420,29,30260,29,1,448,851423232,3494635,15,003_15,3801088,206,0,"[0, 0, 0, 29]",0,0,synthetic/train/003,3580612,18.703851155994926,0,f0752199b78aad886666cce2e7eef4b019e99a8a2088b9b33d935b58a4c5a13c
3500,3500,24,4,17.133648418999996,0,28,34568,28,1,27,880750592,3449193,0,004_00,3670016,206,0,"[0, 0, 0, 28]",0,0,synthetic/train/004,3487261,17.20860113800154,0,f92eb739893e17ab63caa8551374ba1e013888a7b49a943fbd69676af5cd46f3
15573,15573,24,4,17.137791288000003,28,28,35787,28,1,55,842039296,3320980,1,004_01,3670016,206,0,"[0, 0, 0, 28]",0,0,synthetic/train/004,3372340,17.20495525500155,0,db95b06a6ff8405798a00ff4792e11f89b753b79d5493718b8396a82fca07a4a
10217,10217,24,4,16.921879869999998,56,28,40797,28,1,83,865599488,3272276,2,004_02,3670016,206,0,"[0, 0, 0, 28]",0,0,synthetic/train/004,3323290,17.00787773000775,0,01c60b20b670766149a0a42a6f030fcbacc6ffcb93fc44a60cfa5ab1d7a4f722
286,286,24,4,16.296237024000007,84,28,53540,20,1,111,947056640,3376484,3,004_03,3670016,206,0,"[8, 0, 7, 13]",0,0,synthetic/train/004,3430310,16.373374194983626,3,47617e196a8cdf748a04c7c685f016719076363564e143a1aca408e445f24df3
705159,51588,24,4,92.52309702600002,112,28,17830,28,1,139,2295959552,2853577,4,004_04,3670016,206,0,"[0, 10, 0, 18]",0,0,synthetic/train/004,3576566,92.62881487898994,0,7708235bd463938585bed7b614d197b5693cee22318944e6015182d7d57e5e3f
8320,8320,24,4,17.007146754000004,140,28,34845,28,1,167,894009344,3488382,5,004_05,3670016,206,0,"[0, 0, 0, 28]",0,0,synthetic/train/004,3531547,17.09317920601461,0,4dcc06905a96b813d67a2ff68960437ec9587dca080db17ff3c4f9632f000786
17187,17187,24,4,17.85218721800001,168,28,165365,28,1,195,960258048,3369096,6,004_06,3670016,206,0,"[0, 0, 0, 28]",0,0,synthetic/train/004,3551648,17.9417745769897,0,ffa9bff491d281483f27d42cda7c1c5db3897bfc67592db37777c3f2ca4e80af
16652,16652,24,4,17.439936212999996,196,28,81980,28,1,223,994398208,3449603,7,004_07,3670016,206,0,"[0, 0, 0, 28]",0,0,synthetic/train/004,3548235,17.54578636199585,0,9442be96d7ece184e300df48ad60a9daf34cc9a616ce327b9675c710c3d5ab64
612,612,24,4,16.38764237800001,224,28,322843,28,1,251,798781440,3284646,8,004_08,3670016,206,0,"[0, 0, 0, 28]",0,0,synthetic/train/004,3608101,16.473074289009674,0,f85d59679c4e40e27120928b10c2a3879e7ddadad2636668746a8a432f1b29eb
866,866,24,4,16.95021273399999,252,28,385410,28,1,279,789233664,3201406,9,004_09,3670016,206,0,"[0, 0, 0, 28]",0,0,synthetic/train/004,3587682,17.03118109499337,0,ac0be0b64ceb89ae8a44d9bb20c52b454160db3343956a5908b0c35bed489e6c
38137,38137,24,4,18.552480405999987,280,28,104945,28,1,307,837222400,3411651,10,004_10,3670016,206,0,"[0, 0, 0, 28]",0,0,synthetic/train/004,3554733,18.619699322007364,0,1891e0dacfcff8828dbcdb313cfae1b2a592bbcc3e05b1cde800b8815091f8b6
8853,8853,24,4,17.3626718,308,28,42641,28,1,335,880750592,3509540,11,004_11,3670016,206,0,"[0, 0, 3, 25]",0,0,synthetic/train/004,3561034,17.43454370298423,0,c476f5ddadf1673c5579875fe79cc5803e20aec28d0d2a2258d012f92a9a67d0
11452,11452,24,4,18.000654098,336,28,30312,28,1,363,842039296,3500473,12,004_12,3670016,206,0,"[0, 0, 0, 28]",0,0,synthetic/train/004,3542237,18.07002602398279,0,571328a63e86bb122ee32381a37536df5d6500a69b7318cff8050a96e953dbae
2297,2297,24,4,17.543363909000007,364,28,20552,28,1,391,851423232,3498562,13,004_13,3670016,206,0,"[0, 0, 0, 28]",0,0,synthetic/train/004,3521411,17.606063304003328,0,9f1e82cecbfcc602930e9f528eeb84a24178eea1118c2a105c43f10cd1c6decc
3952,3952,24,4,16.455409060999997,392,28,24155,28,1,419,947056640,3427716,14,004_14,3670016,206,0,"[0, 0, 0, 28]",0,0,synthetic/train/004,3455823,16.52741127999616,0,4a5c157bf1d805ecab2b851c91c6c6598f59ddd8f8937451c9891e1b145abee0
60114,60114,25,4,19.390337415999994,420,29,30087,29,1,448,865599488,3491104,15,004_15,3801088,206,0,"[0, 0, 0, 29]",0,0,synthetic/train/004,3581305,19.48863502801396,0,2c7f988a4eeca765bf984dcc62bb87826e52feae01c62abae1a15530c5e7e448
146707,40885,24,4,24.513823474999995,0,28,30837,28,1,27,1022164992,3316835,0,005_00,3670016,206,0,"[0, 11, 0, 17]",0,0,synthetic/train/005,3494379,24.59623903100146,0,e72595ea624fce05d0a834f196674448c50b927d3e100ff5ba76eb6f096c4249
36949,36949,24,4,18.4904097,28,28,35248,28,1,55,960258048,3300756,1,005_01,3670016,206,0,"[0, 0, 0, 28]",0,0,synthetic/train/005,3372953,18.57615103799617,0,02d98ac3f23536cc3568bbb98f2ef03b29569f97462d7a64a50ecf8f53a18caa
29065,29065,24,4,17.733075976999984,56,28,40791,28,1,83,994398208,3253470,2,005_02,3670016,206,0,"[0, 0, 0, 28]",0,0,synthetic/train/005,3323326,17.83282361199963,0,772a750eaa0b86078c283e5f87aa8492b41dbdf7cf74a88083209174c84d044b
4633,4633,24,4,17.077341328000003,84,28,53540,28,1,111,798781440,3372431,3,005_03,3670016,206,0,"[0, 0, 0, 28]",0,0,synthetic/train/005,3430604,17.159377563017188,0,4bfd8a2295ab37a6b79ff2b9560e503e4614fff5d90e75f3aa0e6effcbda843f
16588,16588,24,4,17.717296841999982,112,28,26033,28,1,139,789233664,3501159,4,005_04,3670016,206,0,"[0, 0, 0, 28]",0,0,synthetic/train/005,3543780,17.785456609009998,0,03549c8b255afe8a8853910ce57d1798bbe5a51f337e22bdde4b5d573dfa672f
5526,5526,24,4,17.31588852,140,28,34845,28,1,167,947056640,3491222,5,005_05,3670016,206,0,"[0, 0, 0, 28]",0,0,synthetic/train/005,3531593,17.387051937985234,0,62a0d4e82b9e2d679886af4a847b114753bdf354085181193711c2876a53c224
38384,38384,24,4,19.19486904499999,168,28,165317,28,1,195,880750592,3347909,6,005_06,3670016,206,0,"[0, 0, 0, 28]",0,0,synthetic/train/005,3551610,19.255311682005413,0,7089ab38a421fb5db53eafab93daf81f4b5ab7ec29694c0745984e824c816331
11072,11072,24,4,17.704773298999996,196,28,81980,28,1,223,851423232,3455183,7,005_07,3670016,206,0,"[0, 0, 0, 28]",0,0,synthetic/train/005,3548235,17.769527731026756,0,612702a29041313e848660c4379bc4e722b786fd096f602825bd175709a6bccc
5621,5621,24,4,16.966500642,224,28,322820,28,1,251,837222400,3279811,8,005_08,3670016,206,0,"[0, 0, 0, 28]",0,0,synthetic/train/005,3608252,17.033992753975326,0,be2519046e18f372f1c95241b2a6a70bf1b6bf0e41a6a29e8269727e13ffa13f
18816,18816,24,4,17.853050578999998,252,28,385374,28,1,279,842039296,3183487,9,005_09,3670016,206,0,"[0, 0, 0, 28]",0,0,synthetic/train/005,3587677,17.92085923301056,0,616a724dc51024e36f1217c0fa0307dd5b73e6f21c51571c9c4f139563b360e2
24678,24678,24,4,18.365044724,280,28,105721,28,1,307,865599488,3421911,10,005_10,3670016,206,0,"[0, 0, 0, 28]",0,0,synthetic/train/005,3552310,18.4294019700028,0,0b4ec538d8b02f0d50badc8bb1c3fc3a61eca0ac34504022735326519d619d86
84528,74533,24,4,20.348256274999983,308,28,42479,28,1,335,960258048,3434876,11,005_11,3670016,206,0,"[0, 0, 0, 28]",0,0,synthetic/train/005,3561883,20.435954413027503,0,b8ebab70162d8f2628826966e9656a4a2ca7c9ba6d7a70da456bd8cda9aaa3e7
478,478,24,4,17.59199778599998,336,28,30283,26,1,363,994398208,3511476,12,005_12,3670016,206,0,"[2, 0, 0, 26]",0,0,synthetic/train/005,3542237,17.67347453898401,0,42b9841c765b6463396494b824ff0ce9d554ba866ab8bbfddbda8e0918e5e348
9475,9475,24,4,18.019659742000016,364,28,20552,28,1,391,1022164992,3491499,13,005_13,3670016,206,0,"[0, 0, 0, 28]",0,0,synthetic/train/005,3521526,18.110365586995613,0,72221a66a401296bd9675580df87e044390ca924de023a1a04cab2e3047a3b91
2296,2296,24,4,16.667695500000008,392,28,24155,28,1,419,798781440,3429454,14,005_14,3670016,206,0,"[0, 0, 0, 28]",0,0,synthetic/train/005,3455905,16.751927470992086,0,49cfacaec088e584db9338dddda2aff6874038d46cd0e254033c47a5bed2c6a8
14882,14882,25,4,17.338433758000008,420,29,30513,29,1,448,789233664,3535217,15,005_15,3801088,206,0,"[0, 0, 0, 29]",0,0,synthetic/train/005,3580612,17.433753796009114,0,54bc3a1057314480b45c580668a553f308fd2d6d13956b83740ee7b2e9d61ac7
35015,35015,24,4,18.802894331000005,0,28,34566,28,1,27,947056640,3419754,0,006_00,3670016,206,0,"[0, 0, 0, 28]",0,0,synthetic/train/006,3489335,18.88302745600231,0,93ff7d0f80c5b1f7dc6b512a0d336d913b148b981251bbd8571355cca0ff40e7
26719,26719,24,4,17.917941594000013,28,28,35515,28,1,55,837222400,3310140,1,006_01,3670016,206,0,"[0, 0, 0, 28]",0,0,synthetic/train/006,3372374,17.9913230210077,0,c4bac683d5cccca868cbfe6c95b295c3d2dc50891f5f87b4becb7dfc1b3f6018
7245,7245,24,4,17.290173526000018,56,28,40797,28,1,83,851423232,3275259,2,006_02,3670016,206,0,"[0, 0, 0, 28]",0,0,synthetic/train/006,3323301,17.368347151001217,0,8a7180cd6e47cd76f92a30e96fe02a1310e8ee6cfc0634f982e5474cb7ea6458
765,765,24,4,16.856938138000004,84,28,53540,24,1,111,842039296,3376025,3,006_03,3670016,206,0,"[4, 0, 2, 22]",0,0,synthetic/train/006,3430330,16.94110933400225,0,4e19dc38a62d162e5bd8acfdadbf7f82e364fb39dfe95e45d9a32f2312a2a58b
2502,2502,24,4,17.503222332000007,112,28,26039,28,1,139,880750592,3514657,4,006_04,3670016,206,0,"[0, 0, 0, 28]",0,0,synthetic/train/006,3543198,17.59423938501277,0,0d84bb67e08ed060a510e92816a8661f577d5a11ae586fa45fd2ecacc7767ca8
35493,35493,24,4,18.77044286200001,140,28,34787,28,1,167,865599488,3461347,5,006_05,3670016,206,0,"[0, 0, 0, 28]",0,0,synthetic/train/006,3531627,18.86775285299518,0,dbf2f3397718631540089a81aa01547d22477a72ce7261d9bcecb13f07e9f332
20429,20429,24,4,18.777660202999982,168,28,165098,28,1,195,960258048,3366084,6,006_06,3670016,206,0,"[0, 0, 0, 28]",0,0,synthetic/train/006,3551611,18.86059014001512,0,9ff871e98b5e2c712cc27ac665ad774d1d8dbdf697c5452f7c3da3dc8dd07dd1
20306,20306,24,4,18.426294367999986,196,28,81976,28,1,223,994398208,3446264,7,006_07,3670016,206,0,"[0, 0, 0, 28]",0,0,synthetic/train/006,3548546,18.503844691993436,0,054be06d3b3827af6a301cf2b7d341406abd19e75befe270edcc9efd79eae46f
2586,2586,24,4,17.337174771000008,224,28,322843,28,1,251,1022164992,3282672,8,006_08,3670016,206,0,"[0, 0, 0, 28]",0,0,synthetic/train/006,3608101,17.42763138600276,0,45f675202d246d5c8d1c2ea11439d7c08827559c8e3166ae34b85e840a7ba556
3933,3933,24,4,17.684039534999982,252,28,385410,28,1,279,798781440,3198335,9,006_09,3670016,206,0,"[0, 0, 0, 28]",0,0,synthetic/train/006,3587678,17.77679446298862,0,53bfeaa872c1d3ffa5170402f2b383b1666c2499cfb0f1c4eb2327cea6f2618c
2039,2039,24,4,18.018795916999977,280,28,105721,28,1,307,789233664,3444550,10,006_10,3670016,206,0,"[0, 0, 0, 28]",0,0,synthetic/train/006,3552310,18.109587473998545,0,e33791675959e82c8e0b882b513cca24d1fa8f2d68225b8d03e7b5e19a1e3260
4740,4740,24,4,18.225800434000007,308,28,42641,28,1,335,851423232,3515099,11,006_11,3670016,206,0,"[0, 0, 0, 28]",0,0,synthetic/train/006,3562480,18.312286285014125,0,7e721828386bc4a9a3826ce33030b573984b6096f230fdb896af43888834c5ea
1513,1513,24,4,18.420342118999997,336,28,30312,28,1,363,842039296,3510412,12,006_12,3670016,206,0,"[0, 0, 0, 28]",0,0,synthetic/train/006,3542237,18.503387639997527,0,98d63b5bac29f7a441d70e311126ac6c4423dbbccb89742ddd86129c700e49ba
1984,1984,24,4,18.369507403,364,28,20552,28,1,391,947056640,3498875,13,006_13,3670016,206,0,"[0, 0, 0, 28]",0,0,synthetic/train/006,3521411,18.447065775020747,0,7d77bb3bebad2c1ab27745a967fd9ab9c6b12b47807e5a2fd5b9b752352ed9b7
5722,5722,24,4,17.42740704800002,392,28,24155,28,1,419,837222400,3425959,14,006_14,3670016,206,0,"[0, 0, 0, 28]",0,0,synthetic/train/006,3455836,17.513379573007114,0,60bbed786eed91265fcf0bf85ca713c3795daf0dbfc30b7894e69d8c6249abc8
8257,8257,25,4,17.553720174999995,420,29,30513,29,1,448,880750592,3541842,15,006_15,3801088,206,0,"[0, 0, 0, 29]",0,0,synthetic/train/006,3580612,17.666948181024054,0,309de72eaf06a26ed12f49e65143acf0b5b00f236ffb976e6d3924b2b5d8b2da
9891,9891,24,4,18.715556865999986,0,28,34554,28,1,27,865599488,3442906,0,007_00,3670016,206,0,"[0, 0, 0, 28]",0,0,synthetic/train/007,3487351,18.80702193302568,0,83be141e57292bc328320a47b6012e72b63e3a21b08726f31720d277f9035907
1764,1764,24,4,17.44613006,28,28,35796,28,1,55,994398208,3334766,1,007_01,3670016,206,0,"[0, 0, 0, 28]",0,0,synthetic/train/007,3372326,17.522589274012716,0,c9a4dbcfa520cac7bef48be054eece4c28f65c893bd39ae90d3ba702a17eabb7
6119,6119,24,4,17.326610695,56,28,40797,28,1,83,960258048,3277243,2,007_02,3670016,206,0,"[0, 0, 0, 28]",0,0,synthetic/train/007,3324159,17.409554323006887,0,39d86ed235a1c610e1ab39d835f927ab590fae43400f4ff284b315f9531b12a1
312,312,24,4,17.15284417800001,84,28,53540,28,1,111,1022164992,3376442,3,007_03,3670016,206,0,"[0, 0, 1, 27]",0,0,synthetic/train/007,3430294,17.25834181398386,0,059c56fa05085e89f3598c28115415300bacc3cb512fa04ecc97ea28269177bb
14375,14375,24,4,17.89678990599998,112,28,26037,28,1,139,798781440,3503399,4,007_04,3670016,206,0,"[0, 0, 0, 28]",0,0,synthetic/train/007,3543811,17.97702608499094,0,1c776a1347607a8a76c319bdfbbb90962193dbd2576a6c868855dcfa0a0b8723
4494,4494,24,4,17.857282064999993,140,28,34845,28,1,167,789233664,3492159,5,007_05,3670016,206,0,"[0, 0, 0, 28]",0,0,synthetic/train/007,3531498,17.957942271983484,0,18ca1af6ce024318a5dc92d9afee63027e2ac2187b0210137bfa6767cd4bd65f
1584,1584,24,4,18.266287481000006,168,28,165365,26,1,195,837222400,3384662,6,007_06,3670016,206,0,"[2, 0, 0, 26]",0,0,synthetic/train/007,3551611,18.350553904019762,0,4cc949784b4b722458511dae9678afda1c14767ce04fe8a5542241f731b168bf
9878,9878,24,4,18.283140935000006,196,28,81937,28,1,223,851423232,3456420,7,007_07,3670016,206,0,"[0, 0, 0, 28]",0,0,synthetic/train/007,3548235,18.354321310005616,0,50d89857c66e99ea5b09768622dcd34a432e376aa0d75c2ed05bcd0c196b30cb
35585,35585,24,4,18.792560216,224,28,321730,28,1,251,947056640,3252660,8,007_08,3670016,206,0,"[0, 0, 0, 28]",0,0,synthetic/train/007,3609975,18.871675431000767,0,bea8e965a452ed0bd54250a35bb20401c743f196fa5b0314f3bc62372489e729
510,510,24,4,17.57877848000001,252,28,385410,28,1,279,842039296,3201757,9,007_09,3670016,206,0,"[0, 0, 1, 27]",0,0,synthetic/train/007,3587677,17.655899473000318,0,dab8946393d497c039090afa39141fa620cc291a3c266f1cfe936c1ec3f08f9d
1116,1116,24,4,17.92554344200002,280,28,105567,28,1,307,880750592,3445628,10,007_10,3670016,206,0,"[0, 0, 0, 28]",0,0,synthetic/train/007,3552311,18.01093556600972,0,35fe097b212c30a76c7c5cd8e29acd6fb2f068e3f216b3f86fca1551b985ff3f
25403,25403,24,4,19.230111370999992,308,28,42641,28,1,335,865599488,3492845,11,007_11,3670016,206,0,"[0, 0, 0, 28]",0,0,synthetic/train/007,3560889,19.35591281700181,0,4df7547a88e274b7bc3e6609c9879d6059ae675150909d1274987090f60e4178
5085,5085,24,4,18.51757693900001,336,28,30312,28,1,363,2295959552,3506840,12,007_12,3670016,206,0,"[0, 0, 0, 28]",0,0,synthetic/train/007,3542237,18.60308646399062,0,f97350f08b90d7814ef8f6541d8eba4f6833439074b698b9879b090e161dcfeb
36688,36688,24,4,19.823104305000015,364,28,20479,28,1,391,994398208,3464275,13,007_13,3670016,206,0,"[0, 0, 0, 28]",0,0,synthetic/train/007,3521442,19.914963896007976,0,6528161e9778c3c766eafae8383b4418ea09fe6e5119753e6da13690de19d5a2
13644,13644,24,4,17.910359397000008,392,28,24155,28,1,419,960258048,3418024,14,007_14,3670016,206,0,"[0, 0, 0, 28]",0,0,synthetic/train/007,3455823,17.99388711800566,0,d9ae0591b257245be35cbc75273624e312d1aa90961567a73229d0bfa5817ce4
28991,28991,25,4,18.389079732,420,29,30419,29,1,448,1022164992,3521373,15,007_15,3801088,206,0,"[0, 0, 0, 29]",0,0,synthetic/train/007,3580783,18.485605793015566,0,ab82a7d93fe93e51a6ecc91cc1fd4bf4154c63c7baa04796b9d0e13406fe9d2e
