案例,视角,固定排序失分百分点,该视角累计失分比例,有效点次,观测次数,各召回区间失分,同帧错序概率,跨帧错序概率,对应训练素材,训练素材学习表现,训练素材池内错序概率,验证观测池内错序概率,原因类别,原因证据,修改方案,区分原因的小实验,支持的解释,已排除的解释,仍缺的证据,本次原计算失分,精度修正后失分,配对失分减少,尚未核对素材的失分百分点,尚未确认原因的失分百分点,主要对侧案例
P125:1,异常对象,13.227128784157108,55.715443352911784,25871,210,"[0.0030700620825262447, 0.12215423195287925, 3.219024955971522, 5.280279867075848, 2.27326303276206, 1.9501174278347726, 0.37921920647750224]",0.0008159385838521432,0.0006774603593704315,stu 记录5340 / 素材42744 / BCE=2.5057e-10 / 错序率=3.6491e-06 / 访问1次；stu 记录5466 / 素材43751 / BCE=5.5979e-08 / 错序率=2.9726e-06 / 访问1次；stu 记录5225 / 素材41825 / BCE=0.00081713 / 错序率=7.4866e-05 / 访问1次；stu 记录5139 / 素材41137 / BCE=1.4092e-06 / 错序率=5.9115e-06 / 访问2次；nuscenes 记录3887 / 素材30966 / BCE=4.056e-15 / 错序率=2.1573e-07 / 访问1次；nuscenes 记录2503 / 素材19831 / BCE=1.9191e-14 / 错序率=1.0335e-07 / 访问2次,近邻训练 BCE=0.004530219818620516; 验证观测 BCE=0.6055147223631325; 均仅为分类诊断,2.4962216325441642e-05,0.0008927590032624912,位置编码数值损失有正向干预证据；其余原因待查,已检索到分类损失较低的训练近邻；几何、响应和背景等价尚未证实，泛化差异不能认定为学错；同帧错序率不低于跨帧，不支持用跨扫描偏移统一解释；前三个近邻世界的543条既有观测已检查，未选最近素材按查询失分加权BCE=0.000656393；描述更近不等于几何与响应已覆盖；固定权重和全部输入，仅修正位置编码运算精度，本项配对失分为13.22902473→11.76397162个百分点，减少1.46505311个百分点；上游被检查的全部特征值相同，差异首次出现在旋转位置编码；修正C起点的素材干预见transfer.json：修正后重算三个既有训练世界的543个观测，9个已选观测415点的BCE为0.000274，未选观测42731点的BCE为0.002274；这些候选大多已识别，真实125仍持续失分。 本次仅改变正常局部监督，P125失分由未加权组的11.001595变为10.149511，75%全局召回下漏检由14400变为13881。该变化包含共享参数与全局排序的影响，不能据此解释为异常几何覆盖已经补齐。,保留精度修正和已验证候选，不据此扩产这三个几何，也不更换交互模块。,固定现有异常候选的几何、位姿和射线，逐项核验其表面响应及邻接关系与失败/成功观测的差异；只在训练来源构造单因素对照，真实125仅评价。,固定权重和全部输入，仅修正位置编码运算精度，本项配对失分为13.22902473→11.76397162个百分点，减少1.46505311个百分点；上游被检查的全部特征值相同，差异首次出现在旋转位置编码；修正后重算三个既有训练世界的543个观测，9个已选观测415点的BCE为0.000274，未选观测42731点的BCE为0.002274；这些候选大多已识别，真实125仍持续失分。 本次仅改变正常局部监督，P125失分由未加权组的11.001595变为10.149511，75%全局召回下漏检由14400变为13881。该变化包含共享参数与全局排序的影响，不能据此解释为异常几何覆盖已经补齐。,增加素材、改变标签、增加更新次数不能解释本次配对变化；仍未排除它们与剩余错误有关；当前结果不支持优先增加这三个世界的重复观测；尚不能排除其他几何、响应或背景关系覆盖不足。,真实物体与候选的形态、表面响应和背景关系仍未证实等价；AP分摊下降不能直接等同于本物体各召回点的漏检减少。,13.229024727868902,11.763971616166874,1.4650531117020282,0.0,13.227128784157108,N125:30:1.5063；N141:75:1.37726；N147:49:0.680626；N148:46:0.628241；N153:73:0.610345
P141:4,异常对象,1.801100200681466,63.302055522605045,15929,285,"[0.18017157263211303, 0.3751022717206478, 0.6487404037939178, 0.40527668989731713, 0.14180574720652248, 0.05000351543094779, 0.0]",3.807420055615657e-05,5.198157709363271e-05,stu 记录5153 / 素材41249 / BCE=9.8425e-05 / 错序率=9.7247e-05 / 访问1次；nuscenes 记录3368 / 素材26691 / BCE=4.628e-06 / 错序率=5.1113e-05 / 访问1次；stu 记录5080 / 素材40665 / BCE=3.4589 / 错序率=0.028449 / 访问1次；nuscenes 记录2040 / 素材16216 / BCE=1.8373e-06 / 错序率=6.8653e-06 / 访问1次；nuscenes 记录464 / 素材3655 / BCE=2.0456e-06 / 错序率=2.5508e-06 / 访问2次；nuscenes 记录868 / 素材6848 / BCE=9.5098e-16 / 错序率=8.9041e-08 / 访问1次,近邻训练 BCE=0.6618952570277153; 验证观测 BCE=0.18210048540251947; 均仅为分类诊断,0.005257018618801842,0.00024454659769033196,位置编码数值损失有正向干预证据；其余原因待查,已检索到分类损失较低的训练近邻；几何、响应和背景等价尚未证实，泛化差异不能认定为学错；跨帧错序率较高，但尚未排除正常结构组成差异；5080在全描述最近邻中对应0.32028个AP百分点，仅几何最近邻中对应0.00000；尚未确认其相关性，不能归为没学够；固定权重和全部输入，仅修正位置编码运算精度，本项配对失分为1.80226918→1.66802997个百分点，减少0.13423920个百分点；上游被检查的全部特征值相同，差异首次出现在旋转位置编码,先修正位置编码精度并单独保留修正后评价；原C权重与原结果保留。剩余错误按原素材核验继续，不由本实验增加训练量或改取样,先复核141仅几何近邻与真实失败观测，5080暂不作为拟合依据；相关素材确认后执行focus.json中最多40步的四帧拟合检查，并同时检查独立观测,固定权重和全部输入，仅修正位置编码运算精度，本项配对失分为1.80226918→1.66802997个百分点，减少0.13423920个百分点；上游被检查的全部特征值相同，差异首次出现在旋转位置编码,增加素材、改变标签、增加更新次数不能解释本次配对变化；仍未排除它们与剩余错误有关,尚未区分剩余错误的覆盖、优化和泛化原因；本次排序分摊变化含其他点改变排名的影响，不能全部当作该点自身修复,1.8022691752555342,1.6680299726076924,0.13423920264784184,0.0,1.801100200681466,N141:75:0.24411；N125:30:0.184643；N141:1:0.121349；N147:49:0.114042；N153:73:0.102827
P169:1,异常对象,1.7625100981305275,70.72611807871661,2334,63,"[0.0, 0.004084282181787497, 0.08289937819540852, 0.3478410735813017, 0.33254748294569403, 0.7452151192784233, 0.24992276194791208]",0.0033342826347944653,0.004122780681027047,stu 记录5466 / 素材43751 / BCE=5.5979e-08 / 错序率=2.9726e-06 / 访问1次；nuscenes 记录2289 / 素材18165 / BCE=7.2068e-16 / 错序率=4.516e-08 / 访问2次；nuscenes 记录1370 / 素材10942 / BCE=7.7606e-10 / 错序率=6.6442e-07 / 访问1次；stu 记录5339 / 素材42736 / BCE=7.7255e-08 / 错序率=1.4351e-05 / 访问1次；stu 记录5041 / 素材40353 / BCE=1.4871e-06 / 错序率=2.3443e-05 / 访问1次；stu 记录5316 / 素材42552 / BCE=1.8962e-05 / 错序率=2.935e-05 / 访问2次,近邻训练 BCE=0.053525479038441424; 验证观测 BCE=1.9848544320511565; 均仅为分类诊断,0.00022795772402275428,0.004845375855603034,位置编码数值损失有正向干预证据；其余原因待查,已检索到分类损失较低的训练近邻；几何、响应和背景等价尚未证实，泛化差异不能认定为学错；跨帧错序率较高，但尚未排除正常结构组成差异；固定权重和全部输入，仅修正位置编码运算精度，本项配对失分为1.76265470→1.62361767个百分点，减少0.13903703个百分点；上游被检查的全部特征值相同，差异首次出现在旋转位置编码,先修正位置编码精度并单独保留修正后评价；原C权重与原结果保留。剩余错误按原素材核验继续，不由本实验增加训练量或改取样,本轮未启动本项原因实验；后续从P169:1的第352帧及正常侧N125:30核验素材，再指定唯一改动,固定权重和全部输入，仅修正位置编码运算精度，本项配对失分为1.76265470→1.62361767个百分点，减少0.13903703个百分点；上游被检查的全部特征值相同，差异首次出现在旋转位置编码,增加素材、改变标签、增加更新次数不能解释本次配对变化；仍未排除它们与剩余错误有关,尚未区分剩余错误的覆盖、优化和泛化原因；本次排序分摊变化含其他点改变排名的影响，不能全部当作该点自身修复,1.7626546973438526,1.6236176696719657,0.13903702767188686,0.0,1.7625100981305275,N125:30:0.223309；N141:75:0.168309；N147:49:0.0776768；N148:46:0.0768271；N150:90:0.067941
P143:3,异常对象,1.3694198996406284,76.4944021931167,3085,91,"[0.00538268027543858, 0.021344561565922068, 0.37001354747759707, 0.506615759553818, 0.2806110963131191, 0.15379567200658895, 0.03165658244814457]",0.00169532247141025,0.0005234214515779794,stu 记录5466 / 素材43751 / BCE=5.5979e-08 / 错序率=2.9726e-06 / 访问1次；stu 记录5225 / 素材41825 / BCE=0.00081713 / 错序率=7.4866e-05 / 访问1次；nuscenes 记录3030 / 素材23993 / BCE=1.5016e-11 / 错序率=2.2857e-06 / 访问2次；stu 记录5229 / 素材41857 / BCE=3.1267e-06 / 错序率=1.6215e-05 / 访问2次；nuscenes 记录2154 / 素材17122 / BCE=2.308e-06 / 错序率=9.8077e-06 / 访问1次；stu 记录5108 / 素材40889 / BCE=0.0034263 / 错序率=8.3548e-05 / 访问1次,近邻训练 BCE=0.021319793557928044; 验证观测 BCE=0.6616425887016947; 均仅为分类诊断,0.00012494023182652912,0.0009647167526698958,位置编码数值损失有正向干预证据；其余原因待查,已检索到分类损失较低的训练近邻；几何、响应和背景等价尚未证实，泛化差异不能认定为学错；同帧错序率不低于跨帧，不支持用跨扫描偏移统一解释；固定权重和全部输入，仅修正位置编码运算精度，本项配对失分为1.37056874→1.32985302个百分点，减少0.04071572个百分点；上游被检查的全部特征值相同，差异首次出现在旋转位置编码,先修正位置编码精度并单独保留修正后评价；原C权重与原结果保留。剩余错误按原素材核验继续，不由本实验增加训练量或改取样,本轮未启动本项原因实验；后续从P143:3的第312帧及正常侧N125:30核验素材，再指定唯一改动,固定权重和全部输入，仅修正位置编码运算精度，本项配对失分为1.37056874→1.32985302个百分点，减少0.04071572个百分点；上游被检查的全部特征值相同，差异首次出现在旋转位置编码,增加素材、改变标签、增加更新次数不能解释本次配对变化；仍未排除它们与剩余错误有关,尚未区分剩余错误的覆盖、优化和泛化原因；本次排序分摊变化含其他点改变排名的影响，不能全部当作该点自身修复,1.3705687442294023,1.3298530201368461,0.040715724092556194,0.0,1.3694198996406284,N125:30:0.154263；N141:75:0.145523；N147:49:0.0724245；N148:46:0.0658136；N153:73:0.0648399
P150:4,异常对象,0.6786199422884373,79.3528918600514,4113,156,"[0.0349610465548795, 0.12594909218200184, 0.3166022525976664, 0.13415524169820237, 0.04241590762345671, 0.019113899394208357, 0.00542250223802207]",3.2214175758635795e-05,8.540885793448724e-05,stu 记录5466 / 素材43751 / BCE=5.5979e-08 / 错序率=2.9726e-06 / 访问1次；nuscenes 记录2621 / 素材20786 / BCE=2.9127e-13 / 错序率=7.8544e-07 / 访问1次；stu 记录5229 / 素材41857 / BCE=3.1267e-06 / 错序率=1.6215e-05 / 访问2次；stu 记录5343 / 素材42768 / BCE=0.0013509 / 错序率=0.00010726 / 访问2次；stu 记录5225 / 素材41825 / BCE=0.00081713 / 错序率=7.4866e-05 / 访问1次；nuscenes 记录4774 / 素材38217 / BCE=1.7799e-09 / 错序率=6.0798e-07 / 访问1次,近邻训练 BCE=0.16251595734021243; 验证观测 BCE=0.17749360617877538; 均仅为分类诊断,0.0008892579970554365,0.00027270431000000995,位置编码数值损失有正向干预证据；其余原因待查,已检索到分类损失较低的训练近邻；几何、响应和背景等价尚未证实，泛化差异不能认定为学错；跨帧错序率较高，但尚未排除正常结构组成差异；固定权重和全部输入，仅修正位置编码运算精度，本项配对失分为0.67898235→0.64692282个百分点，减少0.03205953个百分点；上游被检查的全部特征值相同，差异首次出现在旋转位置编码,先修正位置编码精度并单独保留修正后评价；原C权重与原结果保留。剩余错误按原素材核验继续，不由本实验增加训练量或改取样,本轮未启动本项原因实验；后续从P150:4的第262帧及正常侧N141:75核验素材，再指定唯一改动,固定权重和全部输入，仅修正位置编码运算精度，本项配对失分为0.67898235→0.64692282个百分点，减少0.03205953个百分点；上游被检查的全部特征值相同，差异首次出现在旋转位置编码,增加素材、改变标签、增加更新次数不能解释本次配对变化；仍未排除它们与剩余错误有关,尚未区分剩余错误的覆盖、优化和泛化原因；本次排序分摊变化含其他点改变排名的影响，不能全部当作该点自身修复,0.6789823458642551,0.6469228206058585,0.032059525258396615,0.0,0.6786199422884373,N141:75:0.0901983；N125:30:0.069833；N147:49:0.0432263；N153:73:0.0406442；N148:46:0.0359693
P142:3,异常对象,0.6324794324554004,82.01702801279367,981,55,"[0.00094576466219136, 0.009265044663191772, 0.0812791000116701, 0.056340132612581084, 0.0560305878992887, 0.19220814274609746, 0.23641065986037996]",0.011470073534669242,0.009804638826669583,nuscenes 记录4063 / 素材32411 / BCE=2.062e-11 / 错序率=2.1502e-06 / 访问1次；stu 记录5436 / 素材43511 / BCE=7.367e-06 / 错序率=2.4246e-05 / 访问2次；nuscenes 记录1092 / 素材8674 / BCE=2.472e-11 / 错序率=2.1524e-06 / 访问1次；stu 记录5080 / 素材40665 / BCE=3.4589 / 错序率=0.028449 / 访问1次；nuscenes 记录2154 / 素材17122 / BCE=2.308e-06 / 错序率=9.8077e-06 / 访问1次；stu 记录5229 / 素材41857 / BCE=3.1267e-06 / 错序率=1.6215e-05 / 访问2次,近邻训练 BCE=0.6702242333686457; 验证观测 BCE=3.1016038430816764; 均仅为分类诊断,0.004630703925954178,0.016131473128475748,位置编码数值损失有正向干预证据；其余原因待查,已检索到分类损失较低的训练近邻；几何、响应和背景等价尚未证实，泛化差异不能认定为学错；同帧错序率不低于跨帧，不支持用跨扫描偏移统一解释；固定权重和全部输入，仅修正位置编码运算精度，本项配对失分为0.63267032→0.62291123个百分点，减少0.00975909个百分点；上游被检查的全部特征值相同，差异首次出现在旋转位置编码,先修正位置编码精度并单独保留修正后评价；原C权重与原结果保留。剩余错误按原素材核验继续，不由本实验增加训练量或改取样,本轮未启动本项原因实验；后续从P142:3的第343帧及正常侧N125:30核验素材，再指定唯一改动,固定权重和全部输入，仅修正位置编码运算精度，本项配对失分为0.63267032→0.62291123个百分点，减少0.00975909个百分点；上游被检查的全部特征值相同，差异首次出现在旋转位置编码,增加素材、改变标签、增加更新次数不能解释本次配对变化；仍未排除它们与剩余错误有关,尚未区分剩余错误的覆盖、优化和泛化原因；本次排序分摊变化含其他点改变排名的影响，不能全部当作该点自身修复,0.6326703173305134,0.6229112317998848,0.009759085530628542,0.0,0.6324794324554004,N125:30:0.0828887；N141:75:0.0634989；N147:49:0.0273885；N148:46:0.0272516；N150:90:0.0259936
P141:5,异常对象,0.49957446608396233,84.12134054500403,2460,267,"[0.012746741150466602, 0.05761939992021656, 0.23431652479343434, 0.11773111117694673, 0.04285837951852585, 0.03323221463384844, 0.0010700948905237994]",0.00016731533373035828,0.0001272124483614394,nuscenes 记录3338 / 素材26452 / BCE=1.9941e-05 / 错序率=3.6661e-05 / 访问1次；nuscenes 记录1290 / 素材10291 / BCE=0.0001776 / 错序率=4.5286e-05 / 访问2次；stu 记录5381 / 素材43072 / BCE=6.961e-11 / 错序率=6.0155e-06 / 访问2次；stu 记录5229 / 素材41857 / BCE=3.1267e-06 / 错序率=1.6215e-05 / 访问2次；stu 记录5633 / 素材45082 / BCE=0.0010292 / 错序率=0.00013474 / 访问1次；stu 记录5466 / 素材43751 / BCE=5.5979e-08 / 错序率=2.9726e-06 / 访问1次,近邻训练 BCE=0.8037995267011164; 验证观测 BCE=0.2720633608138006; 均仅为分类诊断,0.024783396805821763,0.00035160496914275454,位置编码数值损失有正向干预证据；其余原因待查,同传感器近邻训练候选也有较大分类损失；是否为可信相关素材、是否训练不足尚未区分；同帧错序率不低于跨帧，不支持用跨扫描偏移统一解释；固定权重和全部输入，仅修正位置编码运算精度，本项配对失分为0.49984135→0.48902253个百分点，减少0.01081881个百分点；上游被检查的全部特征值相同，差异首次出现在旋转位置编码,先修正位置编码精度并单独保留修正后评价；原C权重与原结果保留。剩余错误按原素材核验继续，不由本实验增加训练量或改取样,本轮未启动本项原因实验；后续从P141:5的第467帧及正常侧N141:75核验素材，再指定唯一改动,固定权重和全部输入，仅修正位置编码运算精度，本项配对失分为0.49984135→0.48902253个百分点，减少0.01081881个百分点；上游被检查的全部特征值相同，差异首次出现在旋转位置编码,增加素材、改变标签、增加更新次数不能解释本次配对变化；仍未排除它们与剩余错误有关,尚未区分剩余错误的覆盖、优化和泛化原因；本次排序分摊变化含其他点改变排名的影响，不能全部当作该点自身修复,0.4998413467547003,0.48902253299308246,0.010818813761617863,0.0,0.49957446608396233,N141:75:0.0630311；N125:30:0.0533124；N147:49:0.0304688；N153:73:0.0285326；N148:46:0.0260528
P139:7,异常对象,0.406802048552794,85.83487617785725,2844,99,"[0.012778083718819756, 0.09734576660865489, 0.20493132950810725, 0.080513616669863, 0.009469018829473675, 0.0017642332178754347, 0.0]",1.2896290100035099e-05,5.399317639964174e-05,nuscenes 记录1290 / 素材10291 / BCE=0.0001776 / 错序率=4.5286e-05 / 访问2次；nuscenes 记录1280 / 素材10213 / BCE=1.1314e-12 / 错序率=8.2628e-07 / 访问1次；stu 记录5235 / 素材41904 / BCE=0.0016442 / 错序率=0.00018478 / 访问1次；stu 记录5512 / 素材44119 / BCE=0.00011903 / 错序率=0.00010152 / 访问1次；nuscenes 记录3546 / 素材28149 / BCE=1.7131e-08 / 错序率=3.582e-06 / 访问1次；nuscenes 记录3552 / 素材28202 / BCE=8.0863e-11 / 错序率=4.7268e-07 / 访问1次,近邻训练 BCE=0.06819894050150317; 验证观测 BCE=0.04938391918442189; 均仅为分类诊断,0.00027261602222149054,0.00013603285854272578,位置编码数值缺陷已定位；本项未获益，失分原因待查,已检索到分类损失较低的训练近邻；几何、响应和背景等价尚未证实，泛化差异不能认定为学错；跨帧错序率较高，但尚未排除正常结构组成差异；固定权重和全部输入，仅修正位置编码运算精度，本项配对失分为0.40737237→0.41873830个百分点，减少-0.01136593个百分点；上游被检查的全部特征值相同，差异首次出现在旋转位置编码,先修正位置编码精度并单独保留修正后评价；原C权重与原结果保留。剩余错误按原素材核验继续，不由本实验增加训练量或改取样,本轮未启动本项原因实验；后续从P139:7的第382帧及正常侧N141:75核验素材，再指定唯一改动,固定权重和全部输入，仅修正位置编码运算精度，本项配对失分为0.40737237→0.41873830个百分点，减少-0.01136593个百分点；上游被检查的全部特征值相同，差异首次出现在旋转位置编码,增加素材、改变标签、增加更新次数不能解释本次配对变化；仍未排除它们与剩余错误有关,尚未区分剩余错误的覆盖、优化和泛化原因；本次排序分摊变化含其他点改变排名的影响，不能全部当作该点自身修复,0.40737237148642147,0.4187383032459588,-0.011365931759537318,0.0,0.406802048552794,N141:75:0.0586534；N125:30:0.0425165；N147:49:0.0275872；N153:73:0.0263241；N148:46:0.0226022
P142:2,异常对象,0.3692963287290302,87.39042984483183,615,59,"[0.00019887334452412225, 0.003661365539636339, 0.048310486924428325, 0.10407638996766766, 0.08769765603821851, 0.08990428451167368, 0.03544727240288155]",0.0012718273202838258,0.0014759217226642464,stu 记录5074 / 素材40617 / BCE=3.8361e-05 / 错序率=2.1149e-05 / 访问1次；stu 记录5399 / 素材43216 / BCE=0.00060057 / 错序率=7.394e-05 / 访问1次；nuscenes 记录3220 / 素材25517 / BCE=5.8291e-16 / 错序率=3.6263e-08 / 访问1次；nuscenes 记录3338 / 素材26452 / BCE=1.9941e-05 / 错序率=3.6661e-05 / 访问1次；stu 记录5431 / 素材43471 / BCE=0.00083449 / 错序率=2.8297e-05 / 访问1次；nuscenes 记录1680 / 素材13374 / BCE=2.3089e-16 / 错序率=3.4855e-09 / 访问2次,近邻训练 BCE=0.5697208164059651; 验证观测 BCE=1.3171083059147657; 均仅为分类诊断,0.0014971886078690851,0.002165135207342485,位置编码数值损失有正向干预证据；其余原因待查,已检索到分类损失较低的训练近邻；几何、响应和背景等价尚未证实，泛化差异不能认定为学错；跨帧错序率较高，但尚未排除正常结构组成差异；固定权重和全部输入，仅修正位置编码运算精度，本项配对失分为0.36894111→0.34812837个百分点，减少0.02081275个百分点；上游被检查的全部特征值相同，差异首次出现在旋转位置编码,先修正位置编码精度并单独保留修正后评价；原C权重与原结果保留。剩余错误按原素材核验继续，不由本实验增加训练量或改取样,本轮未启动本项原因实验；后续从P142:2的第341帧及正常侧N125:30核验素材，再指定唯一改动,固定权重和全部输入，仅修正位置编码运算精度，本项配对失分为0.36894111→0.34812837个百分点，减少0.02081275个百分点；上游被检查的全部特征值相同，差异首次出现在旋转位置编码,增加素材、改变标签、增加更新次数不能解释本次配对变化；仍未排除它们与剩余错误有关,尚未区分剩余错误的覆盖、优化和泛化原因；本次排序分摊变化含其他点改变排名的影响，不能全部当作该点自身修复,0.36894111171099375,0.3481283659761451,0.020812745734848648,0.0,0.3692963287290302,N125:30:0.0445416；N141:75:0.0365673；N147:49:0.0175584；N148:46:0.016721；N153:73:0.0147799
P148:2,异常对象,0.2748555001442478,88.5481789148239,3050,115,"[0.048780344890635534, 0.06028891118358071, 0.11996368832787424, 0.026887072978407943, 0.009693404226198177, 0.009242078537551181, 0.0]",3.99519802939857e-05,3.2645094800017686e-05,stu 记录5108 / 素材40889 / BCE=0.0034263 / 错序率=8.3548e-05 / 访问1次；stu 记录5466 / 素材43751 / BCE=5.5979e-08 / 错序率=2.9726e-06 / 访问1次；stu 记录5319 / 素材42576 / BCE=0.00076484 / 错序率=0.00010048 / 访问1次；stu 记录5343 / 素材42768 / BCE=0.0013509 / 错序率=0.00010726 / 访问2次；stu 记录5229 / 素材41857 / BCE=3.1267e-06 / 错序率=1.6215e-05 / 访问2次；stu 记录5225 / 素材41825 / BCE=0.00081713 / 错序率=7.4866e-05 / 访问1次,近邻训练 BCE=0.12063993946627241; 验证观测 BCE=0.12739216176324994; 均仅为分类诊断,0.0006628700041173127,0.00016078156848970662,位置编码数值损失有正向干预证据；其余原因待查,已检索到分类损失较低的训练近邻；几何、响应和背景等价尚未证实，泛化差异不能认定为学错；同帧错序率不低于跨帧，不支持用跨扫描偏移统一解释；固定权重和全部输入，仅修正位置编码运算精度，本项配对失分为0.27506211→0.26381035个百分点，减少0.01125177个百分点；上游被检查的全部特征值相同，差异首次出现在旋转位置编码,先修正位置编码精度并单独保留修正后评价；原C权重与原结果保留。剩余错误按原素材核验继续，不由本实验增加训练量或改取样,本轮未启动本项原因实验；后续从P148:2的第194帧及正常侧N141:1核验素材，再指定唯一改动,固定权重和全部输入，仅修正位置编码运算精度，本项配对失分为0.27506211→0.26381035个百分点，减少0.01125177个百分点；上游被检查的全部特征值相同，差异首次出现在旋转位置编码,增加素材、改变标签、增加更新次数不能解释本次配对变化；仍未排除它们与剩余错误有关,尚未区分剩余错误的覆盖、优化和泛化原因；本次排序分摊变化含其他点改变排名的影响，不能全部当作该点自身修复,0.27506211293718774,0.26381034727037456,0.011251765666813185,0.0,0.2748555001442478,N141:1:0.0380734；N141:75:0.0365677；N125:30:0.0255992；N147:49:0.0173726；N153:73:0.0154354
P138:5,异常对象,0.2635666916342352,89.65837715339025,2079,83,"[0.019936959268205857, 0.051081265766500794, 0.1131022424185496, 0.050999239051735326, 0.014224731348375748, 0.0131093550078634, 0.0011128987730044122]",2.456772861678538e-05,7.013564277372283e-05,stu 记录5080 / 素材40665 / BCE=3.4589 / 错序率=0.028449 / 访问1次；nuscenes 记录4063 / 素材32411 / BCE=2.062e-11 / 错序率=2.1502e-06 / 访问1次；stu 记录5542 / 素材44357 / BCE=0.0024631 / 错序率=7.0079e-05 / 访问2次；nuscenes 记录1088 / 素材8640 / BCE=6.7741e-05 / 错序率=9.3417e-05 / 访问1次；stu 记录5343 / 素材42768 / BCE=0.0013509 / 错序率=0.00010726 / 访问2次；nuscenes 记录1092 / 素材8674 / BCE=2.472e-11 / 错序率=2.1524e-06 / 访问1次,近邻训练 BCE=0.3036370906534743; 验证观测 BCE=0.19320761714746282; 均仅为分类诊断,0.002265960945712293,0.00029628387345149884,位置编码数值缺陷已定位；本项未获益，失分原因待查,已检索到分类损失较低的训练近邻；几何、响应和背景等价尚未证实，泛化差异不能认定为学错；跨帧错序率较高，但尚未排除正常结构组成差异；固定权重和全部输入，仅修正位置编码运算精度，本项配对失分为0.26362750→0.27056620个百分点，减少-0.00693870个百分点；上游被检查的全部特征值相同，差异首次出现在旋转位置编码,先修正位置编码精度并单独保留修正后评价；原C权重与原结果保留。剩余错误按原素材核验继续，不由本实验增加训练量或改取样,本轮未启动本项原因实验；后续从P138:5的第368帧及正常侧N141:75核验素材，再指定唯一改动,固定权重和全部输入，仅修正位置编码运算精度，本项配对失分为0.26362750→0.27056620个百分点，减少-0.00693870个百分点；上游被检查的全部特征值相同，差异首次出现在旋转位置编码,增加素材、改变标签、增加更新次数不能解释本次配对变化；仍未排除它们与剩余错误有关,尚未区分剩余错误的覆盖、优化和泛化原因；本次排序分摊变化含其他点改变排名的影响，不能全部当作该点自身修复,0.2636275042087575,0.2705662021704763,-0.006938697961718754,0.0,0.2635666916342352,N141:75:0.0356824；N125:30:0.0271718；N147:49:0.0168015；N153:73:0.015422；N141:1:0.0148208
P147:2,异常对象,0.23642064763990925,90.65423055559023,2811,111,"[0.04126886706124149, 0.06112525447059547, 0.08991763231876782, 0.026647345988236787, 0.011779495391235382, 0.005682052409832324, 0.0]",2.8469030522699563e-05,3.127881260773343e-05,stu 记录5466 / 素材43751 / BCE=5.5979e-08 / 错序率=2.9726e-06 / 访问1次；stu 记录5343 / 素材42768 / BCE=0.0013509 / 错序率=0.00010726 / 访问2次；nuscenes 记录2116 / 素材16826 / BCE=1.0405e-10 / 错序率=1.065e-06 / 访问1次；nuscenes 记录2220 / 素材17632 / BCE=2.3444e-11 / 错序率=3.595e-06 / 访问1次；stu 记录5552 / 素材44437 / BCE=3.6549e-08 / 错序率=1.2844e-05 / 访问2次；nuscenes 记录247 / 素材1950 / BCE=1.8586e-05 / 错序率=2.7534e-05 / 访问2次,近邻训练 BCE=0.05893101315037025; 验证观测 BCE=0.09856670911075707; 均仅为分类诊断,0.0002662292146671048,0.0001413577207559534,位置编码数值损失有正向干预证据；其余原因待查,已检索到分类损失较低的训练近邻；几何、响应和背景等价尚未证实，泛化差异不能认定为学错；跨帧错序率较高，但尚未排除正常结构组成差异；固定权重和全部输入，仅修正位置编码运算精度，本项配对失分为0.23662363→0.23591233个百分点，减少0.00071130个百分点；上游被检查的全部特征值相同，差异首次出现在旋转位置编码,先修正位置编码精度并单独保留修正后评价；原C权重与原结果保留。剩余错误按原素材核验继续，不由本实验增加训练量或改取样,本轮未启动本项原因实验；后续从P147:2的第283帧及正常侧N141:75核验素材，再指定唯一改动,固定权重和全部输入，仅修正位置编码运算精度，本项配对失分为0.23662363→0.23591233个百分点，减少0.00071130个百分点；上游被检查的全部特征值相同，差异首次出现在旋转位置编码,增加素材、改变标签、增加更新次数不能解释本次配对变化；仍未排除它们与剩余错误有关,尚未区分剩余错误的覆盖、优化和泛化原因；本次排序分摊变化含其他点改变排名的影响，不能全部当作该点自身修复,0.23662362929891453,0.23591233188080135,0.0007112974181131826,0.0,0.23642064763990925,N141:75:0.0331646；N141:1:0.028063；N125:30:0.0228261；N147:49:0.0150944；N153:73:0.0134625
P146:2,异常对象,0.2167531511911516,91.56724033373806,1455,57,"[0.015257000979335626, 0.026931554067646787, 0.0866088415149565, 0.04826688027459117, 0.012434981804494274, 0.011819365530946539, 0.015434527019180716]",0.000411901141441164,0.00022226963444041837,stu 记录5466 / 素材43751 / BCE=5.5979e-08 / 错序率=2.9726e-06 / 访问1次；nuscenes 记录121 / 素材951 / BCE=4.9952e-11 / 错序率=9.2704e-07 / 访问1次；stu 记录5318 / 素材42568 / BCE=4.0383e-05 / 错序率=3.1674e-05 / 访问2次；stu 记录5343 / 素材42768 / BCE=0.0013509 / 错序率=0.00010726 / 访问2次；nuscenes 记录1216 / 素材9700 / BCE=3.7485e-15 / 错序率=1.9105e-07 / 访问2次；nuscenes 记录4556 / 素材36417 / BCE=1.7733e-15 / 错序率=4.4344e-08 / 访问1次,近邻训练 BCE=0.28585000609237343; 验证观测 BCE=0.4836661684457208; 均仅为分类诊断,0.001248149162399432,0.0010720996547482016,位置编码数值损失有正向干预证据；其余原因待查,已检索到分类损失较低的训练近邻；几何、响应和背景等价尚未证实，泛化差异不能认定为学错；同帧错序率不低于跨帧，不支持用跨扫描偏移统一解释；固定权重和全部输入，仅修正位置编码运算精度，本项配对失分为0.21677477→0.20396494个百分点，减少0.01280983个百分点；上游被检查的全部特征值相同，差异首次出现在旋转位置编码,先修正位置编码精度并单独保留修正后评价；原C权重与原结果保留。剩余错误按原素材核验继续，不由本实验增加训练量或改取样,本轮未启动本项原因实验；后续从P146:2的第371帧及正常侧N141:75核验素材，再指定唯一改动,固定权重和全部输入，仅修正位置编码运算精度，本项配对失分为0.21677477→0.20396494个百分点，减少0.01280983个百分点；上游被检查的全部特征值相同，差异首次出现在旋转位置编码,增加素材、改变标签、增加更新次数不能解释本次配对变化；仍未排除它们与剩余错误有关,尚未区分剩余错误的覆盖、优化和泛化原因；本次排序分摊变化含其他点改变排名的影响，不能全部当作该点自身修复,0.21677477276361695,0.20396494108443158,0.012809831679185368,0.0,0.2167531511911516,N141:75:0.0275732；N125:30:0.0232162；N147:49:0.0129599；N153:73:0.0117336；N148:46:0.0110108
P144:5,异常对象,0.21469103071122794,92.47156402750119,3281,79,"[0.015323539686536387, 0.15590868419509019, 0.03894621432497644, 0.004512592504624879, 0.0, 0.0, 0.0]",1.5441191235631284e-05,1.2327570081502735e-05,nuscenes 记录1290 / 素材10291 / BCE=0.0001776 / 错序率=4.5286e-05 / 访问2次；nuscenes 记录1280 / 素材10213 / BCE=1.1314e-12 / 错序率=8.2628e-07 / 访问1次；stu 记录5460 / 素材43703 / BCE=1.9573 / 错序率=0.0044747 / 访问2次；stu 记录5039 / 素材40337 / BCE=0.90914 / 错序率=0.0020795 / 访问1次；stu 记录5216 / 素材41753 / BCE=0.17696 / 错序率=0.00082975 / 访问2次；nuscenes 记录866 / 素材6830 / BCE=6.4759e-07 / 错序率=9.5387e-07 / 访问1次,近邻训练 BCE=1.262038794029392; 验证观测 BCE=0.0017271280880449872; 均仅为分类诊断,0.0029330420887644813,2.4923968547591804e-05,位置编码数值缺陷已定位；本项未获益，失分原因待查,同传感器近邻训练候选也有较大分类损失；是否为可信相关素材、是否训练不足尚未区分；同帧错序率不低于跨帧，不支持用跨扫描偏移统一解释；固定权重和全部输入，仅修正位置编码运算精度，本项配对失分为0.21496499→0.25571292个百分点，减少-0.04074793个百分点；上游被检查的全部特征值相同，差异首次出现在旋转位置编码,先修正位置编码精度并单独保留修正后评价；原C权重与原结果保留。剩余错误按原素材核验继续，不由本实验增加训练量或改取样,本轮未启动本项原因实验；后续从P144:5的第311帧及正常侧N141:75核验素材，再指定唯一改动,固定权重和全部输入，仅修正位置编码运算精度，本项配对失分为0.21496499→0.25571292个百分点，减少-0.04074793个百分点；上游被检查的全部特征值相同，差异首次出现在旋转位置编码,增加素材、改变标签、增加更新次数不能解释本次配对变化；仍未排除它们与剩余错误有关,尚未区分剩余错误的覆盖、优化和泛化原因；本次排序分摊变化含其他点改变排名的影响，不能全部当作该点自身修复,0.2149649881208145,0.2557129226985642,-0.04074793457774972,0.0,0.21469103071122794,N141:75:0.0422002；N125:30:0.0239394；N147:49:0.017166；N153:73:0.015858；N141:1776:0.0143566
P149:3,异常对象,0.20909035300777093,93.35229649096658,2344,102,"[0.03584400319005855, 0.053411384911359897, 0.09771740030610376, 0.020651543655061718, 0.0014660209451869918, 0.0, 0.0]",1.0512973936172921e-05,2.325728650487532e-05,stu 记录5542 / 素材44357 / BCE=0.0024631 / 错序率=7.0079e-05 / 访问2次；nuscenes 记录3552 / 素材28202 / BCE=8.0863e-11 / 错序率=4.7268e-07 / 访问1次；stu 记录5229 / 素材41857 / BCE=3.1267e-06 / 错序率=1.6215e-05 / 访问2次；nuscenes 记录1290 / 素材10291 / BCE=0.0001776 / 错序率=4.5286e-05 / 访问2次；nuscenes 记录866 / 素材6830 / BCE=6.4759e-07 / 错序率=9.5387e-07 / 访问1次；nuscenes 记录4063 / 素材32411 / BCE=2.062e-11 / 错序率=2.1502e-06 / 访问1次,近邻训练 BCE=0.07287107435082985; 验证观测 BCE=0.009781069296767449; 均仅为分类诊断,0.0002692807753587179,6.231912165008414e-05,位置编码数值损失有正向干预证据；其余原因待查,已检索到分类损失较低的训练近邻；几何、响应和背景等价尚未证实，泛化差异不能认定为学错；跨帧错序率较高，但尚未排除正常结构组成差异；固定权重和全部输入，仅修正位置编码运算精度，本项配对失分为0.20880830→0.20773472个百分点，减少0.00107358个百分点；上游被检查的全部特征值相同，差异首次出现在旋转位置编码,先修正位置编码精度并单独保留修正后评价；原C权重与原结果保留。剩余错误按原素材核验继续，不由本实验增加训练量或改取样,本轮未启动本项原因实验；后续从P149:3的第203帧及正常侧N141:75核验素材，再指定唯一改动,固定权重和全部输入，仅修正位置编码运算精度，本项配对失分为0.20880830→0.20773472个百分点，减少0.00107358个百分点；上游被检查的全部特征值相同，差异首次出现在旋转位置编码,增加素材、改变标签、增加更新次数不能解释本次配对变化；仍未排除它们与剩余错误有关,尚未区分剩余错误的覆盖、优化和泛化原因；本次排序分摊变化含其他点改变排名的影响，不能全部当作该点自身修复,0.20880829838423834,0.20773472224029935,0.0010735761439389924,0.0,0.20909035300777093,N141:75:0.0302421；N141:1:0.0268273；N125:30:0.0194705；N147:49:0.0139395；N153:73:0.0127197
P152:1,异常对象,0.1635800359393774,94.04132994446739,1029,61,"[0.009915662544227084, 0.02323134130920923, 0.04278550212980402, 0.046936666647975085, 0.020180557368276383, 0.020530305939885606, 0.0]",8.017603866376776e-05,0.00013438769571165224,nuscenes 记录3338 / 素材26452 / BCE=1.9941e-05 / 错序率=3.6661e-05 / 访问1次；stu 记录5552 / 素材44437 / BCE=3.6549e-08 / 错序率=1.2844e-05 / 访问2次；stu 记录5208 / 素材41689 / BCE=0.005972 / 错序率=0.0001426 / 访问2次；stu 记录5442 / 素材43559 / BCE=0.00098769 / 错序率=2.6876e-05 / 访问1次；stu 记录5319 / 素材42576 / BCE=0.00076484 / 错序率=0.00010048 / 访问1次；nuscenes 记录1870 / 素材14898 / BCE=1.8873e-06 / 错序率=3.6812e-06 / 访问1次,近邻训练 BCE=0.14237872495488865; 验证观测 BCE=0.36707535344150777; 均仅为分类诊断,0.000583702474439944,0.00045241355926286733,位置编码数值缺陷已定位；本项未获益，失分原因待查,已检索到分类损失较低的训练近邻；几何、响应和背景等价尚未证实，泛化差异不能认定为学错；跨帧错序率较高，但尚未排除正常结构组成差异；固定权重和全部输入，仅修正位置编码运算精度，本项配对失分为0.16360777→0.17263641个百分点，减少-0.00902864个百分点；上游被检查的全部特征值相同，差异首次出现在旋转位置编码,先修正位置编码精度并单独保留修正后评价；原C权重与原结果保留。剩余错误按原素材核验继续，不由本实验增加训练量或改取样,本轮未启动本项原因实验；后续从P152:1的第397帧及正常侧N141:75核验素材，再指定唯一改动,固定权重和全部输入，仅修正位置编码运算精度，本项配对失分为0.16360777→0.17263641个百分点，减少-0.00902864个百分点；上游被检查的全部特征值相同，差异首次出现在旋转位置编码,增加素材、改变标签、增加更新次数不能解释本次配对变化；仍未排除它们与剩余错误有关,尚未区分剩余错误的覆盖、优化和泛化原因；本次排序分摊变化含其他点改变排名的影响，不能全部当作该点自身修复,0.16360776910562289,0.17263640807363226,-0.009028638968009373,0.0,0.1635800359393774,N141:75:0.0203382；N125:30:0.0178514；N147:49:0.00956594；N153:73:0.00847174；N148:46:0.00819861
P151:1,异常对象,0.16117144760985727,94.72021791826327,1054,51,"[0.009179022699183045, 0.02097109435286875, 0.08331540614244937, 0.030014311672696137, 0.007451685008224283, 0.0036425633864735863, 0.006597364347962098]",0.0002072412936222949,0.00013071416436821919,stu 记录5343 / 素材42768 / BCE=0.0013509 / 错序率=0.00010726 / 访问2次；nuscenes 记录1216 / 素材9700 / BCE=3.7485e-15 / 错序率=1.9105e-07 / 访问2次；nuscenes 记录4666 / 素材37316 / BCE=0.035152 / 错序率=0.00038689 / 访问1次；stu 记录5319 / 素材42576 / BCE=0.00076484 / 错序率=0.00010048 / 访问1次；nuscenes 记录4666 / 素材37317 / BCE=0.30516 / 错序率=0.001257 / 访问1次；stu 记录5466 / 素材43751 / BCE=5.5979e-08 / 错序率=2.9726e-06 / 访问1次,近邻训练 BCE=0.5315423160198468; 验证观测 BCE=0.2936617775988851; 均仅为分类诊断,0.0016034966085385315,0.0005960102999692664,位置编码数值损失有正向干预证据；其余原因待查,已检索到分类损失较低的训练近邻；几何、响应和背景等价尚未证实，泛化差异不能认定为学错；同帧错序率不低于跨帧，不支持用跨扫描偏移统一解释；固定权重和全部输入，仅修正位置编码运算精度，本项配对失分为0.16091585→0.15401835个百分点，减少0.00689750个百分点；上游被检查的全部特征值相同，差异首次出现在旋转位置编码,先修正位置编码精度并单独保留修正后评价；原C权重与原结果保留。剩余错误按原素材核验继续，不由本实验增加训练量或改取样,本轮未启动本项原因实验；后续从P151:1的第251帧及正常侧N141:75核验素材，再指定唯一改动,固定权重和全部输入，仅修正位置编码运算精度，本项配对失分为0.16091585→0.15401835个百分点，减少0.00689750个百分点；上游被检查的全部特征值相同，差异首次出现在旋转位置编码,增加素材、改变标签、增加更新次数不能解释本次配对变化；仍未排除它们与剩余错误有关,尚未区分剩余错误的覆盖、优化和泛化原因；本次排序分摊变化含其他点改变排名的影响，不能全部当作该点自身修复,0.16091584752171054,0.15401834751940183,0.00689750000230871,0.0,0.16117144760985727,N141:75:0.0211865；N125:30:0.0168292；N147:49:0.0101174；N153:73:0.00943062；N148:46:0.00850898
P150:2,异常对象,0.15243029205709197,95.36228630974571,686,125,"[0.0010619627226058723, 0.017736882075937734, 0.0872782759637008, 0.035012921854617386, 0.009314780828529571, 0.0020254686117005634, 0.0]",8.181897903661004e-05,0.000107329993710202,stu 记录5590 / 素材44740 / BCE=1.1451e-10 / 错序率=9.1097e-07 / 访问2次；nuscenes 记录2589 / 素材20536 / BCE=2.5467e-10 / 错序率=7.8905e-07 / 访问1次；nuscenes 记录3338 / 素材26452 / BCE=1.9941e-05 / 错序率=3.6661e-05 / 访问1次；nuscenes 记录251 / 素材1982 / BCE=2.5532e-16 / 错序率=5.3844e-09 / 访问1次；stu 记录5633 / 素材45082 / BCE=0.0010292 / 错序率=0.00013474 / 访问1次；stu 记录5444 / 素材43575 / BCE=7.3781e-10 / 错序率=3.7294e-06 / 访问1次,近邻训练 BCE=0.4374921897984187; 验证观测 BCE=0.12380572462769474; 均仅为分类诊断,0.0023541271590230835,0.00021428150024151757,位置编码数值损失有正向干预证据；其余原因待查,已检索到分类损失较低的训练近邻；几何、响应和背景等价尚未证实，泛化差异不能认定为学错；跨帧错序率较高，但尚未排除正常结构组成差异；固定权重和全部输入，仅修正位置编码运算精度，本项配对失分为0.15262806→0.14477826个百分点，减少0.00784981个百分点；上游被检查的全部特征值相同，差异首次出现在旋转位置编码,先修正位置编码精度并单独保留修正后评价；原C权重与原结果保留。剩余错误按原素材核验继续，不由本实验增加训练量或改取样,本轮未启动本项原因实验；后续从P150:2的第262帧及正常侧N141:75核验素材，再指定唯一改动,固定权重和全部输入，仅修正位置编码运算精度，本项配对失分为0.15262806→0.14477826个百分点，减少0.00784981个百分点；上游被检查的全部特征值相同，差异首次出现在旋转位置编码,增加素材、改变标签、增加更新次数不能解释本次配对变化；仍未排除它们与剩余错误有关,尚未区分剩余错误的覆盖、优化和泛化原因；本次排序分摊变化含其他点改变排名的影响，不能全部当作该点自身修复,0.1526280633015912,0.14477825561714713,0.007849807684444071,0.0,0.15243029205709197,N141:75:0.0200826；N125:30:0.0159883；N147:49:0.00987679；N153:73:0.00943834；N148:46:0.00829626
P153:30551,异常对象,0.14367145730518718,95.96746065041631,2129,75,"[0.025887005554864045, 0.05708516865824866, 0.04298763117356243, 0.014384941303714437, 0.0024543753577282107, 0.0008723352570694048, 0.0]",1.9912129167944012e-05,1.8687472019371027e-05,nuscenes 记录1290 / 素材10291 / BCE=0.0001776 / 错序率=4.5286e-05 / 访问2次；stu 记录5080 / 素材40665 / BCE=3.4589 / 错序率=0.028449 / 访问1次；stu 记录5229 / 素材41857 / BCE=3.1267e-06 / 错序率=1.6215e-05 / 访问2次；nuscenes 记录1280 / 素材10213 / BCE=1.1314e-12 / 错序率=8.2628e-07 / 访问1次；stu 记录5216 / 素材41753 / BCE=0.17696 / 错序率=0.00082975 / 访问2次；nuscenes 记录4732 / 素材37855 / BCE=1.31e-15 / 错序率=1.3769e-07 / 访问1次,近邻训练 BCE=0.7073740226337372; 验证观测 BCE=0.049907226578315096; 均仅为分类诊断,0.006558908196152948,9.168844466312996e-05,位置编码数值缺陷已定位；本项未获益，失分原因待查,同传感器近邻训练候选也有较大分类损失；是否为可信相关素材、是否训练不足尚未区分；同帧错序率不低于跨帧，不支持用跨扫描偏移统一解释；固定权重和全部输入，仅修正位置编码运算精度，本项配对失分为0.14368537→0.14393777个百分点，减少-0.00025239个百分点；上游被检查的全部特征值相同，差异首次出现在旋转位置编码,先修正位置编码精度并单独保留修正后评价；原C权重与原结果保留。剩余错误按原素材核验继续，不由本实验增加训练量或改取样,本轮未启动本项原因实验；后续从P153:30551的第268帧及正常侧N141:75核验素材，再指定唯一改动,固定权重和全部输入，仅修正位置编码运算精度，本项配对失分为0.14368537→0.14393777个百分点，减少-0.00025239个百分点；上游被检查的全部特征值相同，差异首次出现在旋转位置编码,增加素材、改变标签、增加更新次数不能解释本次配对变化；仍未排除它们与剩余错误有关,尚未区分剩余错误的覆盖、优化和泛化原因；本次排序分摊变化含其他点改变排名的影响，不能全部当作该点自身修复,0.1436853724418039,0.1439377661031238,-0.00025239366131990515,0.0,0.14367145730518718,N141:75:0.0232846；N141:1:0.0145716；N125:30:0.0144806；N147:49:0.0100546；N153:73:0.00888335
P140:1,异常对象,0.14210461060350824,96.5660351038344,1465,75,"[0.01162700511643616, 0.045461866878121565, 0.06453722765951633, 0.012921267473492717, 0.0037539767408582203, 0.003803266735083244, 0.0]",8.677982504551173e-06,3.620095435478841e-05,nuscenes 记录2220 / 素材17632 / BCE=2.3444e-11 / 错序率=3.595e-06 / 访问1次；stu 记录5229 / 素材41857 / BCE=3.1267e-06 / 错序率=1.6215e-05 / 访问2次；stu 记录5381 / 素材43072 / BCE=6.961e-11 / 错序率=6.0155e-06 / 访问2次；stu 记录5343 / 素材42768 / BCE=0.0013509 / 错序率=0.00010726 / 访问2次；nuscenes 记录1216 / 素材9700 / BCE=3.7485e-15 / 错序率=1.9105e-07 / 访问2次；nuscenes 记录1290 / 素材10291 / BCE=0.0001776 / 错序率=4.5286e-05 / 访问2次,近邻训练 BCE=0.10285369675572693; 验证观测 BCE=0.11039843937025932; 均仅为分类诊断,0.00031544236295000163,0.00016851125009813747,位置编码数值缺陷已定位；本项未获益，失分原因待查,已检索到分类损失较低的训练近邻；几何、响应和背景等价尚未证实，泛化差异不能认定为学错；跨帧错序率较高，但尚未排除正常结构组成差异；固定权重和全部输入，仅修正位置编码运算精度，本项配对失分为0.14212494→0.14389669个百分点，减少-0.00177175个百分点；上游被检查的全部特征值相同，差异首次出现在旋转位置编码,先修正位置编码精度并单独保留修正后评价；原C权重与原结果保留。剩余错误按原素材核验继续，不由本实验增加训练量或改取样,本轮未启动本项原因实验；后续从P140:1的第295帧及正常侧N141:75核验素材，再指定唯一改动,固定权重和全部输入，仅修正位置编码运算精度，本项配对失分为0.14212494→0.14389669个百分点，减少-0.00177175个百分点；上游被检查的全部特征值相同，差异首次出现在旋转位置编码,增加素材、改变标签、增加更新次数不能解释本次配对变化；仍未排除它们与剩余错误有关,尚未区分剩余错误的覆盖、优化和泛化原因；本次排序分摊变化含其他点改变排名的影响，不能全部当作该点自身修复,0.1421249353490269,0.1438966854430188,-0.001771750093991914,0.0,0.14210461060350824,N141:75:0.0217689；N125:30:0.0148235；N147:49:0.00981723；N153:73:0.00908379；N148:46:0.00787149
P145:2,异常对象,0.1321838427599349,97.12282120032138,1445,92,"[0.014977309158407453, 0.031933775097573086, 0.0641764942555513, 0.015763934958952966, 0.0022428179580566234, 0.0030895113313934427, 0.0]",5.917464877610761e-05,3.6376959393178114e-05,stu 记录5631 / 素材45066 / BCE=0.00088118 / 错序率=3.68e-05 / 访问1次；stu 记录5662 / 素材45314 / BCE=0.00039156 / 错序率=4.8197e-05 / 访问1次；nuscenes 记录4147 / 素材33097 / BCE=1.8058e-06 / 错序率=7.488e-06 / 访问1次；stu 记录5552 / 素材44437 / BCE=3.6549e-08 / 错序率=1.2844e-05 / 访问2次；stu 记录5442 / 素材43559 / BCE=0.00098769 / 错序率=2.6876e-05 / 访问1次；nuscenes 记录3184 / 素材25237 / BCE=2.0939e-12 / 错序率=5.8519e-07 / 访问1次,近邻训练 BCE=0.07140243462649815; 验证观测 BCE=0.0751978932532105; 均仅为分类诊断,0.00042049504893715316,0.00011862038999578308,位置编码数值缺陷已定位；本项未获益，失分原因待查,已检索到分类损失较低的训练近邻；几何、响应和背景等价尚未证实，泛化差异不能认定为学错；同帧错序率不低于跨帧，不支持用跨扫描偏移统一解释；固定权重和全部输入，仅修正位置编码运算精度，本项配对失分为0.13220731→0.13647871个百分点，减少-0.00427141个百分点；上游被检查的全部特征值相同，差异首次出现在旋转位置编码,先修正位置编码精度并单独保留修正后评价；原C权重与原结果保留。剩余错误按原素材核验继续，不由本实验增加训练量或改取样,本轮未启动本项原因实验；后续从P145:2的第331帧及正常侧N141:75核验素材，再指定唯一改动,固定权重和全部输入，仅修正位置编码运算精度，本项配对失分为0.13220731→0.13647871个百分点，减少-0.00427141个百分点；上游被检查的全部特征值相同，差异首次出现在旋转位置编码,增加素材、改变标签、增加更新次数不能解释本次配对变化；仍未排除它们与剩余错误有关,尚未区分剩余错误的覆盖、优化和泛化原因；本次排序分摊变化含其他点改变排名的影响，不能全部当作该点自身修复,0.13220730868206954,0.13647871389973995,-0.004271405217670415,0.0,0.1321838427599349,N141:75:0.0199139；N125:30:0.0135281；N147:49:0.00894986；N153:73:0.00816754；N141:1:0.00784817
P137:3,异常对象,0.131259265700773,97.67571278412872,749,46,"[0.004669760773367264, 0.018370479451250924, 0.055914233325632716, 0.03517644429184954, 0.010053787932469815, 0.004895851436963229, 0.002178708489239512]",5.387040438638933e-05,0.00012163222922837244,stu 记录5477 / 素材43839 / BCE=8.7775 / 错序率=0.38859 / 访问1次；nuscenes 记录4560 / 素材36448 / BCE=1.8834e-10 / 错序率=2.2592e-06 / 访问1次；stu 记录5442 / 素材43559 / BCE=0.00098769 / 错序率=2.6876e-05 / 访问1次；stu 记录5552 / 素材44437 / BCE=3.6549e-08 / 错序率=1.2844e-05 / 访问2次；nuscenes 记录3338 / 素材26452 / BCE=1.9941e-05 / 错序率=3.6661e-05 / 访问1次；nuscenes 记录2621 / 素材20786 / BCE=2.9127e-13 / 错序率=7.8544e-07 / 访问1次,近邻训练 BCE=3.2242916461647786; 验证观测 BCE=0.2159684566437494; 均仅为分类诊断,0.13601117913578106,0.0003703894340563543,位置编码数值损失有正向干预证据；其余原因待查,同传感器近邻训练候选也有较大分类损失；是否为可信相关素材、是否训练不足尚未区分；跨帧错序率较高，但尚未排除正常结构组成差异；固定权重和全部输入，仅修正位置编码运算精度，本项配对失分为0.13106425→0.12847217个百分点，减少0.00259208个百分点；上游被检查的全部特征值相同，差异首次出现在旋转位置编码,先修正位置编码精度并单独保留修正后评价；原C权重与原结果保留。剩余错误按原素材核验继续，不由本实验增加训练量或改取样,本轮未启动本项原因实验；后续从P137:3的第384帧及正常侧N141:75核验素材，再指定唯一改动,固定权重和全部输入，仅修正位置编码运算精度，本项配对失分为0.13106425→0.12847217个百分点，减少0.00259208个百分点；上游被检查的全部特征值相同，差异首次出现在旋转位置编码,增加素材、改变标签、增加更新次数不能解释本次配对变化；仍未排除它们与剩余错误有关,尚未区分剩余错误的覆盖、优化和泛化原因；本次排序分摊变化含其他点改变排名的影响，不能全部当作该点自身修复,0.13106424784784934,0.12847217248961437,0.0025920753582349687,0.0,0.131259265700773,N141:75:0.0168621；N125:30:0.0139644；N147:49:0.00809017；N153:73:0.00751155；N148:46:0.00687171
P145:1,异常对象,0.12263600939044779,98.19228140198359,2267,92,"[0.044967442636983296, 0.02580834483702245, 0.03842347330480649, 0.010476119917152624, 0.0, 0.0029606286944829172, 0.0]",2.0604626076984416e-05,1.5628592203469524e-05,stu 记录5466 / 素材43751 / BCE=5.5979e-08 / 错序率=2.9726e-06 / 访问1次；stu 记录5229 / 素材41857 / BCE=3.1267e-06 / 错序率=1.6215e-05 / 访问2次；nuscenes 记录2924 / 素材23157 / BCE=1.1462e-10 / 错序率=8.5614e-07 / 访问2次；nuscenes 记录712 / 素材5599 / BCE=2.2047e-14 / 错序率=2.418e-07 / 访问2次；stu 记录5320 / 素材42584 / BCE=4.94e-05 / 错序率=4.3603e-05 / 访问1次；nuscenes 记录3859 / 素材30742 / BCE=4.074e-15 / 错序率=1.8867e-07 / 访问1次,近邻训练 BCE=0.09237487646925199; 验证观测 BCE=0.08510634751550239; 均仅为分类诊断,0.00026035305541001426,0.000127038047021564,位置编码数值损失有正向干预证据；其余原因待查,已检索到分类损失较低的训练近邻；几何、响应和背景等价尚未证实，泛化差异不能认定为学错；同帧错序率不低于跨帧，不支持用跨扫描偏移统一解释；固定权重和全部输入，仅修正位置编码运算精度，本项配对失分为0.12242945→0.12037713个百分点，减少0.00205232个百分点；上游被检查的全部特征值相同，差异首次出现在旋转位置编码,先修正位置编码精度并单独保留修正后评价；原C权重与原结果保留。剩余错误按原素材核验继续，不由本实验增加训练量或改取样,本轮未启动本项原因实验；后续从P145:1的第334帧及正常侧N141:1核验素材，再指定唯一改动,固定权重和全部输入，仅修正位置编码运算精度，本项配对失分为0.12242945→0.12037713个百分点，减少0.00205232个百分点；上游被检查的全部特征值相同，差异首次出现在旋转位置编码,增加素材、改变标签、增加更新次数不能解释本次配对变化；仍未排除它们与剩余错误有关,尚未区分剩余错误的覆盖、优化和泛化原因；本次排序分摊变化含其他点改变排名的影响，不能全部当作该点自身修复,0.12242944956816113,0.12037712849041504,0.002052321077746083,0.0,0.12263600939044779,N141:1:0.0320103；N141:75:0.0157615；N125:30:0.0101362；N147:49:0.0072639；N153:73:0.00573411
P144:3,异常对象,0.09080937080107265,98.57478953638996,552,60,"[0.004301665178000343, 0.012284620028510836, 0.03671132076172514, 0.003547171079646482, 0.01528009545804035, 0.0186844982951495, 0.0]",0.0002939825541595316,0.00017266327710058798,stu 记录5444 / 素材43575 / BCE=7.3781e-10 / 错序率=3.7294e-06 / 访问1次；nuscenes 记录1794 / 素材14290 / BCE=2.3081e-13 / 错序率=5.9864e-07 / 访问1次；nuscenes 记录2399 / 素材19022 / BCE=2.4409e-16 / 错序率=8.741e-10 / 访问1次；stu 记录5256 / 素材42072 / BCE=0.0074 / 错序率=0.00024657 / 访问1次；nuscenes 记录2589 / 素材20536 / BCE=2.5467e-10 / 错序率=7.8905e-07 / 访问1次；stu 记录5203 / 素材41649 / BCE=0.00019793 / 错序率=9.4897e-05 / 访问1次,近邻训练 BCE=0.07392794216523184; 验证观测 BCE=0.39562376596443943; 均仅为分类诊断,0.000771541346181357,0.00046894404394168097,位置编码数值缺陷已定位；本项未获益，失分原因待查,已检索到分类损失较低的训练近邻；几何、响应和背景等价尚未证实，泛化差异不能认定为学错；同帧错序率不低于跨帧，不支持用跨扫描偏移统一解释；固定权重和全部输入，仅修正位置编码运算精度，本项配对失分为0.09088885→0.09338998个百分点，减少-0.00250112个百分点；上游被检查的全部特征值相同，差异首次出现在旋转位置编码,先修正位置编码精度并单独保留修正后评价；原C权重与原结果保留。剩余错误按原素材核验继续，不由本实验增加训练量或改取样,本轮未启动本项原因实验；后续从P144:3的第309帧及正常侧N141:75核验素材，再指定唯一改动,固定权重和全部输入，仅修正位置编码运算精度，本项配对失分为0.09088885→0.09338998个百分点，减少-0.00250112个百分点；上游被检查的全部特征值相同，差异首次出现在旋转位置编码,增加素材、改变标签、增加更新次数不能解释本次配对变化；仍未排除它们与剩余错误有关,尚未区分剩余错误的覆盖、优化和泛化原因；本次排序分摊变化含其他点改变排名的影响，不能全部当作该点自身修复,0.09088885211073806,0.0933899753176145,-0.0025011232068764405,0.0,0.09080937080107265,N141:75:0.0115076；N125:30:0.0101766；N147:49:0.00525128；N153:73:0.00471256；N148:46:0.00458261
P153:30550,异常对象,0.08925452424024291,98.95074833065638,1020,75,"[0.00801259714136819, 0.031553091452799574, 0.03449716839134154, 0.01261441084539536, 0.0007147675145232422, 0.0018624888948149915, 0.0]",3.064895720060625e-05,2.9515273489834425e-05,stu 记录5466 / 素材43751 / BCE=5.5979e-08 / 错序率=2.9726e-06 / 访问1次；stu 记录5106 / 素材40873 / BCE=2.8231e-06 / 错序率=4.8773e-05 / 访问1次；stu 记录5381 / 素材43072 / BCE=6.961e-11 / 错序率=6.0155e-06 / 访问2次；nuscenes 记录2220 / 素材17632 / BCE=2.3444e-11 / 错序率=3.595e-06 / 访问1次；stu 记录5229 / 素材41857 / BCE=3.1267e-06 / 错序率=1.6215e-05 / 访问2次；stu 记录5343 / 素材42768 / BCE=0.0013509 / 错序率=0.00010726 / 访问2次,近邻训练 BCE=0.12454802498028647; 验证观测 BCE=0.08226806324763189; 均仅为分类诊断,0.0007215001171280682,0.0001379066843627616,位置编码数值损失有正向干预证据；其余原因待查,已检索到分类损失较低的训练近邻；几何、响应和背景等价尚未证实，泛化差异不能认定为学错；同帧错序率不低于跨帧，不支持用跨扫描偏移统一解释；固定权重和全部输入，仅修正位置编码运算精度，本项配对失分为0.08926360→0.08829493个百分点，减少0.00096867个百分点；上游被检查的全部特征值相同，差异首次出现在旋转位置编码,先修正位置编码精度并单独保留修正后评价；原C权重与原结果保留。剩余错误按原素材核验继续，不由本实验增加训练量或改取样,本轮未启动本项原因实验；后续从P153:30550的第270帧及正常侧N141:75核验素材，再指定唯一改动,固定权重和全部输入，仅修正位置编码运算精度，本项配对失分为0.08926360→0.08829493个百分点，减少0.00096867个百分点；上游被检查的全部特征值相同，差异首次出现在旋转位置编码,增加素材、改变标签、增加更新次数不能解释本次配对变化；仍未排除它们与剩余错误有关,尚未区分剩余错误的覆盖、优化和泛化原因；本次排序分摊变化含其他点改变排名的影响，不能全部当作该点自身修复,0.089263597392192,0.08829492677786674,0.0009686706143252621,0.0,0.08925452424024291,N141:75:0.0143892；N125:30:0.00944646；N147:49:0.00626821；N153:73:0.00576553；N148:46:0.00498553
P150:3,异常对象,0.08424706044965226,99.30561463616586,545,117,"[0.0032865371373020013, 0.017374397487500824, 0.04000277170639196, 0.015118065715941677, 0.005515651656673749, 0.001818425429523836, 0.0011312113163182062]",9.671852413025335e-05,0.0001473746577505906,stu 记录5633 / 素材45082 / BCE=0.0010292 / 错序率=0.00013474 / 访问1次；stu 记录5475 / 素材43823 / BCE=8.721 / 错序率=0.36304 / 访问1次；nuscenes 记录2589 / 素材20536 / BCE=2.5467e-10 / 错序率=7.8905e-07 / 访问1次；stu 记录5466 / 素材43751 / BCE=5.5979e-08 / 错序率=2.9726e-06 / 访问1次；nuscenes 记录251 / 素材1982 / BCE=2.5532e-16 / 错序率=5.3844e-09 / 访问1次；nuscenes 记录1292 / 素材10308 / BCE=0.037061 / 错序率=0.0002138 / 访问2次,近邻训练 BCE=0.4167424820569491; 验证观测 BCE=0.13578459557670855; 均仅为分类诊断,0.0019553908032352916,0.0002910237856260826,位置编码数值损失有正向干预证据；其余原因待查,已检索到分类损失较低的训练近邻；几何、响应和背景等价尚未证实，泛化差异不能认定为学错；跨帧错序率较高，但尚未排除正常结构组成差异；固定权重和全部输入，仅修正位置编码运算精度，本项配对失分为0.08436651→0.07943651个百分点，减少0.00493000个百分点；上游被检查的全部特征值相同，差异首次出现在旋转位置编码,先修正位置编码精度并单独保留修正后评价；原C权重与原结果保留。剩余错误按原素材核验继续，不由本实验增加训练量或改取样,本轮未启动本项原因实验；后续从P150:3的第227帧及正常侧N141:75核验素材，再指定唯一改动,固定权重和全部输入，仅修正位置编码运算精度，本项配对失分为0.08436651→0.07943651个百分点，减少0.00493000个百分点；上游被检查的全部特征值相同，差异首次出现在旋转位置编码,增加素材、改变标签、增加更新次数不能解释本次配对变化；仍未排除它们与剩余错误有关,尚未区分剩余错误的覆盖、优化和泛化原因；本次排序分摊变化含其他点改变排名的影响，不能全部当作该点自身修复,0.08436651337564523,0.07943651216312661,0.004930001212518617,0.0,0.08424706044965226,N141:75:0.0115762；N125:30:0.00884232；N147:49:0.00545583；N153:73:0.00513256；N148:46:0.00452921
P149:2,异常对象,0.08273944051459037,99.65413052999791,455,94,"[0.0019464547989537905, 0.012236923716328849, 0.04254288208802024, 0.0181318166659871, 0.00614063454877875, 0.00174072869652164, 0.0]",8.565074427270885e-05,8.189030315379558e-05,stu 记录5256 / 素材42072 / BCE=0.0074 / 错序率=0.00024657 / 访问1次；nuscenes 记录2082 / 素材16564 / BCE=4.8236e-06 / 错序率=2.335e-05 / 访问1次；nuscenes 记录2319 / 素材18398 / BCE=3.5473e-10 / 错序率=8.5975e-06 / 访问2次；stu 记录5444 / 素材43575 / BCE=7.3781e-10 / 错序率=3.7294e-06 / 访问1次；stu 记录5250 / 素材42024 / BCE=7.2992e-15 / 错序率=4.0256e-07 / 访问1次；stu 记录5590 / 素材44740 / BCE=1.1451e-10 / 错序率=9.1097e-07 / 访问2次,近邻训练 BCE=0.3301302112549046; 验证观测 BCE=0.06081905783229483; 均仅为分类诊断,0.000896161814241031,0.000131387383162467,位置编码数值缺陷已定位；本项未获益，失分原因待查,已检索到分类损失较低的训练近邻；几何、响应和背景等价尚未证实，泛化差异不能认定为学错；同帧错序率不低于跨帧，不支持用跨扫描偏移统一解释；固定权重和全部输入，仅修正位置编码运算精度，本项配对失分为0.08268438→0.08458820个百分点，减少-0.00190381个百分点；上游被检查的全部特征值相同，差异首次出现在旋转位置编码,先修正位置编码精度并单独保留修正后评价；原C权重与原结果保留。剩余错误按原素材核验继续，不由本实验增加训练量或改取样,本轮未启动本项原因实验；后续从P149:2的第234帧及正常侧N141:75核验素材，再指定唯一改动,固定权重和全部输入，仅修正位置编码运算精度，本项配对失分为0.08268438→0.08458820个百分点，减少-0.00190381个百分点；上游被检查的全部特征值相同，差异首次出现在旋转位置编码,增加素材、改变标签、增加更新次数不能解释本次配对变化；仍未排除它们与剩余错误有关,尚未区分剩余错误的覆盖、优化和泛化原因；本次排序分摊变化含其他点改变排名的影响，不能全部当作该点自身修复,0.08268438463651075,0.08458819880010322,-0.0019038141635924766,0.0,0.08273944051459037,N141:75:0.0111917；N125:30:0.00864784；N147:49:0.00538653；N153:73:0.00512109；N148:46:0.00452737
P144:2,异常对象,0.03256164478921505,99.79128701386796,531,73,"[0.0037516973813219415, 0.020385335238796536, 0.006983554369630337, 0.0014410577994662332, 0.0, 0.0, 0.0]",1.6969636054836838e-05,1.155933205873029e-05,nuscenes 记录1216 / 素材9700 / BCE=3.7485e-15 / 错序率=1.9105e-07 / 访问2次；nuscenes 记录450 / 素材3539 / BCE=5.8596e-13 / 错序率=1.4229e-06 / 访问1次；stu 记录5411 / 素材43312 / BCE=0.0002898 / 错序率=0.00011148 / 访问1次；stu 记录5590 / 素材44740 / BCE=1.1451e-10 / 错序率=9.1097e-07 / 访问2次；nuscenes 记录2220 / 素材17632 / BCE=2.3444e-11 / 错序率=3.595e-06 / 访问1次；stu 记录5106 / 素材40873 / BCE=2.8231e-06 / 错序率=4.8773e-05 / 访问1次,近邻训练 BCE=0.07886218249021691; 验证观测 BCE=0.0023782353920642966; 均仅为分类诊断,0.0005655353886830131,2.7341356501040668e-05,位置编码数值缺陷已定位；本项未获益，失分原因待查,已检索到分类损失较低的训练近邻；几何、响应和背景等价尚未证实，泛化差异不能认定为学错；同帧错序率不低于跨帧，不支持用跨扫描偏移统一解释；固定权重和全部输入，仅修正位置编码运算精度，本项配对失分为0.03261678→0.03938501个百分点，减少-0.00676823个百分点；上游被检查的全部特征值相同，差异首次出现在旋转位置编码,先修正位置编码精度并单独保留修正后评价；原C权重与原结果保留。剩余错误按原素材核验继续，不由本实验增加训练量或改取样,本轮未启动本项原因实验；后续从P144:2的第311帧及正常侧N141:75核验素材，再指定唯一改动,固定权重和全部输入，仅修正位置编码运算精度，本项配对失分为0.03261678→0.03938501个百分点，减少-0.00676823个百分点；上游被检查的全部特征值相同，差异首次出现在旋转位置编码,增加素材、改变标签、增加更新次数不能解释本次配对变化；仍未排除它们与剩余错误有关,尚未区分剩余错误的覆盖、优化和泛化原因；本次排序分摊变化含其他点改变排名的影响，不能全部当作该点自身修复,0.032616781095607734,0.03938501124995776,-0.006768230154350026,0.0,0.03256164478921505,N141:75:0.00642514；N125:30:0.00359858；N147:49:0.00256792；N153:73:0.00234902；N141:1776:0.00204649
P138:4,异常对象,0.027841262790382286,99.90856025775811,175,68,"[0.0014131244894785597, 0.0038862398784781553, 0.012012342996527741, 0.0056904203218540094, 0.0007991170485402989, 0.002930962621408833, 0.00110905543409469]",9.572593923971193e-05,0.00018481639563716376,stu 记录5633 / 素材45082 / BCE=0.0010292 / 错序率=0.00013474 / 访问1次；stu 记录5475 / 素材43823 / BCE=8.721 / 错序率=0.36304 / 访问1次；stu 记录5339 / 素材42736 / BCE=7.7255e-08 / 错序率=1.4351e-05 / 访问1次；nuscenes 记录1290 / 素材10291 / BCE=0.0001776 / 错序率=4.5286e-05 / 访问2次；nuscenes 记录4910 / 素材39310 / BCE=2.2603e-06 / 错序率=4.9925e-05 / 访问2次；nuscenes 记录3338 / 素材26452 / BCE=1.9941e-05 / 错序率=3.6661e-05 / 访问1次,近邻训练 BCE=0.805961623429954; 验证观测 BCE=0.5679337929433228; 均仅为分类诊断,0.009165821922295597,0.0010196857852931504,位置编码数值缺陷已定位；本项未获益，失分原因待查,同传感器近邻训练候选也有较大分类损失；是否为可信相关素材、是否训练不足尚未区分；跨帧错序率较高，但尚未排除正常结构组成差异；固定权重和全部输入，仅修正位置编码运算精度，本项配对失分为0.02782603→0.02847335个百分点，减少-0.00064732个百分点；上游被检查的全部特征值相同，差异首次出现在旋转位置编码,先修正位置编码精度并单独保留修正后评价；原C权重与原结果保留。剩余错误按原素材核验继续，不由本实验增加训练量或改取样,本轮未启动本项原因实验；后续从P138:4的第370帧及正常侧N141:75核验素材，再指定唯一改动,固定权重和全部输入，仅修正位置编码运算精度，本项配对失分为0.02782603→0.02847335个百分点，减少-0.00064732个百分点；上游被检查的全部特征值相同，差异首次出现在旋转位置编码,增加素材、改变标签、增加更新次数不能解释本次配对变化；仍未排除它们与剩余错误有关,尚未区分剩余错误的覆盖、优化和泛化原因；本次排序分摊变化含其他点改变排名的影响，不能全部当作该点自身修复,0.027826027654441917,0.028473351920669333,-0.0006473242662274163,0.0,0.027841262790382286,N141:75:0.00364475；N125:30:0.00297049；N147:49:0.00175703；N153:73:0.00159994；N148:46:0.00147731
P144:4,异常对象,0.02169009996363836,99.99992351244197,144,56,"[0.0004877938165982104, 0.00501179979054639, 0.013518392282335012, 0.0026721140741587488, 0.0, 0.0, 0.0]",0.00010796260529020947,4.9921341300162515e-05,stu 记录5583 / 素材44684 / BCE=2.7321 / 错序率=0.0065424 / 访问2次；nuscenes 记录2786 / 素材22074 / BCE=0.0097316 / 错序率=0.0001591 / 访问1次；nuscenes 记录2672 / 素材21184 / BCE=3.9253e-16 / 错序率=1.1538e-08 / 访问1次；stu 记录5256 / 素材42072 / BCE=0.0074 / 错序率=0.00024657 / 访问1次；stu 记录5475 / 素材43823 / BCE=8.721 / 错序率=0.36304 / 访问1次；stu 记录5476 / 素材43831 / BCE=9.0251 / 错序率=0.50421 / 访问1次,近邻训练 BCE=2.864563264659885; 验证观测 BCE=0.013261984775215301; 均仅为分类诊断,0.06332208598933141,7.678266407501129e-05,位置编码数值缺陷已定位；本项未获益，失分原因待查,同传感器近邻训练候选也有较大分类损失；是否为可信相关素材、是否训练不足尚未区分；同帧错序率不低于跨帧，不支持用跨扫描偏移统一解释；固定权重和全部输入，仅修正位置编码运算精度，本项配对失分为0.02167671→0.02319183个百分点，减少-0.00151512个百分点；上游被检查的全部特征值相同，差异首次出现在旋转位置编码,先修正位置编码精度并单独保留修正后评价；原C权重与原结果保留。剩余错误按原素材核验继续，不由本实验增加训练量或改取样,本轮未启动本项原因实验；后续从P144:4的第320帧及正常侧N141:75核验素材，再指定唯一改动,固定权重和全部输入，仅修正位置编码运算精度，本项配对失分为0.02167671→0.02319183个百分点，减少-0.00151512个百分点；上游被检查的全部特征值相同，差异首次出现在旋转位置编码,增加素材、改变标签、增加更新次数不能解释本次配对变化；仍未排除它们与剩余错误有关,尚未区分剩余错误的覆盖、优化和泛化原因；本次排序分摊变化含其他点改变排名的影响，不能全部当作该点自身修复,0.021676708299201538,0.023191825474954693,-0.001515117175753155,0.0,0.02169009996363836,N141:75:0.00316273；N125:30:0.00222284；N147:49:0.00151615；N153:73:0.00145858；N148:46:0.00123781
P149:0,异常对象,1.8158534166465134e-05,100.00000000000011,1,1,"[1.8158534166465134e-05, 0.0, 0.0, 0.0, 0.0, 0.0, 0.0]",0.0,9.809397317960018e-07,stu 记录5278 / 素材42248 / BCE=0.0027805 / 错序率=0.00019129 / 访问1次；stu 记录5475 / 素材43823 / BCE=8.721 / 错序率=0.36304 / 访问1次；stu 记录5633 / 素材45082 / BCE=0.0010292 / 错序率=0.00013474 / 访问1次；nuscenes 记录163 / 素材1293 / BCE=5.5352 / 错序率=0.028587 / 访问2次；nuscenes 记录808 / 素材6369 / BCE=0.0069278 / 错序率=0.00027292 / 访问1次；nuscenes 记录3715 / 素材29528 / BCE=3.4043e-08 / 错序率=2.2913e-05 / 访问2次,近邻训练 BCE=0.002780511509627104; 验证观测 BCE=1.783247334519178e-11; 均仅为分类诊断,0.00019128898669114642,9.80430250979308e-07,位置编码数值损失有正向干预证据；其余原因待查,实例身份未分配，单点不足以核验几何与素材等价；跨帧错序率较高，但尚未排除正常结构组成差异；固定权重和全部输入，仅修正位置编码运算精度，本项配对失分为0.00001789→0.00001697个百分点，减少0.00000093个百分点；上游被检查的全部特征值相同，差异首次出现在旋转位置编码,先修正位置编码精度并单独保留修正后评价；原C权重与原结果保留。剩余错误按原素材核验继续，不由本实验增加训练量或改取样,本轮未启动本项原因实验；后续从P149:0的第232帧及正常侧N141:1核验素材，再指定唯一改动,固定权重和全部输入，仅修正位置编码运算精度，本项配对失分为0.00001789→0.00001697个百分点，减少0.00000093个百分点；上游被检查的全部特征值相同，差异首次出现在旋转位置编码,增加素材、改变标签、增加更新次数不能解释本次配对变化；仍未排除它们与剩余错误有关,尚未区分剩余错误的覆盖、优化和泛化原因；本次排序分摊变化含其他点改变排名的影响，不能全部当作该点自身修复,1.78937518724891e-05,1.6967545019666407e-05,9.26206852822693e-07,0.0,1.8158534166465134e-05,N141:1:7.07717e-06；N141:75:3.91107e-06；N125:30:1.02433e-06；N147:49:9.31207e-07；N148:46:7.44966e-07
