scene,log_token,object_id,world,geometry,variant_geometry,anchor_index,views,views_1_to_4_points,points,view_angle_span_deg,return_range_min_m,return_range_max_m,frames,counts,return_ranges_m
206,206,1,/home/jasongao/Study/AJAE-v4/results/data/complete/stu-000/world.json,6cb4ecb404f336901eb4545b06c2dd1aa400120fb5fddd4b29bbb7b317976d47,d006c7c234b447c5409653a92f69ff6381e7ea2d32cd7d6b92d4114b548e2aca,112,60,0,20154,177.2559410936616,2.5760657787323,46.07974624633789,39;41;42;43;44;46;47;48;49;50;54;69;74;104;128;147;158;169;178;187;194;195;196;197;199;201;202;203;222;223;224;225;226;230;233;238;243;250;260;273;284;299;318;320;328;334;348;360;365;370;385;388;389;392;394;398;400;401;406;447,16;24;19;14;11;11;14;10;5;16;19;34;32;50;95;209;388;770;1406;2169;2625;1612;857;513;285;152;83;24;55;167;273;498;1744;1718;1445;889;546;321;197;113;85;67;53;56;52;45;46;35;35;33;24;23;25;22;20;21;22;20;17;24,36.79179382324219;36.61443328857422;36.62057876586914;36.51492691040039;36.410552978515625;36.205223083496094;36.2470703125;36.05949401855469;36.28220748901367;35.901817321777344;35.64329147338867;34.94196701049805;34.40638732910156;28.04288101196289;19.954238891601562;13.397146224975586;9.90723991394043;7.1035356521606445;5.197223663330078;3.742264986038208;2.675990104675293;2.6532106399536133;2.683365821838379;2.727989673614502;2.701028347015381;2.64634370803833;2.6084885597229004;2.5760657787323;2.5886528491973877;2.6639692783355713;2.7311410903930664;2.6913323402404785;2.625631809234619;3.825132369995117;4.849921703338623;6.54198694229126;8.301650047302246;10.829793930053711;14.201125144958496;18.304719924926758;21.47845458984375;24.44066047668457;27.032503128051758;27.30263900756836;28.332683563232422;29.1390380859375;31.21314239501953;33.247032165527344;34.412513732910156;35.84314727783203;40.47349548339844;41.5369987487793;41.81231689453125;42.744232177734375;43.37921905517578;44.522891998291016;45.149925231933594;45.265533447265625;46.06903839111328;46.07974624633789
206,206,1,/home/jasongao/Study/AJAE-v4/results/data/complete/stu-003/world.json,6cb4ecb404f336901eb4545b06c2dd1aa400120fb5fddd4b29bbb7b317976d47,d006c7c234b447c5409653a92f69ff6381e7ea2d32cd7d6b92d4114b548e2aca,112,58,0,19913,177.2624310460233,2.5767340660095215,46.37138366699219,39;41;42;43;44;46;47;48;49;50;54;69;74;97;104;128;147;158;165;173;181;187;194;195;196;198;201;202;203;222;223;224;225;226;230;234;240;248;261;283;326;328;334;336;373;374;377;378;389;392;398;399;400;401;409;439;443;445,16;24;19;14;11;11;14;10;5;16;19;34;32;49;50;95;210;388;598;996;1736;2168;2622;1611;855;355;151;84;25;55;167;271;496;1741;1716;1365;716;375;187;89;48;52;45;52;32;30;27;24;25;22;21;20;22;20;18;16;22;21,36.79179382324219;36.61443328857422;36.62057876586914;36.51492691040039;36.410552978515625;36.205223083496094;36.2470703125;36.05949401855469;36.28220748901367;35.901817321777344;35.64329147338867;34.94196701049805;34.40638732910156;29.967145919799805;28.04288101196289;19.954238891601562;13.397787094116211;9.90723991394043;8.030435562133789;6.222404479980469;4.681309700012207;3.742196798324585;2.675971031188965;2.6526806354522705;2.683901309967041;2.6976194381713867;2.6465330123901367;2.606105327606201;2.5767340660095215;2.5886528491973877;2.6639692783355713;2.7311410903930664;2.6929421424865723;2.6251609325408936;3.824894428253174;5.184020042419434;7.232111930847168;10.130716323852539;14.524052619934082;21.232873916625977;28.086095809936523;28.332683563232422;29.1390380859375;29.512041091918945;36.67637252807617;36.97290802001953;37.93840408325195;38.18629837036133;41.81231689453125;42.744232177734375;44.522891998291016;44.78916931152344;45.149925231933594;45.265533447265625;46.37138366699219;46.36264419555664;46.249454498291016;46.14734649658203
206,206,1,/home/jasongao/Study/AJAE-v4/results/data/complete/stu-006/world.json,6cb4ecb404f336901eb4545b06c2dd1aa400120fb5fddd4b29bbb7b317976d47,d006c7c234b447c5409653a92f69ff6381e7ea2d32cd7d6b92d4114b548e2aca,112,62,0,21163,177.26517659049912,2.5767340660095215,46.51842498779297,39;41;42;43;44;46;47;48;49;50;54;69;74;97;104;123;128;133;147;158;169;178;187;194;195;196;197;199;201;202;203;222;223;224;225;226;229;232;235;240;246;254;273;279;284;307;330;335;346;350;368;377;384;389;391;393;400;401;406;420;442;447,16;24;19;14;11;11;14;10;5;16;19;33;32;49;50;78;94;107;208;388;769;1405;2167;2626;1613;855;513;284;152;85;25;55;167;272;497;1740;1791;1522;1219;716;427;259;115;98;85;61;48;40;47;40;35;27;24;24;23;16;22;20;17;20;21;23,36.79179382324219;36.61443328857422;36.62057876586914;36.51492691040039;36.410552978515625;36.205223083496094;36.2470703125;36.05949401855469;36.28220748901367;35.901817321777344;35.64329147338867;34.96226501464844;34.40638732910156;29.967145919799805;28.04288101196289;21.771541595458984;19.95309066772461;18.18963623046875;13.397787094116211;9.90723991394043;7.10322380065918;5.196765899658203;3.7419536113739014;2.675971031188965;2.653740644454956;2.6826770305633545;2.727989673614502;2.701592445373535;2.64634370803833;2.603722333908081;2.5767340660095215;2.5886528491973877;2.6639692783355713;2.7314724922180176;2.692028284072876;2.6248586177825928;3.5045840740203857;4.506940841674805;5.518265247344971;7.232111930847168;9.40723705291748;12.212525367736816;18.30621337890625;20.10906219482422;21.475351333618164;25.408714294433594;28.588699340820312;29.265186309814453;30.93165397644043;31.4486083984375;35.293209075927734;37.93840408325195;40.14785385131836;41.821266174316406;42.415836334228516;43.00830841064453;45.149925231933594;45.265533447265625;46.06903839111328;46.51842498779297;46.30583190917969;46.066078186035156
206,206,1,/home/jasongao/Study/AJAE-v4/results/data/complete/stu-009/world.json,8faa631d821de86e3f2c716b7bddad9a89876338c772c3a3b7635bd0f08c7131,4d1ff713ecead23a4057f64e4c78ae4b63e1026ff0093bf919e774f02e3ac562,224,47,0,21152,163.91301036754712,2.5462424755096436,49.87085723876953,163;164;165;167;172;176;177;178;179;180;182;185;188;189;191;194;198;199;212;213;218;227;235;248;249;278;279;280;282;309;343;360;368;373;377;378;379;380;381;382;393;394;395;396;397;400;429,12;12;20;11;11;11;11;10;10;8;13;14;16;18;20;23;23;24;26;28;27;32;34;45;51;105;107;107;114;200;431;826;1542;2690;3217;1880;904;519;194;19;32;254;534;957;1758;2270;1982,49.87085723876953;49.69862365722656;49.41321563720703;48.98337936401367;47.7603645324707;46.893104553222656;46.82671356201172;46.6684455871582;46.44896697998047;46.23884582519531;45.92551040649414;45.47484588623047;45.04045104980469;44.89426803588867;44.62445831298828;44.20942306518555;43.63328170776367;43.54082107543945;41.35588836669922;41.154884338378906;39.962066650390625;37.49266815185547;34.88350296020508;30.238731384277344;29.915714263916016;20.49998664855957;20.213850021362305;19.924720764160156;19.368419647216797;14.671266555786133;9.9539213180542;7.195865154266357;5.2442545890808105;3.8449177742004395;2.7769277095794678;2.695265769958496;2.745800018310547;2.693824052810669;2.6006786823272705;2.5462424755096436;2.546372890472412;2.624417543411255;2.7161712646484375;2.7422127723693848;2.7130346298217773;3.21858549118042;4.566456317901611
206,206,1,/home/jasongao/Study/AJAE-v4/results/data/complete/stu-010/world.json,aa6ec8ab029d4619539bbcb1f9d92f2b2fd3896530703873c1fe0a3b64f1e4b8,ff92d8cdd0f1bd4dfa94d6142b6da0bbac13abf4afa3fd1194c3c7416e99b5e9,112,46,0,22332,175.28535326916622,2.5359737873077393,49.84545135498047,75;76;78;81;83;93;98;116;130;136;145;172;181;183;187;188;212;224;232;240;245;249;252;254;255;256;268;269;270;271;274;277;280;287;298;317;342;366;367;368;369;373;395;398;423;438,6;11;17;20;20;22;23;33;41;51;60;104;123;129;136;134;206;316;475;889;1547;2364;2526;920;493;152;54;368;852;1424;2154;1920;1754;991;588;359;221;126;130;124;122;112;60;53;54;48,49.84545135498047;49.80325698852539;49.666378021240234;49.10005569458008;48.722755432128906;46.691036224365234;45.45307540893555;40.01959991455078;34.94534683227539;32.88393783569336;29.78255844116211;22.013153076171875;20.18341827392578;19.909128189086914;19.31827163696289;19.145679473876953;15.349590301513672;12.376319885253906;9.875784873962402;7.168895721435547;5.366106986999512;3.952913284301758;2.9457874298095703;2.7768139839172363;2.6827597618103027;2.566389322280884;2.5359737873077393;2.6153173446655273;2.7091064453125;2.7873339653015137;3.426413059234619;4.3032026290893555;5.150214672088623;6.947165489196777;8.980949401855469;11.526738166809082;14.98361873626709;19.34467315673828;19.638025283813477;19.913429260253906;20.198747634887695;21.379444122314453;28.29862403869629;29.148727416992188;31.141090393066406;31.06161880493164
206,206,1,/home/jasongao/Study/AJAE-v4/results/data/complete/stu-011/world.json,de646090b34d74c09a10e46fdcdefc70c8cb3192393da2f0a8b3ee7f208ea781,b24df6c203d3a044997f40ea03ee4afe048a2accc48183898a97a2b9f66c486a,112,33,0,18107,174.82379806114096,2.6073474884033203,49.946136474609375,77;78;83;93;108;131;132;145;174;184;185;206;222;233;240;246;250;254;255;256;270;271;273;279;289;303;323;367;370;376;398;400;429,17;22;23;24;29;48;52;61;119;142;147;206;327;584;1043;2064;2879;1803;1050;272;88;680;1702;2172;1023;587;365;148;127;111;72;61;59,49.946136474609375;49.81159973144531;48.959205627441406;46.83888244628906;42.74736404418945;34.80758285522461;34.445098876953125;29.90462875366211;21.722946166992188;19.910673141479492;19.770437240600586;16.69549560546875;13.17584228515625;9.781158447265625;7.431768417358398;5.298733711242676;3.9225170612335205;2.819880485534668;2.6637139320373535;2.6073474884033203;3.021739959716797;3.124823808670044;3.432075262069702;5.139622688293457;7.6431965827941895;9.847367286682129;12.651880264282227;19.847278594970703;20.675241470336914;22.445451736450195;29.413822174072266;29.867977142333984;31.33979606628418
206,206,1,/home/jasongao/Study/AJAE-v4/results/data/complete/stu-012/world.json,aa6ec8ab029d4619539bbcb1f9d92f2b2fd3896530703873c1fe0a3b64f1e4b8,d14177836d082d70db60c8104a1eded0c1c896f8d99f572d29cf89663dc6c309,224,58,0,22241,164.97911283267783,2.515531063079834,49.41316604614258,166;167;168;169;170;172;174;175;176;177;178;179;183;190;191;193;195;196;205;206;208;211;212;213;214;217;218;225;236;238;249;252;276;281;282;309;326;333;344;361;369;374;377;378;379;380;381;382;383;393;394;395;396;397;399;400;401;427,8;12;10;12;13;14;18;18;21;22;22;20;20;22;24;24;25;24;24;20;27;31;29;25;24;29;30;30;40;39;58;48;98;118;113;203;285;325;442;867;1671;2542;3085;1098;515;380;260;110;10;5;93;264;425;528;1429;2412;2281;1899,49.41316604614258;49.27002716064453;49.062538146972656;48.731056213378906;48.56155776977539;48.03446578979492;47.63494110107422;47.424560546875;47.22489547729492;47.058387756347656;46.81236267089844;46.67377471923828;46.012718200683594;44.970794677734375;44.881431579589844;44.563331604003906;44.30485153198242;44.18030548095703;42.834617614746094;42.6518669128418;42.30893325805664;41.90488815307617;41.5438117980957;41.316951751708984;41.11181640625;40.408058166503906;40.24269104003906;38.26221466064453;34.73647689819336;34.0466423034668;30.07343292236328;29.003360748291016;21.262968063354492;19.810272216796875;19.514129638671875;14.823465347290039;12.39850902557373;11.476011276245117;9.915946960449219;7.061549186706543;5.052674770355225;3.6087305545806885;2.704315423965454;2.6855876445770264;2.8388051986694336;2.790642261505127;2.7066187858581543;2.590881586074829;2.5358784198760986;2.515531063079834;2.5853488445281982;2.6710267066955566;2.752885103225708;2.8040390014648438;2.68666934967041;2.7414751052856445;2.945746660232544;4.1482768058776855
206,206,1,/home/jasongao/Study/AJAE-v4/results/data/complete/stu-013/world.json,8faa631d821de86e3f2c716b7bddad9a89876338c772c3a3b7635bd0f08c7131,4d1ff713ecead23a4057f64e4c78ae4b63e1026ff0093bf919e774f02e3ac562,112,37,0,26485,175.58245359485056,2.56061053276062,49.87077713012695,73;74;75;77;78;83;84;87;93;94;124;130;154;182;195;219;232;239;244;248;251;253;254;255;256;269;270;272;277;282;287;298;317;340;364;382;429,7;10;14;19;25;30;27;27;32;30;50;58;95;165;201;335;637;1059;1774;3026;3691;2189;935;387;54;142;826;2757;2749;1920;1290;783;477;300;184;109;71,49.87077713012695;49.80889892578125;49.77037811279297;49.54750442504883;49.57190704345703;48.73900604248047;48.5172233581543;47.892635345458984;46.63947677612305;46.31153869628906;37.1297721862793;34.923065185546875;26.70372200012207;19.97855567932129;18.06397819519043;13.64999771118164;9.782571792602539;7.403927326202393;5.586771011352539;4.141069412231445;3.145930290222168;2.7465591430664062;2.7280616760253906;2.6417689323425293;2.56061053276062;2.5631003379821777;2.626955032348633;2.8820111751556396;4.1763014793396;5.55356502532959;6.815368175506592;8.874573707580566;11.427806854248047;14.602422714233398;18.762130737304688;24.023635864257812;31.08544921875
206,206,1,/home/jasongao/Study/AJAE-v4/results/data/complete/stu-014/world.json,6cb4ecb404f336901eb4545b06c2dd1aa400120fb5fddd4b29bbb7b317976d47,d006c7c234b447c5409653a92f69ff6381e7ea2d32cd7d6b92d4114b548e2aca,112,38,0,34206,175.4774798721114,2.554908037185669,49.99090576171875,76;77;81;83;93;95;97;99;121;123;131;145;162;183;192;219;233;243;247;249;251;253;254;255;269;270;271;275;278;281;290;312;336;362;363;381;406;412,7;21;28;28;30;35;35;33;47;51;59;77;116;176;204;351;723;1706;2858;3559;4010;4531;1173;177;63;516;2706;3155;2722;2249;1160;587;334;201;201;128;74;75,49.99090576171875;49.88887023925781;49.27191925048828;48.905277252197266;46.78651428222656;46.330074310302734;45.83422088623047;45.31995391845703;38.36875915527344;37.64468002319336;34.732845306396484;29.8485164642334;24.452306747436523;19.994497299194336;18.683597564697266;13.874908447265625;9.695350646972656;6.261547088623047;4.831196308135986;4.126010417938232;3.4078164100646973;2.7044217586517334;2.6289446353912354;2.561065912246704;2.554908037185669;2.591618061065674;2.60487699508667;3.800642490386963;4.708764553070068;5.570245265960693;7.755529880523682;10.927502632141113;14.246334075927734;18.499252319335938;18.746524810791016;23.97754669189453;30.873889923095703;31.289840698242188
206,206,1,/home/jasongao/Study/AJAE-v4/results/data/complete/stu-015/world.json,aa6ec8ab029d4619539bbcb1f9d92f2b2fd3896530703873c1fe0a3b64f1e4b8,d14177836d082d70db60c8104a1eded0c1c896f8d99f572d29cf89663dc6c309,224,59,0,24441,164.97911283267783,2.515531063079834,49.41316604614258,166;167;168;169;170;172;174;175;176;177;178;179;183;190;191;193;195;196;202;205;206;208;211;212;213;217;225;236;241;249;250;253;276;281;282;309;326;333;344;362;368;372;374;377;378;379;380;381;382;383;393;394;395;396;397;399;400;401;427,8;12;10;12;13;14;18;18;21;22;22;20;20;22;24;24;25;24;24;24;18;26;31;29;24;29;30;40;38;58;49;59;98;117;113;203;286;325;443;914;1520;2275;2547;3085;1098;517;381;262;109;10;5;93;266;426;527;1425;2410;2282;1896,49.41316604614258;49.27002716064453;49.062538146972656;48.731056213378906;48.56155776977539;48.03446578979492;47.63494110107422;47.424560546875;47.22489547729492;47.058387756347656;46.81236267089844;46.67377471923828;46.012718200683594;44.970794677734375;44.881431579589844;44.563331604003906;44.30485153198242;44.18030548095703;43.30048370361328;42.834617614746094;42.6518669128418;42.30478286743164;41.90488815307617;41.5438117980957;41.31477355957031;40.408058166503906;38.26221466064453;34.73647689819336;32.986114501953125;30.07343292236328;29.688064575195312;28.664112091064453;21.262968063354492;19.809703826904297;19.514129638671875;14.823465347290039;12.398626327514648;11.476011276245117;9.916144371032715;6.838432312011719;5.325575828552246;4.198801517486572;3.608924150466919;2.704315423965454;2.6844067573547363;2.838552474975586;2.790618896484375;2.701775312423706;2.5869948863983154;2.5358784198760986;2.515531063079834;2.5853488445281982;2.6720352172851562;2.7521615028381348;2.804596185684204;2.686352252960205;2.741441011428833;2.9458446502685547;4.1482648849487305
206,206,1,/home/jasongao/Study/AJAE-v4/results/data/complete/stu-016/world.json,8faa631d821de86e3f2c716b7bddad9a89876338c772c3a3b7635bd0f08c7131,4d1ff713ecead23a4057f64e4c78ae4b63e1026ff0093bf919e774f02e3ac562,112,38,0,27812,175.58245359485056,2.56061053276062,49.87077713012695,73;74;75;77;78;83;84;87;93;94;123;130;144;163;182;195;219;232;239;244;248;251;253;254;255;256;269;270;271;273;279;283;290;302;319;362;381;429,7;10;14;19;25;30;27;27;31;30;50;58;73;115;166;202;339;637;1058;1774;3024;3692;2187;934;388;54;141;826;1804;3206;2505;1753;1081;694;454;191;115;71,49.87077713012695;49.80889892578125;49.77037811279297;49.54750442504883;49.57190704345703;48.73900604248047;48.5172233581543;47.892635345458984;46.63176345825195;46.31153869628906;37.47272491455078;34.923065185546875;30.001394271850586;23.99529266357422;19.975547790527344;18.058258056640625;13.652003288269043;9.782571792602539;7.40411376953125;5.586771011352539;4.141069412231445;3.1460437774658203;2.7460174560546875;2.7276082038879395;2.641960620880127;2.56061053276062;2.5658340454101562;2.6264781951904297;2.733592987060547;3.063713550567627;4.7250494956970215;5.827817916870117;7.483075141906738;9.382133483886719;11.735349655151367;18.26121711730957;23.74303436279297;31.08544921875
206,206,1,/home/jasongao/Study/AJAE-v4/results/data/complete/stu-017/world.json,6cb4ecb404f336901eb4545b06c2dd1aa400120fb5fddd4b29bbb7b317976d47,d006c7c234b447c5409653a92f69ff6381e7ea2d32cd7d6b92d4114b548e2aca,112,42,0,31349,175.4774798721114,2.554908037185669,49.99090576171875,76;77;81;86;89;95;97;100;107;122;123;131;139;145;174;183;192;219;233;243;248;250;253;254;255;269;270;271;275;278;281;290;312;336;362;363;368;376;395;397;406;412,7;21;28;31;32;35;35;30;36;47;51;59;67;77;156;176;206;352;722;1706;3309;3749;4533;1171;177;63;518;2709;3155;2721;2247;1161;586;335;201;201;180;146;87;78;74;74,49.99090576171875;49.88887023925781;49.27191925048828;48.32238006591797;47.707096099853516;46.330074310302734;45.83422088623047;45.04742431640625;42.98262405395508;37.99246597290039;37.64468002319336;34.732845306396484;31.88833236694336;29.8485164642334;21.667739868164062;19.994497299194336;18.684967041015625;13.875593185424805;9.695383071899414;6.261547088623047;4.484651565551758;3.7693750858306885;2.7042863368988037;2.629171371459961;2.561065912246704;2.554908037185669;2.591618061065674;2.6047208309173584;3.800642490386963;4.708782196044922;5.570245265960693;7.755423069000244;10.927011489868164;14.24686336517334;18.499252319335938;18.746524810791016;20.049705505371094;22.3892822265625;28.47088623046875;29.026979446411133;30.873889923095703;31.29216766357422
206,206,1,/home/jasongao/Study/AJAE-v4/results/data/complete/stu-018/world.json,aa6ec8ab029d4619539bbcb1f9d92f2b2fd3896530703873c1fe0a3b64f1e4b8,d14177836d082d70db60c8104a1eded0c1c896f8d99f572d29cf89663dc6c309,224,62,0,22508,164.97557833056365,2.515531063079834,49.41316604614258,166;167;168;169;170;172;174;175;176;177;178;179;180;183;184;187;190;191;195;196;200;205;208;212;213;215;216;217;219;236;241;249;250;251;274;276;281;282;285;309;326;333;344;361;369;374;377;378;379;380;381;382;383;393;394;395;396;397;399;400;401;427,8;12;10;12;13;14;18;18;21;22;22;20;26;20;23;20;22;24;25;24;28;24;27;29;25;24;29;29;29;40;38;58;50;49;87;97;116;112;126;203;286;323;442;868;1671;2544;3083;1098;517;380;262;109;10;5;92;266;424;525;1422;2407;2282;1898,49.41316604614258;49.27002716064453;49.062538146972656;48.731056213378906;48.56155776977539;48.03446578979492;47.63494110107422;47.424560546875;47.22489547729492;47.058387756347656;46.81236267089844;46.67377471923828;46.538787841796875;46.012718200683594;45.87682342529297;45.420257568359375;44.970794677734375;44.881431579589844;44.30485153198242;44.18030548095703;43.64685821533203;42.834617614746094;42.30893325805664;41.5438117980957;41.316951751708984;40.87896728515625;40.644771575927734;40.408058166503906;39.89711380004883;34.73647689819336;32.986114501953125;30.07343292236328;29.69344139099121;29.330631256103516;21.85430335998535;21.262218475341797;19.810272216796875;19.514049530029297;18.734031677246094;14.823465347290039;12.398626327514648;11.476011276245117;9.915946960449219;7.061959266662598;5.052525997161865;3.6088452339172363;2.704315423965454;2.6855876445770264;2.838552474975586;2.790053129196167;2.701775312423706;2.5947682857513428;2.5358784198760986;2.515531063079834;2.586740732192993;2.6720352172851562;2.7521615028381348;2.8034820556640625;2.686509847640991;2.741100311279297;2.9455227851867676;4.1482648849487305
206,206,1,/home/jasongao/Study/AJAE-v4/results/data/complete/stu-019/world.json,8faa631d821de86e3f2c716b7bddad9a89876338c772c3a3b7635bd0f08c7131,4d1ff713ecead23a4057f64e4c78ae4b63e1026ff0093bf919e774f02e3ac562,112,42,0,27063,175.58245359485056,2.56061053276062,49.87077713012695,73;74;75;77;78;83;84;87;93;94;116;123;130;144;176;180;182;195;219;232;239;244;248;251;253;254;255;256;269;270;272;277;282;287;298;317;342;366;369;375;393;429,7;10;14;19;25;30;27;27;31;30;44;50;58;73;150;161;166;201;339;636;1059;1774;3022;3692;2183;934;388;54;142;825;2754;2748;1922;1292;784;477;288;173;159;138;86;71,49.87077713012695;49.80889892578125;49.77037811279297;49.54750442504883;49.57190704345703;48.73900604248047;48.5172233581543;47.892635345458984;46.63176345825195;46.31153869628906;39.95619201660156;37.47272491455078;34.923065185546875;30.001394271850586;21.031200408935547;20.2767276763916;19.975547790527344;18.052536010742188;13.652003288269043;9.78289794921875;7.404300212860107;5.586619853973389;4.140148162841797;3.1457438468933105;2.7460174560546875;2.7276082038879395;2.641960620880127;2.56061053276062;2.5631003379821777;2.6268537044525146;2.8819236755371094;4.176272392272949;5.55356502532959;6.815368175506592;8.874600410461426;11.427806854248047;14.887895584106445;19.27093505859375;20.10422134399414;21.875919342041016;27.610132217407227;31.08544921875
206,206,1,/home/jasongao/Study/AJAE-v4/results/data/complete/stu-020/world.json,6cb4ecb404f336901eb4545b06c2dd1aa400120fb5fddd4b29bbb7b317976d47,d006c7c234b447c5409653a92f69ff6381e7ea2d32cd7d6b92d4114b548e2aca,112,38,0,30975,175.4774798721114,2.554908037185669,49.99090576171875,76;77;81;83;93;95;97;107;121;123;131;132;160;175;183;192;219;233;243;248;250;253;254;255;269;270;271;275;278;281;290;312;336;362;363;381;406;412,7;21;28;27;30;35;35;35;47;51;59;60;109;150;175;206;352;724;1706;3312;3747;4534;1172;177;63;518;2710;3153;2723;2248;1160;586;335;201;201;129;74;75,49.99090576171875;49.88887023925781;49.27191925048828;48.906822204589844;46.78651428222656;46.330074310302734;45.83422088623047;42.98112869262695;38.36875915527344;37.64468002319336;34.732845306396484;34.37900161743164;25.020492553710938;21.440715789794922;19.994373321533203;18.684967041015625;13.875593185424805;9.695383071899414;6.262014389038086;4.484665870666504;3.7693750858306885;2.704289674758911;2.6290578842163086;2.561065912246704;2.554908037185669;2.591618061065674;2.604778528213501;3.800532817840576;4.708746910095215;5.569911956787109;7.755529880523682;10.927011489868164;14.24686336517334;18.499252319335938;18.746524810791016;23.97742462158203;30.873889923095703;31.289840698242188
206,206,1,/home/jasongao/Study/AJAE-v4/results/data/complete/stu-021/world.json,aa6ec8ab029d4619539bbcb1f9d92f2b2fd3896530703873c1fe0a3b64f1e4b8,d14177836d082d70db60c8104a1eded0c1c896f8d99f572d29cf89663dc6c309,224,57,0,22219,164.97911283267783,2.515531063079834,49.41316604614258,166;167;168;170;172;174;175;176;177;178;179;183;190;191;193;195;196;205;206;208;211;212;213;214;217;218;225;236;238;249;252;276;281;282;309;326;333;344;361;369;374;377;378;379;380;381;382;383;393;394;395;396;397;399;400;401;427,8;12;10;12;14;18;18;21;22;22;19;20;22;24;24;25;24;24;20;27;31;29;25;24;29;30;30;40;39;58;48;98;118;113;203;285;325;442;866;1673;2543;3086;1094;517;380;260;109;10;5;92;266;426;527;1424;2411;2278;1899,49.41316604614258;49.27002716064453;49.062538146972656;48.554222106933594;48.03446578979492;47.63494110107422;47.424560546875;47.22489547729492;47.058387756347656;46.81236267089844;46.68453598022461;46.012718200683594;44.970794677734375;44.881431579589844;44.563331604003906;44.30485153198242;44.18030548095703;42.834617614746094;42.6518669128418;42.30893325805664;41.90488815307617;41.5438117980957;41.316951751708984;41.11181640625;40.408058166503906;40.24269104003906;38.26221466064453;34.73647689819336;34.0466423034668;30.07343292236328;29.003360748291016;21.262968063354492;19.810272216796875;19.514129638671875;14.823465347290039;12.39850902557373;11.476011276245117;9.915946960449219;7.061959266662598;5.052674770355225;3.608766555786133;2.7043004035949707;2.6844067573547363;2.838552474975586;2.790642261505127;2.700759172439575;2.5947682857513428;2.5358784198760986;2.515531063079834;2.586740732192993;2.6720352172851562;2.7521615028381348;2.8034820556640625;2.6866683959960938;2.741462230682373;2.945101737976074;4.1482768058776855
206,206,1,/home/jasongao/Study/AJAE-v4/results/data/complete/stu-022/world.json,8faa631d821de86e3f2c716b7bddad9a89876338c772c3a3b7635bd0f08c7131,4d1ff713ecead23a4057f64e4c78ae4b63e1026ff0093bf919e774f02e3ac562,112,38,0,28738,175.58573321325875,2.56061053276062,49.87077713012695,73;74;75;77;78;83;84;87;93;94;123;130;154;182;195;219;232;239;244;248;251;253;254;255;256;269;270;271;273;277;282;287;298;317;340;364;382;427,7;10;14;19;25;30;27;27;32;30;50;58;95;166;202;338;637;1059;1774;3027;3691;2185;934;389;54;142;825;1803;3203;2749;1921;1290;782;476;302;184;110;71,49.87077713012695;49.80889892578125;49.77037811279297;49.54750442504883;49.57190704345703;48.73900604248047;48.5172233581543;47.892635345458984;46.63947677612305;46.31153869628906;37.47272491455078;34.923065185546875;26.70372200012207;19.975547790527344;18.058258056640625;13.654901504516602;9.782571792602539;7.404300212860107;5.586619853973389;4.14065408706665;3.1461570262908936;2.7456421852111816;2.7276082038879395;2.6421525478363037;2.56061053276062;2.5631003379821777;2.6268537044525146;2.7339725494384766;3.063688039779663;4.175647735595703;5.5541510581970215;6.815368175506592;8.874600410461426;11.42724609375;14.602422714233398;18.762130737304688;24.023483276367188;31.082584381103516
206,206,1,/home/jasongao/Study/AJAE-v4/results/data/complete/stu-023/world.json,6cb4ecb404f336901eb4545b06c2dd1aa400120fb5fddd4b29bbb7b317976d47,d006c7c234b447c5409653a92f69ff6381e7ea2d32cd7d6b92d4114b548e2aca,112,38,0,34224,175.4774798721114,2.554908037185669,49.99090576171875,76;77;81;83;95;96;107;111;121;125;131;145;162;183;192;219;233;243;247;249;251;253;254;255;269;270;271;275;278;281;290;312;336;362;363;381;406;412,7;21;28;28;35;33;36;39;47;53;59;77;116;176;206;352;723;1707;2853;3559;4019;4532;1171;176;63;517;2708;3153;2723;2248;1160;586;334;201;201;129;73;75,49.99090576171875;49.88887023925781;49.27191925048828;48.905277252197266;46.330074310302734;46.057559967041016;42.98262405395508;41.734500885009766;38.36875915527344;36.914371490478516;34.732845306396484;29.8485164642334;24.452306747436523;19.994497299194336;18.684967041015625;13.875593185424805;9.695350646972656;6.261658668518066;4.831268787384033;4.126010417938232;3.4078211784362793;2.704310894012451;2.6287379264831543;2.5614521503448486;2.554908037185669;2.5916664600372314;2.604778528213501;3.800642490386963;4.708782196044922;5.569911956787109;7.755404472351074;10.927011489868164;14.246334075927734;18.499252319335938;18.746524810791016;23.97742462158203;30.876310348510742;31.289840698242188
206,206,1,/home/jasongao/Study/AJAE-v4/results/data/complete/stu-024/world.json,aa6ec8ab029d4619539bbcb1f9d92f2b2fd3896530703873c1fe0a3b64f1e4b8,d14177836d082d70db60c8104a1eded0c1c896f8d99f572d29cf89663dc6c309,224,60,0,24467,164.97911283267783,2.515531063079834,49.41316604614258,166;167;168;169;170;172;174;175;176;177;178;182;183;190;191;195;196;200;205;206;208;209;211;212;213;214;225;228;236;238;249;250;251;276;281;282;309;326;333;344;362;368;372;374;377;378;379;380;381;382;383;393;394;395;396;397;399;400;401;427,8;12;10;12;13;14;18;18;21;22;22;20;20;21;24;25;24;29;24;20;27;27;30;29;25;24;30;33;40;39;58;50;49;98;118;113;203;286;324;443;910;1520;2276;2541;3084;1096;517;381;260;109;10;5;93;265;425;528;1429;2413;2283;1899,49.41316604614258;49.27002716064453;49.062538146972656;48.731056213378906;48.56155776977539;48.03446578979492;47.63494110107422;47.424560546875;47.22489547729492;47.058387756347656;46.81236267089844;46.14678192138672;46.012718200683594;44.96555709838867;44.881431579589844;44.30485153198242;44.18030548095703;43.637943267822266;42.834617614746094;42.6518669128418;42.30893325805664;42.14574432373047;41.821678161621094;41.5438117980957;41.316951751708984;41.11181640625;38.26221466064453;37.389312744140625;34.73647689819336;34.0466423034668;30.07343292236328;29.69344139099121;29.330631256103516;21.262968063354492;19.810272216796875;19.514129638671875;14.823465347290039;12.398626327514648;11.476030349731445;9.916144371032715;6.838432312011719;5.325575828552246;4.198589324951172;3.608694553375244;2.7043004035949707;2.6855876445770264;2.8388051986694336;2.790618896484375;2.7066187858581543;2.5869948863983154;2.5358784198760986;2.515531063079834;2.5853488445281982;2.672805070877075;2.7514381408691406;2.8040390014648438;2.68666934967041;2.741488218307495;2.9459424018859863;4.1482768058776855
206,206,1,/home/jasongao/Study/AJAE-v4/results/data/complete/stu-025/world.json,8faa631d821de86e3f2c716b7bddad9a89876338c772c3a3b7635bd0f08c7131,4d1ff713ecead23a4057f64e4c78ae4b63e1026ff0093bf919e774f02e3ac562,112,39,0,28954,175.58573321325875,2.56061053276062,49.87077713012695,73;74;75;77;78;83;84;87;93;94;123;130;144;163;182;195;219;232;239;244;248;251;253;254;255;256;269;270;272;275;279;283;289;300;318;340;362;381;427,7;10;14;19;25;30;27;27;32;30;50;58;73;115;166;200;339;636;1059;1773;3024;3688;2186;932;389;54;142;826;2755;2990;2502;1753;1141;733;469;302;190;117;71,49.87077713012695;49.80889892578125;49.77037811279297;49.54750442504883;49.57190704345703;48.73900604248047;48.5172233581543;47.892635345458984;46.63947677612305;46.31153869628906;37.47272491455078;34.923065185546875;30.001394271850586;23.99529266357422;19.975547790527344;18.051517486572266;13.652003288269043;9.780797958374023;7.403927326202393;5.586572170257568;4.140148162841797;3.1457438468933105;2.746288299560547;2.7276082038879395;2.6421525478363037;2.56061053276062;2.5631003379821777;2.626955032348633;2.8820111751556396;3.6067166328430176;4.724282741546631;5.827220916748047;7.265435218811035;9.14627742767334;11.5849027633667;14.602422714233398;18.266223907470703;23.753768920898438;31.082584381103516
206,206,1,/home/jasongao/Study/AJAE-v4/results/data/complete/stu-026/world.json,6cb4ecb404f336901eb4545b06c2dd1aa400120fb5fddd4b29bbb7b317976d47,d006c7c234b447c5409653a92f69ff6381e7ea2d32cd7d6b92d4114b548e2aca,112,40,0,31239,175.4774798721114,2.554908037185669,49.99090576171875,76;77;81;83;93;95;97;107;121;123;131;145;172;183;192;219;233;243;248;250;253;254;255;269;270;271;275;278;281;290;312;336;362;363;368;376;397;398;406;412,7;21;28;28;30;35;35;36;47;51;58;77;140;176;206;352;724;1707;3311;3748;4538;1172;176;63;516;2709;3153;2722;2248;1162;587;334;201;201;181;146;79;86;74;74,49.99090576171875;49.88887023925781;49.27191925048828;48.905277252197266;46.78651428222656;46.330074310302734;45.83422088623047;42.98262405395508;38.36875915527344;37.64468002319336;34.736572265625;29.8485164642334;22.083393096923828;19.994497299194336;18.684967041015625;13.875593185424805;9.695383071899414;6.261658668518066;4.484651565551758;3.7693090438842773;2.7043752670288086;2.6290578842163086;2.5614521503448486;2.554908037185669;2.5921592712402344;2.6048362255096436;3.800642490386963;4.708764553070068;5.5702619552612305;7.755529880523682;10.927502632141113;14.247289657592773;18.499252319335938;18.746524810791016;20.05213737487793;22.3892822265625;29.02960205078125;29.320831298828125;30.873889923095703;31.28870391845703
206,206,1,/home/jasongao/Study/AJAE-v4/results/data/complete/stu-027/world.json,aa6ec8ab029d4619539bbcb1f9d92f2b2fd3896530703873c1fe0a3b64f1e4b8,d14177836d082d70db60c8104a1eded0c1c896f8d99f572d29cf89663dc6c309,224,69,0,26373,162.06495154077706,2.5140528678894043,49.85220718383789,164;165;166;167;169;170;171;173;175;176;177;179;180;182;183;184;185;186;187;188;189;190;191;192;193;196;197;199;204;205;207;208;210;214;215;217;218;219;236;247;249;250;261;279;281;284;308;310;339;344;361;369;375;377;378;379;380;381;382;383;392;393;394;395;397;399;403;437;445,9;11;14;17;17;16;21;19;18;20;23;20;23;20;20;24;23;25;20;26;20;22;24;25;23;24;27;24;28;24;24;24;25;25;24;28;32;30;35;50;51;49;70;105;111;124;194;211;388;446;858;1703;2828;3245;1845;901;681;477;226;36;6;94;305;565;1027;2711;2242;1916;2034,49.85220718383789;49.620487213134766;49.42034149169922;49.17993927001953;48.70841979980469;48.46050262451172;48.32086944580078;47.845848083496094;47.388832092285156;47.197166442871094;47.005306243896484;46.61848449707031;46.47683334350586;46.135581970214844;45.97077178955078;45.86674499511719;45.68935775756836;45.61460876464844;45.39240264892578;45.30083084106445;45.10138702392578;44.932395935058594;44.82295608520508;44.654136657714844;44.50914001464844;44.11516571044922;44.01992416381836;43.713653564453125;42.997215270996094;42.826377868652344;42.47051239013672;42.271690368652344;41.90268325805664;41.0631103515625;40.844566345214844;40.35907745361328;40.254913330078125;39.900306701660156;34.6912841796875;30.722782135009766;29.988975524902344;29.636343002319336;25.944732666015625;20.31218147277832;19.745786666870117;18.938236236572266;14.916993141174316;14.6205472946167;10.585532188415527;9.87374496459961;7.0291748046875;5.0479278564453125;3.357820987701416;2.782247543334961;2.695323944091797;2.844935655593872;2.807623863220215;2.700195074081421;2.6116065979003906;2.556521415710449;2.5140528678894043;2.5401344299316406;2.6797852516174316;2.7518231868743896;2.847740650177002;2.7591817378997803;3.50455379486084;4.242905139923096;3.960195541381836
206,206,1,/home/jasongao/Study/AJAE-v4/results/data/complete/stu-028/world.json,8faa631d821de86e3f2c716b7bddad9a89876338c772c3a3b7635bd0f08c7131,4d1ff713ecead23a4057f64e4c78ae4b63e1026ff0093bf919e774f02e3ac562,112,43,0,29338,175.58245359485056,2.5622780323028564,49.87077713012695,73;74;75;77;78;83;84;87;93;94;116;123;130;144;178;180;182;195;219;232;239;244;248;251;253;254;255;256;269;270;271;273;277;282;287;298;317;342;367;369;372;390;429,7;10;14;19;25;30;27;27;32;29;44;50;58;73;159;162;165;202;338;637;1058;1774;3019;3692;2189;934;386;53;142;826;1804;3204;2744;1923;1292;783;476;288;172;160;148;92;71,49.87077713012695;49.80889892578125;49.77037811279297;49.54750442504883;49.57190704345703;48.73900604248047;48.5172233581543;47.892635345458984;46.63947677612305;46.327789306640625;39.95619201660156;37.47272491455078;34.923065185546875;30.001394271850586;20.67018699645996;20.277833938598633;19.97254180908203;18.058258056640625;13.6510009765625;9.782571792602539;7.404303073883057;5.586619853973389;4.140269756317139;3.1457438468933105;2.7460174560546875;2.7276082038879395;2.6417653560638428;2.5622780323028564;2.5631003379821777;2.626955032348633;2.7338151931762695;3.063713550567627;4.173592567443848;5.553977966308594;6.815368175506592;8.874627113342285;11.42724609375;14.887895584106445;19.54137420654297;20.100196838378906;20.995817184448242;26.698017120361328;31.08544921875
206,206,1,/home/jasongao/Study/AJAE-v4/results/data/complete/stu-084/world.json,c849bae4ea6038eeaf624c18482ce8570047eda214ab94d113990aff8e1e3339,1d737d3237fdb316ccf26d0984f8dcb0402472839aacdceb14f44c584ee49c0f,336,50,0,1658,75.34303491541996,23.537269592285156,46.6236572265625,209;211;213;260;262;263;266;272;276;278;281;283;284;285;288;289;292;293;294;297;300;303;304;307;309;311;316;320;321;323;325;327;339;346;347;348;349;350;355;358;361;384;386;387;388;390;391;392;409;426,10;25;10;20;25;25;32;33;15;11;27;28;26;22;13;13;7;5;7;6;7;15;15;20;22;21;43;25;26;29;55;67;61;26;28;30;40;45;70;60;71;89;85;74;30;15;21;51;85;72,46.6236572265625;46.45943832397461;46.48407745361328;34.93756866455078;34.542991638183594;34.177146911621094;33.58708190917969;32.20986557006836;31.682275772094727;30.751766204833984;30.504209518432617;29.941272735595703;29.780920028686523;29.707286834716797;29.49309730529785;29.40546989440918;29.77529525756836;29.23078727722168;29.726774215698242;28.494556427001953;28.021045684814453;27.828807830810547;27.776952743530273;27.509925842285156;27.43004608154297;27.26378059387207;26.908973693847656;26.654062271118164;26.528236389160156;26.706552505493164;26.392799377441406;26.324621200561523;25.80988311767578;25.420413970947266;25.458175659179688;25.302772521972656;25.363155364990234;25.33013343811035;24.988101959228516;24.76175308227539;24.593852996826172;23.576623916625977;23.621639251708984;23.596345901489258;23.537269592285156;23.796701431274414;24.397323608398438;23.955059051513672;24.86517333984375;24.93642807006836
206,206,1,/home/jasongao/Study/AJAE-v4/results/data/complete/stu-085/world.json,b3b9aa5ac38e1dca3c273ac0b4d96a426bbb787dc91d5ced5ef22857608a46b0,d19557e5b1f6e33cde20cf9045538936770ab4427d7b806146dc86334ebe5044,224,47,0,28160,172.36875527979095,2.5628349781036377,41.131927490234375,155;156;158;160;162;163;164;167;168;169;171;173;177;178;182;183;192;196;197;205;213;219;230;236;247;264;278;293;311;315;321;325;330;332;333;334;340;342;345;347;353;360;364;368;374;386;412,6;6;6;7;9;11;15;19;19;22;33;26;23;25;12;9;6;5;11;23;38;54;66;77;107;206;412;970;2225;2519;2919;2135;842;420;257;152;209;340;731;1584;3065;2775;2389;1721;1027;437;190,41.131927490234375;40.905616760253906;40.286643981933594;39.59577941894531;39.10932159423828;38.81489181518555;38.53369140625;37.83755111694336;37.59922790527344;37.400264739990234;37.00189208984375;36.571868896484375;35.731529235839844;35.554080963134766;34.957557678222656;34.82208251953125;33.359493255615234;32.826480865478516;32.709449768066406;31.538774490356445;30.080455780029297;28.743654251098633;25.603588104248047;23.6469669342041;19.72441291809082;14.061799049377441;9.761841773986816;6.204364776611328;4.009607791900635;3.5409512519836426;2.909977436065674;2.764564275741577;2.6144614219665527;2.563835620880127;2.5628349781036377;2.579953670501709;2.617112874984741;2.644468307495117;2.652540445327759;2.63378643989563;3.0178158283233643;3.9349050521850586;4.680426120758057;5.585075378417969;7.14166784286499;10.746903419494629;16.37191390991211
206,206,1,/home/jasongao/Study/AJAE-v4/results/data/complete/stu-087/world.json,c849bae4ea6038eeaf624c18482ce8570047eda214ab94d113990aff8e1e3339,1d737d3237fdb316ccf26d0984f8dcb0402472839aacdceb14f44c584ee49c0f,336,48,0,1511,75.34303491541996,23.537269592285156,46.6236572265625,209;211;213;260;262;263;266;273;276;278;281;283;284;285;289;290;292;293;294;297;301;302;304;305;308;314;319;321;324;325;327;346;347;348;349;350;356;358;359;370;387;388;390;391;392;397;409;426,10;26;10;20;25;25;32;35;15;11;27;28;26;22;13;10;7;5;7;6;7;10;15;22;24;38;20;26;34;56;67;25;28;30;40;45;70;59;67;54;74;30;15;21;51;68;84;71,46.6236572265625;46.4505615234375;46.48407745361328;34.93756866455078;34.542991638183594;34.177146911621094;33.58708190917969;31.973573684692383;31.682275772094727;30.751766204833984;30.504209518432617;29.941272735595703;29.780920028686523;29.707286834716797;29.40546989440918;29.436304092407227;29.77529525756836;29.23078727722168;29.726774215698242;28.494556427001953;27.966657638549805;27.846202850341797;27.776952743530273;27.689605712890625;27.49941062927246;27.047435760498047;26.720922470092773;26.528236389160156;26.48688507080078;26.39403533935547;26.324621200561523;25.384016036987305;25.458175659179688;25.302772521972656;25.363155364990234;25.33013343811035;24.940105438232422;24.74782943725586;24.725444793701172;24.157630920410156;23.596345901489258;23.537269592285156;23.796701431274414;24.397323608398438;23.955059051513672;24.046485900878906;24.848670959472656;24.937767028808594
206,206,1,/home/jasongao/Study/AJAE-v4/results/data/complete/stu-088/world.json,b3b9aa5ac38e1dca3c273ac0b4d96a426bbb787dc91d5ced5ef22857608a46b0,d19557e5b1f6e33cde20cf9045538936770ab4427d7b806146dc86334ebe5044,224,53,0,34111,172.36875527979095,2.562129020690918,41.131927490234375,155;156;158;160;162;163;164;167;168;169;171;177;178;179;182;183;192;196;197;205;206;212;219;230;236;245;246;247;264;278;293;303;312;315;321;323;327;330;332;333;334;340;342;345;347;349;356;362;365;369;375;387;412,6;6;6;7;9;11;15;19;19;22;33;23;25;26;12;9;6;5;11;23;23;37;54;66;77;99;104;108;207;412;970;1553;2290;2519;2919;2611;1617;843;420;256;152;208;341;731;1585;2574;3045;2624;2244;1576;948;415;190,41.131927490234375;40.905616760253906;40.286643981933594;39.59577941894531;39.10932159423828;38.81489181518555;38.53369140625;37.83755111694336;37.59922790527344;37.400264739990234;37.00189208984375;35.731529235839844;35.554080963134766;35.356414794921875;34.957557678222656;34.82208251953125;33.359493255615234;32.826480865478516;32.709449768066406;31.538774490356445;31.389713287353516;30.296907424926758;28.743654251098633;25.603588104248047;23.6469669342041;20.44147491455078;20.071388244628906;19.717388153076172;14.061920166015625;9.761841773986816;6.204794883728027;4.9105353355407715;3.898904323577881;3.5407841205596924;2.9098775386810303;2.8146586418151855;2.7048425674438477;2.6144533157348633;2.563835620880127;2.562129020690918;2.579953670501709;2.615449905395508;2.644993543624878;2.652540445327759;2.6337974071502686;2.7042038440704346;3.351696491241455;4.277509689331055;4.897709846496582;5.828887939453125;7.414913654327393;11.064208984375;16.37191390991211
206,206,1,/home/jasongao/Study/AJAE-v4/results/data/complete/stu-090/world.json,c849bae4ea6038eeaf624c18482ce8570047eda214ab94d113990aff8e1e3339,1d737d3237fdb316ccf26d0984f8dcb0402472839aacdceb14f44c584ee49c0f,336,59,0,1921,75.34303491541996,23.537269592285156,46.6236572265625,209;211;212;213;259;260;263;264;266;273;274;275;276;278;281;283;284;285;286;287;288;289;290;291;292;293;294;297;300;301;303;304;308;310;315;321;323;325;327;339;346;347;348;349;350;355;358;361;370;384;385;386;387;388;390;391;392;409;426,10;26;23;10;19;20;25;26;32;35;28;26;15;11;27;28;26;22;19;20;13;13;10;9;7;5;7;6;7;7;15;15;24;22;41;26;29;56;67;62;26;28;30;40;45;71;60;72;53;89;85;86;74;30;15;21;51;84;72,46.6236572265625;46.4505615234375;46.43941116333008;46.48407745361328;35.04588317871094;34.93756866455078;34.177146911621094;34.026695251464844;33.58708190917969;31.973573684692383;31.646263122558594;31.672100067138672;31.682275772094727;30.751766204833984;30.504209518432617;29.941272735595703;29.780920028686523;29.707286834716797;29.420494079589844;29.422142028808594;29.49309730529785;29.40546989440918;29.436304092407227;29.53950309753418;29.77529525756836;29.23078727722168;29.726774215698242;28.494556427001953;28.021045684814453;27.966657638549805;27.828807830810547;27.776952743530273;27.49941062927246;27.28467559814453;26.961759567260742;26.528236389160156;26.706552505493164;26.39403533935547;26.324621200561523;25.807079315185547;25.420413970947266;25.458175659179688;25.302772521972656;25.363155364990234;25.33013343811035;24.988752365112305;24.76175308227539;24.610963821411133;24.158098220825195;23.576623916625977;23.667938232421875;23.622467041015625;23.596345901489258;23.537269592285156;23.796701431274414;24.397323608398438;23.955059051513672;24.875083923339844;24.93642807006836
206,206,1,/home/jasongao/Study/AJAE-v4/results/data/complete/stu-091/world.json,b3b9aa5ac38e1dca3c273ac0b4d96a426bbb787dc91d5ced5ef22857608a46b0,d19557e5b1f6e33cde20cf9045538936770ab4427d7b806146dc86334ebe5044,224,57,0,32179,172.36875527979095,2.5628349781036377,41.131927490234375,155;156;158;160;161;162;163;164;165;167;168;169;170;171;172;177;180;182;183;192;196;197;199;205;211;213;214;215;218;219;230;240;247;264;278;288;299;311;314;321;323;326;329;331;333;334;340;342;345;347;353;360;364;368;374;386;412,6;6;6;7;12;9;11;15;15;19;19;22;29;32;27;23;19;12;9;6;5;11;11;23;31;38;40;41;48;54;66;85;108;206;412;729;1294;2221;2441;2914;2610;1869;1111;637;257;152;209;341;732;1581;3062;2773;2390;1720;1025;438;190,41.131927490234375;40.905616760253906;40.286643981933594;39.59577941894531;39.3604850769043;39.10932159423828;38.81489181518555;38.53369140625;38.32578659057617;37.83755111694336;37.59922790527344;37.400264739990234;37.19282150268555;36.99852752685547;36.769264221191406;35.731529235839844;35.24532699584961;34.957557678222656;34.82208251953125;33.359493255615234;32.826480865478516;32.709449768066406;32.42293167114258;31.538774490356445;30.490646362304688;30.080455780029297;29.87547492980957;29.66953468322754;28.997692108154297;28.743654251098633;25.603588104248047;22.249841690063477;19.717388153076172;14.061799049377441;9.761841773986816;7.16682243347168;5.333890438079834;4.009607791900635;3.656775712966919;2.9099273681640625;2.8145430088043213;2.732469081878662;2.6469063758850098;2.5881733894348145;2.5628349781036377;2.579953670501709;2.617112874984741;2.644993543624878;2.652904987335205;2.633775472640991;3.01772141456604;3.9349050521850586;4.679771900177002;5.58510160446167;7.14166784286499;10.748329162597656;16.37191390991211
206,206,1,/home/jasongao/Study/AJAE-v4/results/data/complete/stu-092/world.json,c849bae4ea6038eeaf624c18482ce8570047eda214ab94d113990aff8e1e3339,acea75e4a022f8aeba6cc95c62b58bc84298b945016a0364a2389cbd1e872672,112,50,0,22545,175.0237808308496,2.5578579902648926,49.968448638916016,76;77;78;79;82;83;85;87;89;94;100;107;109;110;116;117;131;132;133;160;183;206;222;233;240;246;250;253;255;256;268;269;271;273;277;282;287;297;316;325;341;366;368;369;373;399;400;402;414;448,12;18;21;25;23;26;25;23;26;23;27;30;28;31;32;32;43;50;46;86;132;201;301;577;998;2002;2857;2675;795;138;8;469;1384;2019;2076;1668;1108;694;415;333;247;142;137;124;124;63;62;62;50;57,49.968448638916016;49.83529281616211;49.710201263427734;49.56978988647461;49.0445442199707;48.86524200439453;48.49531555175781;48.05968475341797;47.63925552368164;46.50071334838867;45.03592300415039;42.94935607910156;42.32025909423828;42.01833724975586;40.05350875854492;39.72122573852539;34.668949127197266;34.352691650390625;33.97723388671875;24.980316162109375;19.94770050048828;16.5833797454834;13.056741714477539;9.668954849243164;7.31309700012207;5.177894592285156;3.790172576904297;2.8511762619018555;2.6213862895965576;2.5578579902648926;2.5651397705078125;2.629345417022705;2.890857696533203;3.2549362182617188;4.417335510253906;5.834199905395508;7.076107025146484;8.949146270751953;11.490870475769043;12.776576042175293;14.944109916687012;19.464679718017578;20.00913429260254;20.277278900146484;21.455997467041016;29.534957885742188;29.772258758544922;30.205862045288086;31.203548431396484;30.694255828857422
206,206,1,/home/jasongao/Study/AJAE-v4/results/data/complete/stu-093/world.json,6cb4ecb404f336901eb4545b06c2dd1aa400120fb5fddd4b29bbb7b317976d47,d006c7c234b447c5409653a92f69ff6381e7ea2d32cd7d6b92d4114b548e2aca,224,58,0,18451,164.9830355021158,2.5533502101898193,49.61176300048828,166;167;169;171;172;173;174;176;177;178;179;180;183;185;187;191;194;195;196;199;204;205;206;207;208;211;217;218;220;225;226;229;236;239;243;254;256;278;282;317;345;362;370;375;378;379;380;381;382;394;395;396;397;398;399;401;427;448,6;8;11;11;14;14;17;15;20;15;20;18;20;18;20;22;18;21;23;23;18;23;20;24;23;20;24;24;24;26;28;29;30;28;35;51;51;92;99;201;376;739;1467;2186;2345;603;303;160;32;26;160;322;496;991;2009;1862;1523;1647,49.61176300048828;49.37133026123047;48.89298629760742;48.609291076660156;48.245826721191406;48.02352523803711;47.890411376953125;47.42539978027344;47.315826416015625;47.021297454833984;46.940181732177734;46.70197296142578;46.27145767211914;45.95501708984375;45.676063537597656;45.167091369628906;44.643310546875;44.52930450439453;44.44584274291992;44.008480072021484;43.21002960205078;43.117645263671875;42.90351867675781;42.75768280029297;42.5468635559082;41.9575080871582;40.620704650878906;40.381072998046875;39.865047454833984;38.47074508666992;38.16631317138672;37.231529235839844;34.95503234863281;33.90195083618164;32.461177825927734;28.529800415039062;27.845775604248047;20.895946502685547;19.721752166748047;13.848610877990723;9.98141860961914;7.0467634201049805;4.985464572906494;3.522369146347046;2.62149977684021;2.7151811122894287;2.7236077785491943;2.6451268196105957;2.5533502101898193;2.60935640335083;2.6499667167663574;2.7024054527282715;2.743128776550293;2.6884069442749023;2.6990394592285156;3.140836715698242;4.354146957397461;3.819584369659424
206,206,1,/home/jasongao/Study/AJAE-v4/results/data/complete/stu-094/world.json,b3b9aa5ac38e1dca3c273ac0b4d96a426bbb787dc91d5ced5ef22857608a46b0,27c42c117bcd3e566f011bcecdd269bd66015ef70bf28c56e7b78b4e46ba70a5,112,59,0,16110,175.4073297306397,2.5432302951812744,49.85224151611328,76;77;80;81;83;84;88;89;90;92;93;94;102;103;104;107;111;113;115;117;118;119;130;138;140;142;147;150;176;183;204;219;232;238;243;249;253;254;255;269;270;273;277;279;286;303;333;366;368;369;392;398;403;410;415;419;427;439;447,10;14;16;17;19;15;20;20;21;18;20;19;22;21;21;22;26;22;28;27;29;27;34;41;43;42;50;56;92;102;140;208;380;597;969;2146;2240;530;22;70;313;2072;1764;1600;848;412;206;106;98;94;52;47;43;39;39;40;40;40;41,49.85224151611328;49.7554817199707;49.28715515136719;49.134674072265625;48.84907913208008;48.65855407714844;47.818241119384766;47.5692138671875;47.36446762084961;46.931968688964844;46.679237365722656;46.449161529541016;44.39546203613281;44.09907913208008;43.80671310424805;42.91638946533203;41.65228271484375;40.991600036621094;40.349212646484375;39.703094482421875;39.35177230834961;39.00390625;34.98193359375;32.14818572998047;31.43444061279297;30.736629486083984;29.06546401977539;28.091381072998047;21.11474609375;19.880794525146484;16.84527587890625;13.75468635559082;9.900296211242676;7.88233757019043;6.121973991394043;3.9766392707824707;2.6800389289855957;2.5658299922943115;2.5432302951812744;2.598196029663086;2.6301167011260986;3.088163375854492;4.2703328132629395;4.86594295501709;6.711576461791992;9.627084732055664;13.714831352233887;19.379840850830078;19.941261291503906;20.21656036376953;27.4268798828125;29.207311630249023;30.305095672607422;31.121971130371094;31.162410736083984;31.163803100585938;31.180744171142578;31.059471130371094;30.68218231201172
206,206,1,/home/jasongao/Study/AJAE-v4/results/data/complete/stu-095/world.json,de646090b34d74c09a10e46fdcdefc70c8cb3192393da2f0a8b3ee7f208ea781,d5f21d7fd441b309ecddf157afd47cdf718452fc1d99f756ae97b54175516d7d,112,33,0,35767,175.12614787971373,2.5415053367614746,49.97142028808594,76;77;83;94;110;131;154;179;183;202;216;233;241;246;249;253;254;255;256;257;268;269;270;274;278;283;290;310;334;361;381;412;439,16;33;38;42;51;69;104;206;214;283;397;899;1738;3113;4403;4513;2630;1290;367;56;120;871;1839;3531;3326;2354;1452;761;452;266;152;95;86,49.97142028808594;49.86520767211914;48.87445068359375;46.526153564453125;42.03458786010742;34.681556701660156;26.83936309814453;20.621213912963867;19.96414566040039;17.238248825073242;14.582260131835938;9.683045387268066;6.969348907470703;5.187736511230469;4.142480850219727;2.843080997467041;2.7421905994415283;2.6490530967712402;2.5998599529266357;2.5415053367614746;2.564943313598633;2.610318422317505;2.7061667442321777;3.563328981399536;4.732390403747559;6.120233535766602;7.7489118576049805;10.627554893493652;13.952961921691895;18.253089904785156;23.939477920532227;31.263940811157227;31.13931655883789
206,206,1,/home/jasongao/Study/AJAE-v4/results/data/complete/stu-096/world.json,de646090b34d74c09a10e46fdcdefc70c8cb3192393da2f0a8b3ee7f208ea781,d5f21d7fd441b309ecddf157afd47cdf718452fc1d99f756ae97b54175516d7d,224,61,0,17156,162.8242114476698,2.565558433532715,48.99845504760742,166;167;171;174;176;177;178;181;182;183;188;193;196;198;203;204;205;209;210;214;216;217;222;226;232;233;235;242;246;248;262;263;268;273;279;281;286;289;299;302;312;324;325;341;360;369;374;378;380;381;382;383;384;392;393;394;396;398;400;402;430,5;8;9;12;13;14;12;15;16;16;15;15;16;17;19;16;16;18;19;16;19;20;23;23;25;26;25;28;32;34;46;50;54;61;75;75;85;99;117;122;145;192;200;293;611;1355;1880;1260;958;797;597;349;98;91;318;570;926;1166;1329;1353;1342,48.99845504760742;48.96092224121094;47.92115783691406;47.23181915283203;46.83611297607422;46.633544921875;46.40601348876953;45.91859817504883;45.79347229003906;45.672828674316406;44.924415588378906;44.17121887207031;43.79692077636719;43.52521514892578;42.827354431152344;42.59038543701172;42.43848419189453;41.746299743652344;41.61320877075195;40.695213317871094;40.390716552734375;40.03775405883789;38.781410217285156;37.62044143676758;35.678680419921875;35.34009552001953;34.714935302734375;32.20453643798828;30.76805877685547;30.007959365844727;25.2669677734375;24.975988388061523;23.380084991455078;21.780824661254883;19.995676040649414;19.39688491821289;18.09613037109375;17.42485237121582;15.664444923400879;15.296735763549805;14.002324104309082;12.2520112991333;12.1420259475708;9.967907905578613;6.910282611846924;4.708798408508301;3.331240177154541;2.9460747241973877;2.893246650695801;2.812002420425415;2.738384246826172;2.653614044189453;2.565558433532715;2.5879621505737305;2.67067813873291;2.744771957397461;2.9124860763549805;3.0025253295898438;3.101661205291748;3.2612578868865967;3.882753849029541
206,206,1,/home/jasongao/Study/AJAE-v4/results/data/complete/stu-097/world.json,de646090b34d74c09a10e46fdcdefc70c8cb3192393da2f0a8b3ee7f208ea781,d5f21d7fd441b309ecddf157afd47cdf718452fc1d99f756ae97b54175516d7d,112,50,0,26011,175.414613538295,2.5679962635040283,49.90171813964844,71;72;73;74;75;77;81;84;86;91;93;95;96;108;112;116;122;130;142;156;163;178;182;190;217;231;239;244;248;251;254;256;257;258;267;268;270;274;280;284;291;305;323;364;368;371;397;405;443;444,6;9;12;15;14;21;29;27;31;33;32;35;34;38;44;46;51;61;76;103;124;162;170;200;330;623;1134;1933;3037;3255;1379;619;316;93;107;421;1280;2818;2456;1783;1115;688;442;186;170;159;77;77;70;70,49.90171813964844;49.857662200927734;49.805206298828125;49.70450210571289;49.526206970214844;49.38840103149414;48.910186767578125;48.32133102416992;48.08216857910156;46.98087692260742;46.45441436767578;46.1491813659668;45.90338134765625;42.4560546875;41.126590728759766;39.839813232421875;37.76932907104492;34.8093376159668;30.577110290527344;25.95159339904785;23.96971893310547;20.560287475585938;19.865680694580078;18.66162109375;14.00218391418457;9.963680267333984;7.238411903381348;5.422821521759033;4.025904178619385;3.1183927059173584;2.9152019023895264;2.721996307373047;2.6488699913024902;2.5679962635040283;2.585270881652832;2.6613218784332275;2.8576459884643555;3.3729407787323;4.9056501388549805;5.95046854019165;7.5572829246521;9.570598602294922;12.181783676147461;18.594329833984375;19.67404556274414;20.55830192565918;28.638137817382812;30.520421981811523;30.672584533691406;30.6284122467041
206,206,1,/home/jasongao/Study/AJAE-v4/results/data/complete/stu-098/world.json,c849bae4ea6038eeaf624c18482ce8570047eda214ab94d113990aff8e1e3339,1d737d3237fdb316ccf26d0984f8dcb0402472839aacdceb14f44c584ee49c0f,112,44,0,39894,175.4571227977578,2.5148985385894775,49.91762161254883,75;85;87;89;91;92;94;97;102;110;116;124;130;142;149;173;182;189;215;232;240;245;248;252;254;255;256;268;269;270;271;272;277;282;287;297;316;342;368;371;399;403;420;435,23;42;41;42;42;44;44;47;51;56;61;69;78;92;109;202;235;259;435;931;1742;3050;4568;5666;1423;533;81;9;330;945;2148;4679;3803;2881;1919;1197;724;424;237;226;107;105;96;98,49.91762161254883;48.318416595458984;47.91288375854492;47.48680114746094;47.02540588378906;46.802452087402344;46.34489822387695;45.61767578125;44.312477111816406;41.86517333984375;39.910465240478516;37.08100891113281;34.878868103027344;30.637176513671875;28.29544448852539;21.658493041992188;19.939729690551758;18.898611068725586;14.625259399414062;9.824156761169434;7.128636360168457;5.334952354431152;4.285460472106934;2.900747776031494;2.6855170726776123;2.605795383453369;2.5484445095062256;2.5148985385894775;2.603693723678589;2.6612517833709717;2.685490846633911;2.7469959259033203;4.214202880859375;5.643691062927246;6.890596866607666;8.766499519348145;11.313345909118652;14.914102554321289;19.836952209472656;20.699861526489258;29.35386085510254;30.227590560913086;31.057056427001953;31.045047760009766
206,206,1,/home/jasongao/Study/AJAE-v4/results/data/complete/stu-099/world.json,b3b9aa5ac38e1dca3c273ac0b4d96a426bbb787dc91d5ced5ef22857608a46b0,d19557e5b1f6e33cde20cf9045538936770ab4427d7b806146dc86334ebe5044,224,56,0,20544,164.83395627621394,2.533618927001953,49.70551300048828,166;167;168;169;170;171;172;173;174;177;178;180;181;183;186;188;189;190;191;193;196;198;199;202;205;207;208;211;212;216;220;227;237;238;249;251;280;283;285;286;314;347;360;367;375;378;379;380;381;395;396;397;398;400;403;427,6;8;8;10;12;13;14;13;15;18;21;19;20;20;21;22;21;21;22;21;23;23;24;23;24;24;25;22;26;25;27;31;38;38;46;50;105;112;115;119;202;419;677;1086;2392;2756;1903;779;37;22;412;1202;1873;1929;1889;1721,49.70551300048828;49.494632720947266;49.40937805175781;49.120933532714844;49.032493591308594;48.88212585449219;48.48133087158203;48.238311767578125;48.04021453857422;47.4945182800293;47.3809814453125;46.96517562866211;46.82067108154297;46.507080078125;46.12468338012695;45.81794357299805;45.59608840942383;45.43297576904297;45.340728759765625;45.043983459472656;44.63700866699219;44.4119987487793;44.2655029296875;43.813331604003906;43.34580993652344;43.01103591918945;42.834259033203125;42.21245574951172;42.05472946166992;41.13816452026367;40.22334671020508;38.20622253417969;34.909114837646484;34.538108825683594;30.53805160522461;29.865924835205078;20.594270706176758;19.722667694091797;19.2331600189209;18.974170684814453;14.568872451782227;9.951643943786621;7.727499961853027;6.023421287536621;3.738532066345215;2.893467903137207;2.732928514480591;2.6092777252197266;2.543872117996216;2.533618927001953;2.5745935440063477;2.6841464042663574;2.81742262840271;3.229154586791992;3.784273624420166;4.578203201293945
206,206,1,/home/jasongao/Study/AJAE-v4/results/data/complete/stu-100/world.json,de646090b34d74c09a10e46fdcdefc70c8cb3192393da2f0a8b3ee7f208ea781,d5f21d7fd441b309ecddf157afd47cdf718452fc1d99f756ae97b54175516d7d,112,34,0,25175,175.47107961507805,2.5679962635040283,49.90171813964844,71;72;73;74;77;83;88;122;130;151;182;190;217;231;239;244;248;251;254;256;257;258;267;268;269;271;276;281;285;294;327;350;369;412,6;9;12;15;21;30;32;51;61;92;170;200;329;624;1134;1931;3036;3252;1382;619;316;93;108;420;847;1833;2736;2306;1636;970;409;259;163;73,49.90171813964844;49.857662200927734;49.805206298828125;49.70450210571289;49.38840103149414;48.57171630859375;47.59925079345703;37.76932907104492;34.8093376159668;27.553878784179688;19.84897804260254;18.66162109375;14.007357597351074;9.964534759521484;7.238411903381348;5.422821521759033;4.025832176208496;3.1194777488708496;2.914520740509033;2.721996307373047;2.6488699913024902;2.5679962635040283;2.584956645965576;2.661691427230835;2.7519309520721436;2.9131572246551514;3.878190517425537;5.166867256164551;6.200559616088867;8.102997779846191;12.649989128112793;15.890793800354004;19.964279174804688;31.049495697021484
206,206,1,/home/jasongao/Study/AJAE-v4/results/data/complete/stu-101/world.json,c849bae4ea6038eeaf624c18482ce8570047eda214ab94d113990aff8e1e3339,1d737d3237fdb316ccf26d0984f8dcb0402472839aacdceb14f44c584ee49c0f,112,32,0,39035,175.46285464970944,2.5148985385894775,49.91762161254883,75;83;92;99;130;143;173;182;194;215;232;240;245;248;252;254;255;256;268;269;270;271;272;277;282;287;298;317;340;364;382;412,23;43;44;50;79;95;202;235;282;435;931;1741;3052;4569;5662;1423;531;81;9;330;947;2146;4684;3799;2881;1923;1165;715;434;265;155;104,49.91762161254883;48.70919418334961;46.802452087402344;45.1519775390625;34.881534576416016;30.311988830566406;21.658493041992188;19.939729690551758;18.18886947631836;14.625259399414062;9.824795722961426;7.128617286682129;5.335153579711914;4.285520553588867;2.900125741958618;2.6855170726776123;2.605795383453369;2.5484445095062256;2.5148985385894775;2.603693723678589;2.6608338356018066;2.6854453086853027;2.74710750579834;4.21412467956543;5.64376974105835;6.890842914581299;8.929719924926758;11.470257759094238;14.628337860107422;18.775625228881836;24.061382293701172;31.0858154296875
206,206,1,/home/jasongao/Study/AJAE-v4/results/data/complete/stu-102/world.json,b3b9aa5ac38e1dca3c273ac0b4d96a426bbb787dc91d5ced5ef22857608a46b0,d19557e5b1f6e33cde20cf9045538936770ab4427d7b806146dc86334ebe5044,224,37,0,19840,164.8290048955152,2.533618927001953,49.70551300048828,166;167;169;171;172;173;174;176;177;178;182;191;193;197;205;208;216;220;237;251;283;314;347;360;367;375;378;379;380;381;395;396;397;398;400;403;427,6;8;11;13;14;13;15;19;18;21;21;22;21;22;24;25;25;27;38;50;112;202;419;678;1086;2389;2759;1903;782;37;22;412;1201;1877;1932;1892;1724,49.70551300048828;49.494632720947266;49.0384407043457;48.88212585449219;48.48133087158203;48.238311767578125;48.04021453857422;47.74397659301758;47.4945182800293;47.3809814453125;46.66875076293945;45.340728759765625;45.043983459472656;44.526527404785156;43.34580993652344;42.834259033203125;41.13816452026367;40.22334671020508;34.909114837646484;29.865924835205078;19.722667694091797;14.568872451782227;9.951643943786621;7.7276201248168945;6.023421287536621;3.7381420135498047;2.8935794830322266;2.7335948944091797;2.610106945037842;2.543872117996216;2.533618927001953;2.5745935440063477;2.6836893558502197;2.81742262840271;3.229099750518799;3.7844185829162598;4.578085899353027
206,206,1,/home/jasongao/Study/AJAE-v4/results/data/complete/stu-103/world.json,de646090b34d74c09a10e46fdcdefc70c8cb3192393da2f0a8b3ee7f208ea781,d5f21d7fd441b309ecddf157afd47cdf718452fc1d99f756ae97b54175516d7d,112,34,0,21843,175.47107961507805,2.5679962635040283,49.90171813964844,71;72;73;74;77;83;88;122;130;144;177;181;182;191;217;231;240;246;251;253;256;257;258;267;268;270;273;280;290;303;322;347;369;412,6;9;12;15;21;29;32;51;61;79;166;174;171;200;330;621;1241;2538;3257;1900;618;316;93;108;419;1284;2802;2454;1163;717;454;267;162;73,49.90171813964844;49.857662200927734;49.805206298828125;49.70450210571289;49.38840103149414;48.55939483642578;47.59925079345703;37.76932907104492;34.8093376159668;29.91724395751953;20.77037811279297;20.00855255126953;19.850706100463867;18.516399383544922;14.00218391418457;9.958909034729004;6.886200904846191;4.6950907707214355;3.119345188140869;3.0080554485321045;2.7219510078430176;2.6488699913024902;2.5679962635040283;2.584956645965576;2.6613218784332275;2.8593831062316895;3.1284351348876953;4.905611991882324;7.338394641876221;9.361692428588867;12.043428421020508;15.467135429382324;19.961288452148438;31.049495697021484
206,206,1,/home/jasongao/Study/AJAE-v4/results/data/complete/stu-104/world.json,c849bae4ea6038eeaf624c18482ce8570047eda214ab94d113990aff8e1e3339,1d737d3237fdb316ccf26d0984f8dcb0402472839aacdceb14f44c584ee49c0f,112,33,0,39764,175.2081647785312,2.5148985385894775,49.91762161254883,75;83;92;99;116;130;149;173;182;194;215;232;239;244;248;251;254;255;256;268;269;270;271;272;276;280;285;294;313;336;361;380;402,23;43;44;50;61;79;108;202;234;282;434;932;1592;2690;4570;5444;1424;532;81;9;330;946;2145;4676;4033;3424;2223;1333;781;469;289;172;109,49.91762161254883;48.70919418334961;46.802452087402344;45.1519775390625;39.910465240478516;34.881534576416016;28.292999267578125;21.658493041992188;19.939403533935547;18.18886947631836;14.625167846679688;9.82447624206543;7.482744216918945;5.698040008544922;4.28549861907959;3.219578266143799;2.685575485229492;2.605609893798828;2.5484445095062256;2.5148985385894775;2.603693723678589;2.660569190979004;2.6853504180908203;2.7469305992126465;3.9115190505981445;5.092750549316406;6.413976669311523;8.30319881439209;10.866547584533691;14.039371490478516;18.06485366821289;23.436458587646484;30.053359985351562
206,206,1,/home/jasongao/Study/AJAE-v4/results/data/complete/stu-105/world.json,b3b9aa5ac38e1dca3c273ac0b4d96a426bbb787dc91d5ced5ef22857608a46b0,d19557e5b1f6e33cde20cf9045538936770ab4427d7b806146dc86334ebe5044,224,38,0,21248,164.8290048955152,2.533618927001953,49.70551300048828,166;167;169;171;172;173;174;176;177;178;182;191;193;197;205;208;216;220;237;251;278;283;314;347;365;373;376;378;379;380;381;395;396;397;398;400;403;427,6;8;11;13;14;13;15;19;18;21;21;22;21;22;24;25;25;27;38;50;97;112;202;418;922;2007;2550;2754;1900;780;36;22;410;1201;1877;1932;1891;1724,49.70551300048828;49.494632720947266;49.0384407043457;48.88212585449219;48.48133087158203;48.238311767578125;48.04021453857422;47.74397659301758;47.4945182800293;47.3809814453125;46.66875076293945;45.340728759765625;45.043983459472656;44.526527404785156;43.34580993652344;42.834259033203125;41.13816452026367;40.22334671020508;34.909114837646484;29.865924835205078;21.169309616088867;19.722667694091797;14.568872451782227;9.951447486877441;6.545890808105469;4.322691440582275;3.454465866088867;2.8932762145996094;2.734006404876709;2.6094956398010254;2.540327548980713;2.533618927001953;2.5745935440063477;2.684603691101074;2.817319631576538;3.229099750518799;3.7845633029937744;4.578085899353027
206,206,1,/home/jasongao/Study/AJAE-v4/results/data/complete/stu-106/world.json,de646090b34d74c09a10e46fdcdefc70c8cb3192393da2f0a8b3ee7f208ea781,d5f21d7fd441b309ecddf157afd47cdf718452fc1d99f756ae97b54175516d7d,112,52,0,26852,175.4665415240927,2.5679962635040283,49.90171813964844,71;72;74;75;76;77;78;83;85;86;88;92;95;104;105;111;122;125;130;139;141;154;160;178;182;190;217;231;239;244;248;251;254;256;257;258;267;268;269;271;276;281;285;293;308;326;363;369;372;397;406;425,6;9;15;14;16;21;21;30;31;30;32;29;35;38;35;43;50;52;61;69;75;96;117;163;171;200;329;623;1135;1931;3038;3254;1381;619;315;93;107;421;847;1832;2737;2307;1637;1002;640;418;191;164;150;76;77;69,49.90171813964844;49.857662200927734;49.70450210571289;49.526206970214844;49.43645477294922;49.38840103149414;49.232017517089844;48.57171630859375;48.269508361816406;48.164581298828125;47.59925079345703;46.59728240966797;46.1491813659668;43.54255676269531;43.26840591430664;41.478759765625;37.81725311279297;36.63774490356445;34.8093376159668;31.667509078979492;30.984716415405273;26.607421875;24.756057739257812;20.53903579711914;19.850706100463867;18.66162109375;13.997011184692383;9.963680267333984;7.238574981689453;5.422821521759033;4.026528358459473;3.1197991371154785;2.9152019023895264;2.721996307373047;2.6467442512512207;2.5679962635040283;2.585270881652832;2.6613218784332275;2.7511770725250244;2.913097381591797;3.878215789794922;5.167595386505127;6.200206756591797;7.924578666687012;9.95799732208252;12.540178298950195;18.39857292175293;19.961288452148438;20.809837341308594;28.62864875793457;30.691038131713867;30.884750366210938
206,206,1,/home/jasongao/Study/AJAE-v4/results/data/complete/stu-107/world.json,c849bae4ea6038eeaf624c18482ce8570047eda214ab94d113990aff8e1e3339,1d737d3237fdb316ccf26d0984f8dcb0402472839aacdceb14f44c584ee49c0f,112,43,0,39846,175.4580348587202,2.5148985385894775,49.91762161254883,75;81;83;88;90;95;97;102;103;115;116;130;143;148;173;182;190;215;232;240;245;248;252;254;255;256;268;269;270;271;272;277;282;287;297;316;342;367;372;399;403;422;426,23;41;43;43;43;45;47;51;45;58;60;79;95;110;202;235;269;435;931;1741;3052;4571;5663;1425;532;81;9;331;946;2146;4678;3802;2879;1921;1198;725;424;241;208;108;105;101;104,49.91762161254883;49.043739318847656;48.70919418334961;47.70536422729492;47.250213623046875;46.123775482177734;45.61767578125;44.312477111816406;43.98887252807617;40.237770080566406;39.90766143798828;34.881534576416016;30.311988830566406;28.619361877441406;21.658493041992188;19.939729690551758;18.755958557128906;14.625259399414062;9.824156761169434;7.128617286682129;5.335048675537109;4.285562515258789;2.900780439376831;2.6855170726776123;2.6061625480651855;2.5484445095062256;2.5148985385894775;2.6030189990997314;2.6610426902770996;2.6853930950164795;2.7469656467437744;4.21417236328125;5.643691062927246;6.890596866607666;8.766756057739258;11.313475608825684;14.914102554321289;19.556554794311523;20.98491096496582;29.354209899902344;30.227590560913086;31.071212768554688;31.071578979492188
206,206,1,/home/jasongao/Study/AJAE-v4/results/data/complete/stu-108/world.json,b3b9aa5ac38e1dca3c273ac0b4d96a426bbb787dc91d5ced5ef22857608a46b0,d19557e5b1f6e33cde20cf9045538936770ab4427d7b806146dc86334ebe5044,224,52,0,20461,164.83905402972923,2.533618927001953,49.70551300048828,166;167;168;169;170;171;172;173;174;176;177;178;182;183;185;187;188;189;190;191;193;205;208;212;219;220;226;227;237;250;251;257;258;280;283;295;314;347;360;367;375;378;379;380;381;395;396;397;398;400;403;427,6;8;8;11;12;13;14;13;15;19;18;21;21;20;21;21;22;21;21;22;21;24;25;26;26;27;29;31;38;48;50;58;59;105;112;149;202;419;677;1084;2390;2755;1905;782;37;22;411;1203;1876;1932;1891;1720,49.70551300048828;49.494632720947266;49.40937805175781;49.0384407043457;49.032493591308594;48.88212585449219;48.48133087158203;48.238311767578125;48.04021453857422;47.74397659301758;47.4945182800293;47.3809814453125;46.66875076293945;46.507080078125;46.217002868652344;45.936683654785156;45.81794357299805;45.59608840942383;45.43297576904297;45.340728759765625;45.043983459472656;43.34580993652344;42.834259033203125;42.05472946166992;40.42113494873047;40.22334671020508;38.4830322265625;38.20622253417969;34.909114837646484;30.186607360839844;29.865924835205078;27.788249969482422;27.484277725219727;20.594270706176758;19.722667694091797;17.16891098022461;14.568872451782227;9.951643943786621;7.727740287780762;6.022481918334961;3.738532066345215;2.893282651901245;2.7335948944091797;2.6094956398010254;2.543872117996216;2.533618927001953;2.574892044067383;2.684603691101074;2.817445755004883;3.229339122772217;3.784273624420166;4.577660083770752
206,206,1,/home/jasongao/Study/AJAE-v4/results/data/wide/stu-000/world.json,28dbfd073ccb1436ab6e89e588b642cc26f233b9398e04f0db1b8b81446ed97c,723b894312040828dd485dc2874b39b4e9fca38025fb2274c8afaf47f8f13134,299,26,0,6165,89.3173833503421,13.434698104858398,49.23651123046875,190;192;196;197;202;205;207;208;209;210;252;253;254;259;264;275;292;316;331;363;379;383;385;387;392;412,6;20;51;48;52;25;18;23;24;23;10;35;53;93;106;101;215;352;593;861;824;541;398;422;745;526,49.23651123046875;48.57518768310547;47.67337417602539;47.28416442871094;46.454124450683594;46.12633514404297;46.28995132446289;46.0609245300293;45.303382873535156;45.079551696777344;33.96229553222656;33.388832092285156;33.03959655761719;31.739519119262695;30.38732147216797;27.655508041381836;23.752317428588867;21.35968780517578;19.949649810791016;16.65362548828125;14.482084274291992;14.224141120910645;13.864830017089844;13.434698104858398;13.581377029418945;14.237449645996094
206,206,1,/home/jasongao/Study/AJAE-v4/results/data/wide/stu-001/world.json,28dbfd073ccb1436ab6e89e588b642cc26f233b9398e04f0db1b8b81446ed97c,723b894312040828dd485dc2874b39b4e9fca38025fb2274c8afaf47f8f13134,299,27,0,6693,89.3173833503421,13.434698104858398,49.23651123046875,190;192;196;197;202;205;207;208;209;210;252;253;254;264;266;275;292;317;324;331;363;379;383;385;387;392;412,6;20;51;48;53;25;18;23;24;23;10;35;53;106;102;101;215;375;493;593;860;825;544;397;422;744;527,49.23651123046875;48.57518768310547;47.67337417602539;47.28416442871094;46.424072265625;46.12633514404297;46.28995132446289;46.0609245300293;45.303382873535156;45.079551696777344;33.96229553222656;33.388832092285156;33.03959655761719;30.38732147216797;29.85311508178711;27.655508041381836;23.752317428588867;21.261253356933594;20.44139289855957;19.949649810791016;16.65350914001465;14.483193397521973;14.224920272827148;13.867193222045898;13.434698104858398;13.580728530883789;14.233073234558105
206,206,1,/home/jasongao/Study/AJAE-v4/results/data/wide/stu-002/world.json,58df2f378fa2a0f8298ee29a4db670ff93ec9f3c2d18b8309f742c3362a1934b,7696028871bc81cdeee715fe47a305ee719cd3aa12d77998ca4078f45d2d8185,299,30,0,8007,89.50092709862321,12.991737365722656,49.731239318847656,188;191;192;195;196;202;205;206;209;211;212;251;252;253;254;265;267;272;287;293;315;325;327;363;381;385;387;388;394;412,7;12;29;40;57;71;34;27;28;21;6;6;10;36;53;129;124;119;223;276;410;585;615;1033;825;538;519;599;883;692,49.731239318847656;49.010459899902344;48.38892364501953;47.834991455078125;47.30140686035156;46.094825744628906;45.71270751953125;45.60576629638672;45.040061950683594;44.69461441040039;44.58845520019531;34.70621871948242;33.75433349609375;33.17709732055664;32.800174713134766;29.951473236083984;29.397876739501953;28.08361053466797;24.55593490600586;23.334348678588867;21.232967376708984;20.09617805480957;19.965656280517578;16.352510452270508;14.032825469970703;13.396183013916016;13.019767761230469;12.991737365722656;13.114592552185059;13.690271377563477
206,206,1,/home/jasongao/Study/AJAE-v4/results/data/wide/stu-003/world.json,28dbfd073ccb1436ab6e89e588b642cc26f233b9398e04f0db1b8b81446ed97c,723b894312040828dd485dc2874b39b4e9fca38025fb2274c8afaf47f8f13134,299,37,0,7336,89.3173833503421,13.434698104858398,49.253299713134766,190;191;192;193;194;196;197;199;201;202;203;205;206;207;208;209;210;211;252;253;254;259;260;261;267;275;292;322;331;337;363;379;383;385;387;392;412,6;7;20;16;40;51;48;58;55;53;50;25;14;18;23;24;23;14;10;35;53;93;83;87;107;101;215;440;593;657;860;824;544;396;422;744;527,49.23651123046875;49.253299713134766;48.57518768310547;48.5316276550293;47.95587158203125;47.67337417602539;47.28416442871094;46.86323547363281;46.5204963684082;46.424072265625;46.38747024536133;46.12633514404297;46.04449462890625;46.28995132446289;46.0609245300293;45.303382873535156;45.079551696777344;44.95508575439453;33.96229553222656;33.388832092285156;33.03959655761719;31.739519119262695;31.423866271972656;31.123592376708984;29.63958168029785;27.6531925201416;23.752317428588867;20.595821380615234;19.949649810791016;19.43049430847168;16.654212951660156;14.482084274291992;14.222402572631836;13.864830017089844;13.434698104858398;13.580728530883789;14.233073234558105
206,206,1,/home/jasongao/Study/AJAE-v4/results/data/wide/stu-004/world.json,58df2f378fa2a0f8298ee29a4db670ff93ec9f3c2d18b8309f742c3362a1934b,7696028871bc81cdeee715fe47a305ee719cd3aa12d77998ca4078f45d2d8185,299,35,0,8503,89.50092709862321,12.991737365722656,49.731239318847656,188;189;191;192;195;196;198;202;205;206;208;209;211;212;251;252;253;254;260;263;265;267;272;287;293;315;327;337;363;381;385;387;388;394;412,7;5;12;29;40;57;58;71;33;27;24;28;21;6;6;10;36;53;93;129;129;124;119;225;277;409;616;767;1033;826;538;519;599;882;695,49.731239318847656;48.643775939941406;49.010459899902344;48.38892364501953;47.834991455078125;47.30140686035156;46.70888137817383;46.094825744628906;45.716407775878906;45.60576629638672;45.571685791015625;45.040061950683594;44.69461441040039;44.58845520019531;34.70621871948242;33.75433349609375;33.17709732055664;32.800174713134766;31.194517135620117;30.49083137512207;29.951473236083984;29.397876739501953;28.08361053466797;24.550981521606445;23.332685470581055;21.231840133666992;19.966625213623047;19.132369995117188;16.352510452270508;14.032833099365234;13.396183013916016;13.019767761230469;12.991737365722656;13.115283966064453;13.690902709960938
206,206,1,/home/jasongao/Study/AJAE-v4/results/data/wide/stu-005/world.json,28dbfd073ccb1436ab6e89e588b642cc26f233b9398e04f0db1b8b81446ed97c,211835eb07542dd66c63513394111be3553dfab990c7f7329ce252efda4c3c70,224,48,0,81002,170.23270526329608,2.5926754474639893,49.881797790527344,157;158;159;165;167;170;173;176;177;178;179;184;193;200;202;203;209;215;230;241;257;272;274;275;299;330;346;357;363;367;369;370;371;372;373;374;375;376;384;385;386;387;388;390;391;392;397;431,9;22;25;28;35;43;51;56;55;60;62;69;73;78;79;78;84;88;109;140;209;310;332;340;651;1289;2114;3429;5383;7674;8929;7781;4690;2013;830;349;143;33;66;258;608;1283;3482;7453;6981;6468;4374;2286,49.881797790527344;49.728553771972656;49.481788635253906;47.732696533203125;47.200687408447266;46.5021858215332;45.88226318359375;45.201202392578125;44.98264694213867;44.81022262573242;44.65382385253906;43.873939514160156;42.59747314453125;41.61815643310547;41.332298278808594;41.16893768310547;40.143028259277344;38.89817428588867;34.75614929199219;30.977806091308594;25.32577896118164;20.497432708740234;19.871337890625;19.566265106201172;14.064207077026367;9.913240432739258;7.626466751098633;5.884438991546631;4.5923333168029785;3.5520753860473633;3.005563735961914;2.8183343410491943;2.714554786682129;2.695119619369507;2.6812987327575684;2.6757774353027344;2.633648157119751;2.5926754474639893;2.620201587677002;2.6897616386413574;2.7437028884887695;2.7649381160736084;2.682224750518799;3.0421550273895264;3.3459315299987793;3.6522936820983887;5.181208610534668;7.382318496704102
206,206,1,/home/jasongao/Study/AJAE-v4/results/data/wide/stu-006/world.json,28dbfd073ccb1436ab6e89e588b642cc26f233b9398e04f0db1b8b81446ed97c,723b894312040828dd485dc2874b39b4e9fca38025fb2274c8afaf47f8f13134,224,44,0,214569,173.95267384872957,2.5340142250061035,49.86787033081055,155;156;157;158;170;177;199;202;210;222;223;224;229;250;273;297;328;353;364;368;369;370;371;372;373;374;375;377;378;379;380;381;382;385;386;387;388;389;391;392;393;395;399;412,5;20;40;51;108;127;185;188;204;230;236;240;261;414;770;1499;2909;6492;13474;16546;12420;8706;5050;2499;957;196;10;11392;8944;7972;7909;8485;9829;12;346;1478;4058;7673;16732;15961;14344;11865;8433;5299,49.86787033081055;49.807716369628906;49.613895416259766;49.44157791137695;46.30675506591797;44.78147506713867;41.55954360961914;41.12508773803711;39.78455352783203;36.950599670410156;36.66535186767578;36.37387466430664;34.85696792602539;27.504650115966797;19.99272918701172;14.15607738494873;9.945292472839355;6.340988636016846;4.0448102951049805;3.015312671661377;2.9471657276153564;2.87174654006958;2.8090009689331055;2.7599270343780518;2.7045459747314453;2.628676414489746;2.5340142250061035;2.8395323753356934;2.8806416988372803;2.8941235542297363;2.9042797088623047;2.9113686084747314;2.9047088623046875;2.5347163677215576;2.6387927532196045;2.7184112071990967;2.742123603820801;2.8409953117370605;2.990734338760376;3.289680242538452;3.6364636421203613;4.30362606048584;5.429441452026367;7.144774913787842
206,206,1,/home/jasongao/Study/AJAE-v4/results/data/wide/stu-007/world.json,58df2f378fa2a0f8298ee29a4db670ff93ec9f3c2d18b8309f742c3362a1934b,7696028871bc81cdeee715fe47a305ee719cd3aa12d77998ca4078f45d2d8185,224,44,0,339108,172.84899647651596,2.565389394760132,49.80397415161133,155;157;171;183;187;195;196;223;228;236;256;273;296;326;351;360;363;365;366;367;368;369;371;372;373;374;377;378;379;380;381;382;383;386;387;388;389;390;392;393;394;395;397;430,22;56;130;146;171;199;202;292;311;370;594;950;1806;3427;7419;12173;15356;17692;19084;20626;14419;9518;3666;1818;581;33;19540;14580;12977;12709;13368;15153;19600;133;1064;2692;5236;8749;18006;16359;15131;13978;12156;6616,49.80397415161133;49.408260345458984;45.76795196533203;43.375587463378906;42.88505554199219;41.75605773925781;41.619998931884766;36.384666442871094;34.88521194458008;32.28342056274414;25.15578269958496;19.710765838623047;14.022253036499023;9.898421287536621;6.370119571685791;4.716466426849365;4.006460189819336;3.495973587036133;3.2243194580078125;2.940812110900879;2.9233462810516357;2.9287281036376953;2.847593307495117;2.772325038909912;2.6674907207489014;2.565389394760132;2.886000156402588;2.9851813316345215;3.0086445808410645;3.0231709480285645;3.028430223464966;3.015814781188965;2.964046001434326;2.577232837677002;2.7119131088256836;2.8001327514648438;2.86983585357666;2.9047181606292725;3.0480566024780273;3.3849194049835205;3.7012939453125;4.022879600524902;4.600710391998291;6.849651336669922
206,206,1,/home/jasongao/Study/AJAE-v4/results/data/wide/stu-008/world.json,540121b94bef6ecadd0a46e5d2c803a6fa4f6d2ad2c8b3f0bfd1f7e9d8efae28,73b22f22e39957732ee88bbe1bfeeb621532641fe47164592f95389e3fbc489b,224,44,0,310764,173.9703069032325,2.5231401920318604,49.85344696044922,155;156;157;165;169;180;184;193;199;218;228;250;273;296;326;342;353;361;364;366;367;368;369;370;371;372;373;377;378;379;380;381;383;386;387;388;389;390;392;393;394;395;399;429,18;37;54;84;104;146;162;200;207;249;287;470;870;1657;3158;4952;7455;12163;15728;18640;20417;15987;9720;5578;2820;1036;147;18536;14697;13076;12916;13814;20676;11;494;1978;4916;9393;17901;16091;14662;13402;9789;6066,49.85344696044922;49.69832229614258;49.48990249633789;47.333961486816406;46.24407196044922;43.9525146484375;43.35072708129883;42.15184783935547;41.300601959228516;37.74633026123047;34.92703628540039;27.262168884277344;19.73388671875;14.044421195983887;9.915874481201172;7.698860168457031;6.0752854347229;4.521482467651367;3.791191577911377;3.249391555786133;2.96661114692688;2.855546712875366;2.8330087661743164;2.801501512527466;2.737377643585205;2.6625633239746094;2.569657564163208;2.8563339710235596;2.8747751712799072;2.875135898590088;2.885205030441284;2.8989450931549072;2.902236223220825;2.5231401920318604;2.6314778327941895;2.703662395477295;2.767345428466797;2.808626413345337;3.0751490592956543;3.406834125518799;3.721320152282715;4.045144081115723;5.173789024353027;6.86812686920166
206,206,1,/home/jasongao/Study/AJAE-v4/results/data/wide/stu-009/world.json,28dbfd073ccb1436ab6e89e588b642cc26f233b9398e04f0db1b8b81446ed97c,723b894312040828dd485dc2874b39b4e9fca38025fb2274c8afaf47f8f13134,224,46,0,215969,173.92037573000414,2.5340142250061035,49.86787033081055,155;156;157;158;171;177;199;202;210;222;223;224;229;244;268;273;275;297;328;353;364;368;369;370;371;372;373;374;375;377;378;379;380;381;382;385;386;387;388;389;391;392;393;395;399;412,5;20;40;52;110;129;183;188;204;229;236;240;260;356;664;768;825;1497;2909;6489;13475;16540;12426;8709;5042;2494;954;196;10;11391;8947;7966;7907;8480;9830;12;346;1479;4056;7674;16735;15966;14339;11861;8433;5297,49.86787033081055;49.807716369628906;49.613895416259766;49.439186096191406;46.083717346191406;44.794925689697266;41.55954360961914;41.12508773803711;39.78455352783203;36.95057678222656;36.66535186767578;36.37387466430664;34.8581657409668;29.67254066467285;21.537879943847656;19.99272918701172;19.363079071044922;14.155035018920898;9.945524215698242;6.341043472290039;4.044917583465576;3.015312671661377;2.9474806785583496;2.8716373443603516;2.8090009689331055;2.7598204612731934;2.7042036056518555;2.628676414489746;2.5340142250061035;2.8393306732177734;2.8811302185058594;2.8943028450012207;2.9041051864624023;2.9114763736724854;2.9044137001037598;2.5347163677215576;2.6387927532196045;2.718418836593628;2.7423582077026367;2.8410305976867676;2.990752696990967;3.2900216579437256;3.6366868019104004;4.30362606048584;5.4296417236328125;7.144534587860107
206,206,1,/home/jasongao/Study/AJAE-v4/results/data/wide/stu-010/world.json,58df2f378fa2a0f8298ee29a4db670ff93ec9f3c2d18b8309f742c3362a1934b,7696028871bc81cdeee715fe47a305ee719cd3aa12d77998ca4078f45d2d8185,149,53,0,366564,177.5378837937688,2.5601682662963867,49.88994598388672,109;110;126;129;131;139;154;156;160;175;197;222;226;243;255;265;272;275;277;278;279;280;281;282;283;286;288;290;291;292;293;296;299;304;305;306;307;308;309;311;316;320;321;327;328;329;332;337;348;361;373;387;427,23;53;108;117;117;142;193;212;239;360;434;742;843;1756;3378;6860;13552;18210;17651;10676;6630;4092;2226;917;162;32028;16132;12587;11908;11738;12270;16148;35171;33;207;461;878;1383;2074;3864;11690;17646;16617;13064;12879;12732;11676;9542;6188;3767;2192;1248;748,49.88994598388672;49.676734924316406;44.43531036376953;43.290157318115234;42.600791931152344;39.79871368408203;34.78659439086914;34.152618408203125;32.927711486816406;29.341590881347656;25.808269500732422;20.986042022705078;19.813425064086914;14.149635314941406;9.884049415588379;6.591940879821777;4.361719131469727;3.3841195106506348;2.8717615604400635;2.9103875160217285;2.8976402282714844;2.853158712387085;2.7880096435546875;2.715383291244507;2.5992484092712402;2.759918689727783;2.797398567199707;2.792506694793701;2.7870726585388184;2.7814173698425293;2.774367094039917;2.7855992317199707;2.7143256664276123;2.5601682662963867;2.618217706680298;2.6600613594055176;2.7366695404052734;2.763148069381714;2.81080961227417;2.8733725547790527;2.947765350341797;3.198096513748169;3.3649511337280273;4.148242473602295;4.276162624359131;4.404423713684082;4.83082389831543;5.545845031738281;7.141290664672852;9.43784236907959;12.648933410644531;17.079692840576172;22.44471549987793
206,206,1,/home/jasongao/Study/AJAE-v4/results/data/wide/stu-011/world.json,540121b94bef6ecadd0a46e5d2c803a6fa4f6d2ad2c8b3f0bfd1f7e9d8efae28,73b22f22e39957732ee88bbe1bfeeb621532641fe47164592f95389e3fbc489b,224,46,0,312404,173.91781078176027,2.5231401920318604,49.85344696044922,155;156;157;165;172;180;184;193;199;218;228;243;269;273;276;296;326;342;353;361;364;366;367;368;369;370;371;372;373;377;378;379;380;381;383;386;387;388;389;390;392;393;394;395;399;429,18;37;54;84;116;146;160;200;207;247;289;395;774;870;953;1656;3158;4950;7453;12165;15734;18650;20421;15968;9714;5572;2825;1035;145;18532;14690;13084;12908;13813;20672;11;497;1976;4914;9389;17904;16087;14666;13407;9790;6068,49.85344696044922;49.69832229614258;49.48990249633789;47.333961486816406;45.569129943847656;43.9525146484375;43.35072708129883;42.15184783935547;41.31847381591797;37.74561309814453;34.92980194091797;29.790916442871094;20.956912994384766;19.732961654663086;18.790203094482422;14.043810844421387;9.916301727294922;7.6990180015563965;6.075507164001465;4.521812915802002;3.790839195251465;3.2494754791259766;2.9665310382843018;2.8550357818603516;2.83294677734375;2.801547050476074;2.737719774246216;2.662553548812866;2.569657564163208;2.856233596801758;2.8746471405029297;2.8751235008239746;2.885481834411621;2.8989365100860596;2.9023241996765137;2.5231401920318604;2.631528377532959;2.7038590908050537;2.767345428466797;2.8086228370666504;3.075223445892334;3.406827211380005;3.7214460372924805;4.045294761657715;5.1737470626831055;6.867779731750488
206,206,1,/home/jasongao/Study/AJAE-v4/results/data/wide/stu-012/world.json,28dbfd073ccb1436ab6e89e588b642cc26f233b9398e04f0db1b8b81446ed97c,723b894312040828dd485dc2874b39b4e9fca38025fb2274c8afaf47f8f13134,224,54,0,217021,173.92037573000414,2.5340142250061035,49.86787033081055,155;156;157;158;160;164;170;171;177;179;181;192;198;199;202;203;210;216;222;223;229;244;267;273;275;297;328;353;364;368;369;370;371;372;373;374;375;377;378;379;380;381;382;385;386;387;388;389;391;392;393;395;399;412,5;20;40;51;64;70;108;110;129;138;135;167;181;185;187;191;204;216;231;236;261;356;645;769;823;1500;2907;6490;13475;16543;12428;8709;5054;2500;955;196;10;11387;8946;7972;7911;8478;9836;12;346;1477;4056;7674;16738;15964;14335;11861;8440;5299,49.86787033081055;49.807716369628906;49.613895416259766;49.44157791137695;48.874549865722656;47.77111053466797;46.30675506591797;46.083717346191406;44.794925689697266;44.414947509765625;44.0818977355957;42.52492141723633;41.700889587402344;41.55954360961914;41.124298095703125;40.98097610473633;39.78455352783203;38.479530334472656;36.950626373291016;36.66535186767578;34.85696792602539;29.67254066467285;21.87276840209961;19.992630004882812;19.36237144470215;14.155555725097656;9.945292472839355;6.341094493865967;4.045697212219238;3.0156731605529785;2.9477758407592773;2.8719980716705322;2.8090009689331055;2.7600319385528564;2.7038614749908447;2.628676414489746;2.5340142250061035;2.8395657539367676;2.8807308673858643;2.894029140472412;2.9040768146514893;2.9114036560058594;2.9042794704437256;2.5347163677215576;2.638087272644043;2.71846342086792;2.742534637451172;2.840981960296631;2.990495204925537;3.2902414798736572;3.6364712715148926;4.303765296936035;5.429507255554199;7.1441216468811035
206,206,1,/home/jasongao/Study/AJAE-v4/results/data/wide/stu-013/world.json,58df2f378fa2a0f8298ee29a4db670ff93ec9f3c2d18b8309f742c3362a1934b,7696028871bc81cdeee715fe47a305ee719cd3aa12d77998ca4078f45d2d8185,224,56,0,342352,172.84899647651596,2.565389394760132,49.80397415161133,155;156;157;166;172;173;183;187;190;193;195;196;200;202;203;207;215;223;224;228;244;256;273;276;296;326;351;360;363;365;366;367;368;369;371;372;373;374;377;378;379;380;381;382;383;386;387;388;389;390;392;393;394;395;397;430,22;44;56;97;129;135;147;170;177;199;199;201;219;230;229;238;267;293;298;310;444;593;952;1038;1809;3429;7419;12171;15360;17681;19079;20627;14416;9518;3666;1822;579;33;19543;14587;12969;12708;13379;15155;19611;133;1065;2685;5237;8744;18003;16362;15138;13975;12149;6613,49.80397415161133;49.66110610961914;49.408260345458984;47.04993438720703;45.56647491455078;45.352752685546875;43.377140045166016;42.88459396362305;42.43329620361328;42.07219314575195;41.75605773925781;41.618595123291016;41.1042594909668;40.840476989746094;40.700313568115234;40.030426025390625;38.433223724365234;36.384727478027344;36.09877395629883;34.884525299072266;29.402408599853516;25.153228759765625;19.711515426635742;18.769023895263672;14.022822380065918;9.898626327514648;6.370119571685791;4.7164740562438965;4.00670862197876;3.495922803878784;3.2244088649749756;2.940828561782837;2.923591136932373;2.9286928176879883;2.8469057083129883;2.773111343383789;2.665390968322754;2.565389394760132;2.885934591293335;2.984898328781128;3.0085952281951904;3.023301124572754;3.028114080429077;3.015814781188965;2.9639041423797607;2.577232837677002;2.7120935916900635;2.80014967918396;2.8695602416992188;2.904571533203125;3.0479209423065186;3.384969711303711;3.7013773918151855;4.023198127746582;4.600864887237549;6.849610328674316
206,206,1,/home/jasongao/Study/AJAE-v4/results/data/wide/stu-014/world.json,540121b94bef6ecadd0a46e5d2c803a6fa4f6d2ad2c8b3f0bfd1f7e9d8efae28,73b22f22e39957732ee88bbe1bfeeb621532641fe47164592f95389e3fbc489b,224,60,0,314908,173.9703069032325,2.5231401920318604,49.85344696044922,155;156;157;159;160;163;166;168;170;179;183;184;190;191;192;193;198;199;202;204;206;208;218;222;228;250;268;273;278;296;326;342;353;361;364;366;367;368;369;370;371;372;373;377;378;379;380;381;383;386;387;388;389;390;392;393;394;395;399;429,18;37;54;68;71;77;94;101;119;148;157;162;179;192;190;200;210;207;212;212;217;222;249;262;289;470;750;871;1012;1658;3158;4950;7454;12165;15735;18647;20415;15977;9713;5577;2825;1035;147;18527;14689;13076;12912;13813;20678;11;494;1976;4916;9391;17902;16085;14660;13413;9791;6068,49.85344696044922;49.69832229614258;49.48990249633789;48.966732025146484;48.61925506591797;47.82237243652344;47.076881408691406;46.541114807128906;46.03799819946289;44.11457824707031;43.489315032958984;43.35072708129883;42.5164909362793;42.397056579589844;42.253074645996094;42.15184783935547;41.4638671875;41.300601959228516;40.89250946044922;40.57093811035156;40.2297477722168;39.871925354003906;37.74633026123047;36.69834899902344;34.92980194091797;27.262168884277344;21.273149490356445;19.73339080810547;18.20037841796875;14.043810844421387;9.917028427124023;7.699094772338867;6.0752973556518555;4.521482467651367;3.790841817855835;3.2495625019073486;2.9666428565979004;2.8554255962371826;2.8330488204956055;2.801504611968994;2.7375526428222656;2.662553548812866;2.569657564163208;2.8562850952148438;2.8746776580810547;2.875089645385742;2.885430335998535;2.898848295211792;2.9021856784820557;2.5231401920318604;2.6314778327941895;2.7038590908050537;2.767345428466797;2.808626413345337;3.0752689838409424;3.4065887928009033;3.721266508102417;4.045172691345215;5.1740403175354;6.867779731750488
206,206,1,/home/jasongao/Study/AJAE-v4/results/data/wide/response-064/world.json,28dbfd073ccb1436ab6e89e588b642cc26f233b9398e04f0db1b8b81446ed97c,723b894312040828dd485dc2874b39b4e9fca38025fb2274c8afaf47f8f13134,224,48,0,216974,173.92037573000414,2.5340142250061035,49.86787033081055,155;156;157;158;170;177;199;202;209;210;222;223;224;229;244;268;272;273;276;297;328;353;364;368;369;370;371;372;373;374;375;377;378;379;380;381;382;385;386;387;388;389;391;392;393;395;399;412,5;20;40;51;108;127;185;188;198;204;230;236;240;261;356;665;752;770;848;1499;2909;6492;13474;16546;12420;8706;5050;2499;957;196;10;11392;8944;7972;7909;8485;9829;12;346;1478;4058;7673;16732;15961;14344;11865;8433;5299,49.86787033081055;49.807716369628906;49.613895416259766;49.44157791137695;46.30675506591797;44.78147506713867;41.55954360961914;41.12508773803711;39.958526611328125;39.78455352783203;36.950599670410156;36.66535186767578;36.37387466430664;34.85696792602539;29.67254066467285;21.53692054748535;20.289169311523438;19.99272918701172;19.04786491394043;14.15607738494873;9.945292472839355;6.340988636016846;4.0448102951049805;3.015312671661377;2.9471657276153564;2.87174654006958;2.8090009689331055;2.7599270343780518;2.7045459747314453;2.628676414489746;2.5340142250061035;2.8395323753356934;2.8806416988372803;2.8941235542297363;2.9042797088623047;2.9113686084747314;2.9047088623046875;2.5347163677215576;2.6387927532196045;2.7184112071990967;2.742123603820801;2.8409953117370605;2.990734338760376;3.289680242538452;3.6364636421203613;4.30362606048584;5.429441452026367;7.144774913787842
