序列,统计区间,完整五帧窗数,整窗未见异常比例,00001比例,异常逐点距离P50（米）,范围内异常点数P50（含零帧）,可见实例数P50,可见水平长边P50（米）,可见水平短边P50（米）,可见竖向跨度P50（米）,正常强度P50,异常强度P50,异常精确网格比例,同实例最近邻距P50（米）,道路占正常点比例,历史可见扫描数P50,五帧平移P50（米）,五帧旋转P50（弧度）,联合异常体素含正常比例,联合异常体素含忽略比例,当前异常体素历史新增正常比例,当前异常压缩比P50,历史增加异常体素数P50,当前异常体素均值位移P50（米；区间中点）,状态与缺失说明
125,静态0至254；窗口4至254,251,0.1593625498007968,0.00398406374501992,5.62890100479126,45.0,1.0,0.8046765327453613,0.7117271721363068,0.5987980961799622,0.18942856788635254,0.035999998450279236,1.0,0.035915888403096584,1.0,4.0,0.5149636557702676,0.01407116332757574,0.02868580189080998,0.0017715697129716379,0.01912289648138705,1.0081967213114753,118.0,0.00625,已完成；尺寸/地面/邻域可靠性见全量统计；无可靠时间戳
137,静态0至559；窗口4至559,556,0.6474820143884892,0.012589928057553957,8.009629249572754,0.0,0.0,0.2793850898742676,0.2508840560913086,0.1167137622833252,0.248285710811615,0.15285713970661163,1.0,0.05104274363519814,0.13191598380440467,0.0,2.1454951706486916,0.011463928351655857,0.06951871657754011,0,0.045563549160671464,1.0,0.0,0.00625,已完成；尺寸/地面/邻域可靠性见全量统计；无可靠时间戳
138,静态0至515；窗口4至515,512,0.638671875,0.009765625,8.58346176147461,0.0,0.0,0.6080846786499023,0.16560745239257812,0.171425461769104,0.2394285649061203,0.2174285650253296,1.0,0.05358776742745345,0.9429194076418341,0.0,2.0455952641706627,0.010508759759327408,0.029671332927571514,0.00852099817407182,0.01702127659574468,1.0,0.0,0.00745,已完成；尺寸/地面/邻域可靠性见全量统计；无可靠时间戳
139,静态0至541；窗口4至541,538,0.5576208178438662,0.007434944237918215,8.581024169921875,0.0,0.0,0.3984408378601074,0.16991043090820312,0.28084468841552734,0.23171427845954895,0.5025714039802551,1.0,0.051245779577243376,0.9004056857834155,0.0,2.1638099148365724,0.012043299715127073,0.026373063628216616,0.004224811163743439,0.016116653875671526,1.0,0.0,0.00755,已完成；尺寸/地面/邻域可靠性见全量统计；无可靠时间戳
140,静态0至480；窗口4至480,477,0.5324947589098532,0.012578616352201259,8.431575775146484,0.0,0.0,0.333257794380188,0.24760818481445312,0.17578721046447754,0.2288571447134018,0.26514285802841187,1.0,0.05468657088973935,0.9664148313959465,0.0,2.2907466774153056,0.01663662850189386,0.03682778824021762,0,0.019515477792732168,1.0,0.0,0.00465,已完成；尺寸/地面/邻域可靠性见全量统计；无可靠时间戳
141,静态0至696；窗口4至696,693,0.417027417027417,0.005772005772005772,7.330910682678223,0.0,1.0,0.828230082988739,0.5433444976806641,0.3802220821380615,0.24714285135269165,0.19371429085731506,1.0,0.0477067360011609,0.9452497768045124,4.0,1.5691876326349148,0.010953447156030065,0.024292035398230088,0.0009513274336283185,0.013641603688997054,1.0,7.0,0.00795,已完成；尺寸/地面/邻域可靠性见全量统计；无可靠时间戳
142,静态0至536；窗口4至536,533,0.5891181988742964,0.01125703564727955,7.421298027038574,0.0,0.0,0.649456262588501,0.5017490386962891,0.059090256690979004,0.24314285814762115,0.2977142930030823,1.0,0.04998348716305376,0.9438240285056196,0.0,1.7678595560171373,0.009254994628125048,0.1560777957860616,0,0.08425865447419988,1.0,0.0,5e-05,已完成；尺寸/地面/邻域可靠性见全量统计；无可靠时间戳
143,静态0至468；窗口4至468,465,0.5333333333333333,0.012903225806451613,6.605311870574951,0.0,0.0,0.3353464603424072,0.17426204681396484,0.2781412601470947,0.2362857162952423,0.17342856526374817,1.0,0.040599222158844324,0.9681670618914727,0.0,1.9801335708198446,0.011271685952970203,0.00358719646799117,0,0.00195160031225605,1.0,0.0,5e-05,已完成；尺寸/地面/邻域可靠性见全量统计；无可靠时间戳
144,静态0至322；窗口4至322,319,0.39184952978056425,0.0219435736677116,6.3162031173706055,0.0,0.0,0.18076705932617188,0.12846708297729492,0.13905107975006104,0.23657143115997314,0.43514284491539,1.0,0.038040031356182884,0.9674656695967241,1.0,2.223723534265463,0.008594800478681688,0.06173625254582485,0.00012729124236252545,0.03824993450353681,1.0,1.0,0.008450000000000001,已完成；尺寸/地面/邻域可靠性见全量统计；无可靠时间戳
145,静态0至336；窗口4至336,333,0.4264264264264264,0.021021021021021023,6.940427303314209,0.0,0.0,0.3341442160308361,0.276914119720459,0.21829235553741455,0.23914285004138947,0.23828572034835815,1.0,0.04414283472609874,0.9625685726087155,1.0,2.0376950467345645,0.008434150139155007,0.04604051565377532,0,0.03340484216978241,1.0,1.0,0.00875,已完成；尺寸/地面/邻域可靠性见全量统计；无可靠时间戳
146,静态0至373；窗口4至373,370,0.6513513513513514,0.002702702702702703,7.660078048706055,0.0,0.0,0.5108800232410431,0.37267589569091797,0.21596503257751465,0.2402857095003128,0.1817142814397812,1.0,0.05223061422749817,0.9570656538007258,0.0,2.1772640141557953,0.013256639113144604,0.022848808945065628,0,0.01597222222222222,1.0,0.0,0.00655,已完成；尺寸/地面/邻域可靠性见全量统计；无可靠时间戳
147,静态0至400；窗口4至400,397,0.3904282115869018,0.015113350125944584,7.922075271606445,0.0,1.0,0.5097123384475708,0.4209284782409668,0.1900249719619751,0.25371429324150085,0.20228570699691772,1.0,0.05258166731888587,0.9644658362446296,2.0,1.8602439800223054,0.012184845047652835,0.0343520782396088,0,0.023022651318232456,1.0,3.0,0.00795,已完成；尺寸/地面/邻域可靠性见全量统计；无可靠时间戳
148,静态0至601；窗口4至601,598,0.5317725752508361,0.010033444816053512,7.8388590812683105,0.0,0.0,0.4768575429916382,0.24637889862060547,0.17755532264709473,0.25514286756515503,0.19514285027980804,1.0,0.04955425687443418,0.9737584919403336,0.0,1.5120196709974292,0.01151691160274481,0.025544879306304193,0,0.019224047535826634,1.0,0.0,0.00825,已完成；尺寸/地面/邻域可靠性见全量统计；无可靠时间戳
149,静态0至377；窗口4至377,374,0.3074866310160428,0.01871657754010695,8.165468215942383,0.0,1.0,0.44391345977783203,0.3714027404785156,0.20536983013153076,0.25,0.2985714375972748,1.0,0.05289094638290255,0.9693578140715623,3.0,1.95499327603271,0.013136951933216404,0.04009518143961927,0.0026174895895300417,0.025508317929759706,1.0,4.0,0.007350000000000001,已完成；尺寸/地面/邻域可靠性见全量统计；无可靠时间戳；1点实例身份未确认
150,静态0至504；窗口4至504,501,0.41916167664670656,0.007984031936127744,7.702010154724121,0.0,1.0,0.43212538957595825,0.2755012512207031,0.23142945766448975,0.24314285814762115,0.1940000057220459,1.0,0.048269950838885654,0.970237627678781,3.0,1.6960101425315912,0.016353886122669463,0.03817945027075194,0.00020563438206868187,0.02423093131057733,1.0,4.0,0.007350000000000001,已完成；尺寸/地面/邻域可靠性见全量统计；无可靠时间戳
151,静态0至276；窗口4至276,273,0.43956043956043955,0.018315018315018316,8.129326820373535,0.0,0.0,0.7691926956176758,0.30768799781799316,0.20948076248168945,0.25028571486473083,0.1882857084274292,1.0,0.05929503272866727,0.95462652142241,1.0,2.027118212265553,0.010041858247779202,0.03453155958109256,0,0.02407566638005159,1.0,1.0,0.00515,已完成；尺寸/地面/邻域可靠性见全量统计；无可靠时间戳
152,静态0至533；窗口4至533,530,0.5339622641509434,0.011320754716981131,8.644462585449219,0.0,0.0,0.556032657623291,0.2979477643966675,0.14196515083312988,0.24714285135269165,0.23399999737739563,1.0,0.05790380535040177,0.9646955378449752,0.0,1.7843403871316716,0.01570798620535437,0.05942966690630242,0.0035945363048166786,0.02959094865100087,1.0,0.0,5e-05,已完成；尺寸/地面/邻域可靠性见全量统计；无可靠时间戳
153,静态0至270；窗口4至270,267,0.40074906367041196,0.0149812734082397,7.385082244873047,0.0,0.0,0.542521245777607,0.272064208984375,0.1783362627029419,0.24314285814762115,0.3594285845756531,1.0,0.04879490045922236,0.9561548347598167,2.0,2.3046965072264074,0.010344096131872137,0.03764705882352941,0,0.019574175824175824,1.0,3.0,0.00905,已完成；尺寸/地面/邻域可靠性见全量统计；无可靠时间戳
169,静态0至599；窗口4至599,596,0.6828859060402684,0.008389261744966443,8.265897750854492,0.0,0.0,1.7891424894332886,1.0659065246582031,0.3975180387496948,0.21400000154972076,0.1825714260339737,1.0,0.060977035731980704,1.0,0.0,5.240076433271263,0.018314101721621446,0.0368402817877353,0,0.02950108459869848,1.0,0.0,5e-05,已完成；尺寸/地面/邻域可靠性见全量统计；无可靠时间戳
