序列,类别,权重,点数,有效帧数,序列数,最小值,P5,P25,P50,P75,P95,最大值,不同取值数,重复取值点比例,最小值点数,最大值点数,零值比例,精确网格比例,最高频10个取值及计数
全部,正常,有适用观测的帧等权,744037182,8659,19,0.0002857142826542258,0.01914285682141781,0.09542857110500336,0.21657143533229828,0.4262857139110565,0.7785714268684387,8.640000343322754,5873,0.9999998145253983,4,1,0,1.0,"[{""count"": 511176, ""value"": 0.10314285755157471}, {""count"": 511009, ""value"": 0.1062857136130333}, {""count"": 510743, ""value"": 0.10371428728103638}, {""count"": 510708, ""value"": 0.10599999874830246}, {""count"": 510301, ""value"": 0.10571428388357162}, {""count"": 510263, ""value"": 0.10485713928937912}, {""count"": 510171, ""value"": 0.1071428582072258}, {""count"": 510135, ""value"": 0.09942857176065445}, {""count"": 510121, ""value"": 0.10199999809265137}, {""count"": 510093, ""value"": 0.10171428322792053}]"
全部,正常,统计单位等权,744037182,8659,19,0.0002857142826542258,0.028285713866353035,0.11571428924798965,0.23800000548362732,0.4382857084274292,0.7731428742408752,8.640000343322754,5873,0.9999998145253983,4,1,0,1.0,"[{""count"": 511176, ""value"": 0.10314285755157471}, {""count"": 511009, ""value"": 0.1062857136130333}, {""count"": 510743, ""value"": 0.10371428728103638}, {""count"": 510708, ""value"": 0.10599999874830246}, {""count"": 510301, ""value"": 0.10571428388357162}, {""count"": 510263, ""value"": 0.10485713928937912}, {""count"": 510171, ""value"": 0.1071428582072258}, {""count"": 510135, ""value"": 0.09942857176065445}, {""count"": 510121, ""value"": 0.10199999809265137}, {""count"": 510093, ""value"": 0.10171428322792053}]"
全部,正常,有适用观测的序列等权,744037182,8659,19,0.0002857142826542258,0.02914285659790039,0.11599999666213989,0.23742857575416565,0.4374285638332367,0.7739999890327454,8.640000343322754,5873,0.9999998145253983,4,1,0,1.0,"[{""count"": 511176, ""value"": 0.10314285755157471}, {""count"": 511009, ""value"": 0.1062857136130333}, {""count"": 510743, ""value"": 0.10371428728103638}, {""count"": 510708, ""value"": 0.10599999874830246}, {""count"": 510301, ""value"": 0.10571428388357162}, {""count"": 510263, ""value"": 0.10485713928937912}, {""count"": 510171, ""value"": 0.1071428582072258}, {""count"": 510135, ""value"": 0.09942857176065445}, {""count"": 510121, ""value"": 0.10199999809265137}, {""count"": 510093, ""value"": 0.10171428322792053}]"
全部,异常,有适用观测的帧等权,90739,3545,19,0.001714285695925355,0.017142856493592262,0.0454285703599453,0.1177142858505249,0.25371429324150085,0.5320000052452087,1.1411428451538086,3421,0.9956358346466239,1,1,0,1.0,"[{""count"": 249, ""value"": 0.00800000037997961}, {""count"": 241, ""value"": 0.0071428571827709675}, {""count"": 229, ""value"": 0.008857143111526966}, {""count"": 225, ""value"": 0.010285714641213417}, {""count"": 223, ""value"": 0.010857142508029938}, {""count"": 219, ""value"": 0.008571428246796131}, {""count"": 219, ""value"": 0.009142857044935226}, {""count"": 218, ""value"": 0.009714285843074322}, {""count"": 217, ""value"": 0.009999999776482582}, {""count"": 216, ""value"": 0.009428570978343487}]"
全部,异常,统计单位等权,90739,3545,19,0.001714285695925355,0.009999999776482582,0.06514285504817963,0.17171429097652435,0.32685714960098267,0.6082857251167297,1.1411428451538086,3421,0.9956358346466239,1,1,0,1.0,"[{""count"": 249, ""value"": 0.00800000037997961}, {""count"": 241, ""value"": 0.0071428571827709675}, {""count"": 229, ""value"": 0.008857143111526966}, {""count"": 225, ""value"": 0.010285714641213417}, {""count"": 223, ""value"": 0.010857142508029938}, {""count"": 219, ""value"": 0.008571428246796131}, {""count"": 219, ""value"": 0.009142857044935226}, {""count"": 218, ""value"": 0.009714285843074322}, {""count"": 217, ""value"": 0.009999999776482582}, {""count"": 216, ""value"": 0.009428570978343487}]"
全部,异常,有适用观测的序列等权,90739,3545,19,0.001714285695925355,0.02742857113480568,0.11914286017417908,0.2248571366071701,0.37685713171958923,0.6482856869697571,1.1411428451538086,3421,0.9956358346466239,1,1,0,1.0,"[{""count"": 249, ""value"": 0.00800000037997961}, {""count"": 241, ""value"": 0.0071428571827709675}, {""count"": 229, ""value"": 0.008857143111526966}, {""count"": 225, ""value"": 0.010285714641213417}, {""count"": 223, ""value"": 0.010857142508029938}, {""count"": 219, ""value"": 0.008571428246796131}, {""count"": 219, ""value"": 0.009142857044935226}, {""count"": 218, ""value"": 0.009714285843074322}, {""count"": 217, ""value"": 0.009999999776482582}, {""count"": 216, ""value"": 0.009428570978343487}]"
全部,忽略,有适用观测的帧等权,243679266,8659,19,0.0002857142826542258,0.013142856769263744,0.04714285582304001,0.12685714662075043,0.29085713624954224,0.6891428828239441,5.6177144050598145,5791,0.9999997619822115,1,1,0,1.0,"[{""count"": 284192, ""value"": 0.017999999225139618}, {""count"": 284139, ""value"": 0.017142856493592262}, {""count"": 283340, ""value"": 0.017714286223053932}, {""count"": 282961, ""value"": 0.017428571358323097}, {""count"": 282340, ""value"": 0.016857143491506577}, {""count"": 282322, ""value"": 0.018857141956686974}, {""count"": 282092, ""value"": 0.018285714089870453}, {""count"": 281883, ""value"": 0.018571428954601288}, {""count"": 281387, ""value"": 0.01914285682141781}, {""count"": 281200, ""value"": 0.01657142862677574}]"
全部,忽略,统计单位等权,243679266,8659,19,0.0002857142826542258,0.018571428954601288,0.07742857187986374,0.18542857468128204,0.3937142789363861,0.7717142701148987,5.6177144050598145,5791,0.9999997619822115,1,1,0,1.0,"[{""count"": 284192, ""value"": 0.017999999225139618}, {""count"": 284139, ""value"": 0.017142856493592262}, {""count"": 283340, ""value"": 0.017714286223053932}, {""count"": 282961, ""value"": 0.017428571358323097}, {""count"": 282340, ""value"": 0.016857143491506577}, {""count"": 282322, ""value"": 0.018857141956686974}, {""count"": 282092, ""value"": 0.018285714089870453}, {""count"": 281883, ""value"": 0.018571428954601288}, {""count"": 281387, ""value"": 0.01914285682141781}, {""count"": 281200, ""value"": 0.01657142862677574}]"
全部,忽略,有适用观测的序列等权,243679266,8659,19,0.0002857142826542258,0.01600000075995922,0.06685714423656464,0.168857142329216,0.37542855739593506,0.7705714106559753,5.6177144050598145,5791,0.9999997619822115,1,1,0,1.0,"[{""count"": 284192, ""value"": 0.017999999225139618}, {""count"": 284139, ""value"": 0.017142856493592262}, {""count"": 283340, ""value"": 0.017714286223053932}, {""count"": 282961, ""value"": 0.017428571358323097}, {""count"": 282340, ""value"": 0.016857143491506577}, {""count"": 282322, ""value"": 0.018857141956686974}, {""count"": 282092, ""value"": 0.018285714089870453}, {""count"": 281883, ""value"": 0.018571428954601288}, {""count"": 281387, ""value"": 0.01914285682141781}, {""count"": 281200, ""value"": 0.01657142862677574}]"
125,正常,有适用观测的帧等权,25082699,255,1,0.0008571428479626775,0.040571428835392,0.10514285415410995,0.1882857084274292,0.3174285590648651,0.6420000195503235,1.6368571519851685,5726,0.9999997607912928,2,1,0,1.0,"[{""count"": 23193, ""value"": 0.07685714215040207}, {""count"": 23151, ""value"": 0.07599999755620956}, {""count"": 23119, ""value"": 0.07742857187986374}, {""count"": 23102, ""value"": 0.0762857124209404}, {""count"": 23102, ""value"": 0.08514285832643509}, {""count"": 23098, ""value"": 0.07657142728567123}, {""count"": 23092, ""value"": 0.07999999821186066}, {""count"": 23086, ""value"": 0.0820000022649765}, {""count"": 23084, ""value"": 0.08857142925262451}, {""count"": 23082, ""value"": 0.07371428608894348}]"
125,正常,统计单位等权,25082699,255,1,0.0008571428479626775,0.040571428835392,0.10485713928937912,0.18942856788635254,0.32114285230636597,0.6505714058876038,1.6368571519851685,5726,0.9999997607912928,2,1,0,1.0,"[{""count"": 23193, ""value"": 0.07685714215040207}, {""count"": 23151, ""value"": 0.07599999755620956}, {""count"": 23119, ""value"": 0.07742857187986374}, {""count"": 23102, ""value"": 0.0762857124209404}, {""count"": 23102, ""value"": 0.08514285832643509}, {""count"": 23098, ""value"": 0.07657142728567123}, {""count"": 23092, ""value"": 0.07999999821186066}, {""count"": 23086, ""value"": 0.0820000022649765}, {""count"": 23084, ""value"": 0.08857142925262451}, {""count"": 23082, ""value"": 0.07371428608894348}]"
125,异常,有适用观测的帧等权,25873,211,1,0.001714285695925355,0.0071428571827709675,0.019428571686148643,0.04714285582304001,0.11028571426868439,0.38199999928474426,0.9259999990463257,2053,0.9790515208905036,1,1,0,1.0,"[{""count"": 235, ""value"": 0.00800000037997961}, {""count"": 233, ""value"": 0.0071428571827709675}, {""count"": 220, ""value"": 0.008857143111526966}, {""count"": 213, ""value"": 0.010285714641213417}, {""count"": 208, ""value"": 0.009142857044935226}, {""count"": 204, ""value"": 0.009428570978343487}, {""count"": 203, ""value"": 0.009714285843074322}, {""count"": 202, ""value"": 0.009999999776482582}, {""count"": 202, ""value"": 0.010857142508029938}, {""count"": 201, ""value"": 0.008571428246796131}]"
125,异常,统计单位等权,25873,211,1,0.001714285695925355,0.006000000052154064,0.01371428556740284,0.035999998450279236,0.09485714137554169,0.3708571493625641,0.9259999990463257,2053,0.9790515208905036,1,1,0,1.0,"[{""count"": 235, ""value"": 0.00800000037997961}, {""count"": 233, ""value"": 0.0071428571827709675}, {""count"": 220, ""value"": 0.008857143111526966}, {""count"": 213, ""value"": 0.010285714641213417}, {""count"": 208, ""value"": 0.009142857044935226}, {""count"": 204, ""value"": 0.009428570978343487}, {""count"": 203, ""value"": 0.009714285843074322}, {""count"": 202, ""value"": 0.009999999776482582}, {""count"": 202, ""value"": 0.010857142508029938}, {""count"": 201, ""value"": 0.008571428246796131}]"
125,忽略,有适用观测的帧等权,6821570,255,1,0.0011428571306169033,0.01600000075995922,0.04885714128613472,0.11485714465379715,0.25628572702407837,0.581428587436676,4.802285671234131,5477,0.9999382840020699,1,1,0,1.0,"[{""count"": 11305, ""value"": 0.018285714089870453}, {""count"": 11292, ""value"": 0.017999999225139618}, {""count"": 11278, ""value"": 0.017142856493592262}, {""count"": 11253, ""value"": 0.01971428655087948}, {""count"": 11222, ""value"": 0.018857141956686974}, {""count"": 11208, ""value"": 0.01914285682141781}, {""count"": 11207, ""value"": 0.019428571686148643}, {""count"": 11193, ""value"": 0.018571428954601288}, {""count"": 11156, ""value"": 0.020571429282426834}, {""count"": 11155, ""value"": 0.020285714417696}]"
125,忽略,统计单位等权,6821570,255,1,0.0011428571306169033,0.017142856493592262,0.05828571319580078,0.14000000059604645,0.32199999690055847,0.6157143115997314,4.802285671234131,5477,0.9999382840020699,1,1,0,1.0,"[{""count"": 11305, ""value"": 0.018285714089870453}, {""count"": 11292, ""value"": 0.017999999225139618}, {""count"": 11278, ""value"": 0.017142856493592262}, {""count"": 11253, ""value"": 0.01971428655087948}, {""count"": 11222, ""value"": 0.018857141956686974}, {""count"": 11208, ""value"": 0.01914285682141781}, {""count"": 11207, ""value"": 0.019428571686148643}, {""count"": 11193, ""value"": 0.018571428954601288}, {""count"": 11156, ""value"": 0.020571429282426834}, {""count"": 11155, ""value"": 0.020285714417696}]"
137,正常,有适用观测的帧等权,41429536,560,1,0.0005714285653084517,0.02142857201397419,0.0925714299082756,0.2248571366071701,0.4814285635948181,0.8302857279777527,7.323428630828857,5746,0.9999992517415595,3,1,0,1.0,"[{""count"": 29096, ""value"": 0.005428571254014969}, {""count"": 29007, ""value"": 0.0057142856530845165}, {""count"": 28979, ""value"": 0.0051428573206067085}, {""count"": 28774, ""value"": 0.006000000052154064}, {""count"": 28695, ""value"": 0.006571428384631872}, {""count"": 28639, ""value"": 0.006285714451223612}, {""count"": 28460, ""value"": 0.10000000149011612}, {""count"": 28304, ""value"": 0.004857142921537161}, {""count"": 28158, ""value"": 0.00685714278370142}, {""count"": 28146, ""value"": 0.09799999743700027}]"
137,正常,统计单位等权,41429536,560,1,0.0005714285653084517,0.028857143595814705,0.11742857098579407,0.248285710811615,0.47028571367263794,0.805142879486084,7.323428630828857,5746,0.9999992517415595,3,1,0,1.0,"[{""count"": 29096, ""value"": 0.005428571254014969}, {""count"": 29007, ""value"": 0.0057142856530845165}, {""count"": 28979, ""value"": 0.0051428573206067085}, {""count"": 28774, ""value"": 0.006000000052154064}, {""count"": 28695, ""value"": 0.006571428384631872}, {""count"": 28639, ""value"": 0.006285714451223612}, {""count"": 28460, ""value"": 0.10000000149011612}, {""count"": 28304, ""value"": 0.004857142921537161}, {""count"": 28158, ""value"": 0.00685714278370142}, {""count"": 28146, ""value"": 0.09799999743700027}]"
137,异常,有适用观测的帧等权,929,150,1,0.01371428556740284,0.020571429282426834,0.06114285811781883,0.11800000071525574,0.21371428668498993,0.4011428654193878,0.6294285655021667,655,0.5016146393972013,1,1,0,1.0,"[{""count"": 6, ""value"": 0.0868571400642395}, {""count"": 6, ""value"": 0.16857142746448517}, {""count"": 5, ""value"": 0.07000000029802322}, {""count"": 5, ""value"": 0.0974285677075386}, {""count"": 5, ""value"": 0.09942857176065445}, {""count"": 5, ""value"": 0.16085714101791382}, {""count"": 4, ""value"": 0.047428570687770844}, {""count"": 4, ""value"": 0.054571427404880524}, {""count"": 4, ""value"": 0.055142857134342194}, {""count"": 4, ""value"": 0.05828571319580078}]"
137,异常,统计单位等权,929,150,1,0.01371428556740284,0.04171428456902504,0.0868571400642395,0.15285713970661163,0.251714289188385,0.4505714178085327,0.6294285655021667,655,0.5016146393972013,1,1,0,1.0,"[{""count"": 6, ""value"": 0.0868571400642395}, {""count"": 6, ""value"": 0.16857142746448517}, {""count"": 5, ""value"": 0.07000000029802322}, {""count"": 5, ""value"": 0.0974285677075386}, {""count"": 5, ""value"": 0.09942857176065445}, {""count"": 5, ""value"": 0.16085714101791382}, {""count"": 4, ""value"": 0.047428570687770844}, {""count"": 4, ""value"": 0.054571427404880524}, {""count"": 4, ""value"": 0.055142857134342194}, {""count"": 4, ""value"": 0.05828571319580078}]"
137,忽略,有适用观测的帧等权,22796555,560,1,0.0011428571306169033,0.018285714089870453,0.06885714083909988,0.16657142341136932,0.3548571467399597,0.7177143096923828,4.061142921447754,5722,0.9999997806686142,44,1,0,1.0,"[{""count"": 22898, ""value"": 0.017999999225139618}, {""count"": 22809, ""value"": 0.019428571686148643}, {""count"": 22754, ""value"": 0.019999999552965164}, {""count"": 22715, ""value"": 0.01914285682141781}, {""count"": 22690, ""value"": 0.018285714089870453}, {""count"": 22653, ""value"": 0.018571428954601288}, {""count"": 22652, ""value"": 0.021142857149243355}, {""count"": 22642, ""value"": 0.016857143491506577}, {""count"": 22636, ""value"": 0.017714286223053932}, {""count"": 22628, ""value"": 0.022857142612338066}]"
137,忽略,统计单位等权,22796555,560,1,0.0011428571306169033,0.020571429282426834,0.08399999886751175,0.19828571379184723,0.4034285843372345,0.7417142987251282,4.061142921447754,5722,0.9999997806686142,44,1,0,1.0,"[{""count"": 22898, ""value"": 0.017999999225139618}, {""count"": 22809, ""value"": 0.019428571686148643}, {""count"": 22754, ""value"": 0.019999999552965164}, {""count"": 22715, ""value"": 0.01914285682141781}, {""count"": 22690, ""value"": 0.018285714089870453}, {""count"": 22653, ""value"": 0.018571428954601288}, {""count"": 22652, ""value"": 0.021142857149243355}, {""count"": 22642, ""value"": 0.016857143491506577}, {""count"": 22636, ""value"": 0.017714286223053932}, {""count"": 22628, ""value"": 0.022857142612338066}]"
138,正常,有适用观测的帧等权,39345790,516,1,0.0005714285653084517,0.015714285895228386,0.07599999755620956,0.19857142865657806,0.4214285612106323,0.7671428322792053,4.765714168548584,5723,0.999999618764803,9,1,0,1.0,"[{""count"": 28172, ""value"": 0.005428571254014969}, {""count"": 27994, ""value"": 0.06485714018344879}, {""count"": 27956, ""value"": 0.0057142856530845165}, {""count"": 27932, ""value"": 0.006000000052154064}, {""count"": 27839, ""value"": 0.057999998331069946}, {""count"": 27838, ""value"": 0.07000000029802322}, {""count"": 27805, ""value"": 0.0051428573206067085}, {""count"": 27791, ""value"": 0.06314285844564438}, {""count"": 27776, ""value"": 0.07199999690055847}, {""count"": 27773, ""value"": 0.061714284121990204}]"
138,正常,统计单位等权,39345790,516,1,0.0005714285653084517,0.028285713866353035,0.11371428519487381,0.2394285649061203,0.4502857029438019,0.7839999794960022,4.765714168548584,5723,0.999999618764803,9,1,0,1.0,"[{""count"": 28172, ""value"": 0.005428571254014969}, {""count"": 27994, ""value"": 0.06485714018344879}, {""count"": 27956, ""value"": 0.0057142856530845165}, {""count"": 27932, ""value"": 0.006000000052154064}, {""count"": 27839, ""value"": 0.057999998331069946}, {""count"": 27838, ""value"": 0.07000000029802322}, {""count"": 27805, ""value"": 0.0051428573206067085}, {""count"": 27791, ""value"": 0.06314285844564438}, {""count"": 27776, ""value"": 0.07199999690055847}, {""count"": 27773, ""value"": 0.061714284121990204}]"
138,异常,有适用观测的帧等权,2401,155,1,0.017714286223053932,0.025142857804894447,0.06800000369548798,0.12457142770290375,0.22342857718467712,0.41114285588264465,0.9011428356170654,1276,0.7305289462723865,2,1,0,1.0,"[{""count"": 7, ""value"": 0.1331428587436676}, {""count"": 7, ""value"": 0.1348571479320526}, {""count"": 7, ""value"": 0.1388571411371231}, {""count"": 7, ""value"": 0.17114286124706268}, {""count"": 7, ""value"": 0.2054285705089569}, {""count"": 7, ""value"": 0.2199999988079071}, {""count"": 6, ""value"": 0.10057143121957779}, {""count"": 6, ""value"": 0.10971428453922272}, {""count"": 6, ""value"": 0.11057142913341522}, {""count"": 6, ""value"": 0.13457143306732178}]"
138,异常,统计单位等权,2401,155,1,0.017714286223053932,0.07085714489221573,0.14314286410808563,0.2174285650253296,0.3205714225769043,0.5208571553230286,0.9011428356170654,1276,0.7305289462723865,2,1,0,1.0,"[{""count"": 7, ""value"": 0.1331428587436676}, {""count"": 7, ""value"": 0.1348571479320526}, {""count"": 7, ""value"": 0.1388571411371231}, {""count"": 7, ""value"": 0.17114286124706268}, {""count"": 7, ""value"": 0.2054285705089569}, {""count"": 7, ""value"": 0.2199999988079071}, {""count"": 6, ""value"": 0.10057143121957779}, {""count"": 6, ""value"": 0.10971428453922272}, {""count"": 6, ""value"": 0.11057142913341522}, {""count"": 6, ""value"": 0.13457143306732178}]"
138,忽略,有适用观测的帧等权,19652489,516,1,0.0008571428479626775,0.016285713762044907,0.06057142838835716,0.15685714781284332,0.3434285819530487,0.7408571243286133,2.8794286251068115,5723,0.9999995420427408,5,1,0,1.0,"[{""count"": 19065, ""value"": 0.018285714089870453}, {""count"": 18883, ""value"": 0.018857141956686974}, {""count"": 18877, ""value"": 0.017428571358323097}, {""count"": 18825, ""value"": 0.017142856493592262}, {""count"": 18784, ""value"": 0.018571428954601288}, {""count"": 18766, ""value"": 0.017714286223053932}, {""count"": 18743, ""value"": 0.01914285682141781}, {""count"": 18691, ""value"": 0.016285713762044907}, {""count"": 18690, ""value"": 0.019428571686148643}, {""count"": 18682, ""value"": 0.017999999225139618}]"
138,忽略,统计单位等权,19652489,516,1,0.0008571428479626775,0.02085714228451252,0.09571428596973419,0.23714286088943481,0.4822857081890106,0.8299999833106995,2.8794286251068115,5723,0.9999995420427408,5,1,0,1.0,"[{""count"": 19065, ""value"": 0.018285714089870453}, {""count"": 18883, ""value"": 0.018857141956686974}, {""count"": 18877, ""value"": 0.017428571358323097}, {""count"": 18825, ""value"": 0.017142856493592262}, {""count"": 18784, ""value"": 0.018571428954601288}, {""count"": 18766, ""value"": 0.017714286223053932}, {""count"": 18743, ""value"": 0.01914285682141781}, {""count"": 18691, ""value"": 0.016285713762044907}, {""count"": 18690, ""value"": 0.019428571686148643}, {""count"": 18682, ""value"": 0.017999999225139618}]"
139,正常,有适用观测的帧等权,43510275,542,1,0.0002857142826542258,0.024000000208616257,0.10457143187522888,0.23771429061889648,0.4911428689956665,0.8282856941223145,7.714285850524902,5743,0.9999993794569214,1,1,0,1.0,"[{""count"": 32534, ""value"": 0.05657142773270607}, {""count"": 32517, ""value"": 0.05828571319580078}, {""count"": 32434, ""value"": 0.06028571352362633}, {""count"": 32425, ""value"": 0.059142857789993286}, {""count"": 32409, ""value"": 0.05542857199907303}, {""count"": 32406, ""value"": 0.05342857167124748}, {""count"": 32317, ""value"": 0.05714285746216774}, {""count"": 32298, ""value"": 0.057999998331069946}, {""count"": 32286, ""value"": 0.054571427404880524}, {""count"": 32273, ""value"": 0.0057142856530845165}]"
139,正常,统计单位等权,43510275,542,1,0.0002857142826542258,0.027142856270074844,0.10914285480976105,0.23171427845954895,0.44685715436935425,0.7874285578727722,7.714285850524902,5743,0.9999993794569214,1,1,0,1.0,"[{""count"": 32534, ""value"": 0.05657142773270607}, {""count"": 32517, ""value"": 0.05828571319580078}, {""count"": 32434, ""value"": 0.06028571352362633}, {""count"": 32425, ""value"": 0.059142857789993286}, {""count"": 32409, ""value"": 0.05542857199907303}, {""count"": 32406, ""value"": 0.05342857167124748}, {""count"": 32317, ""value"": 0.05714285746216774}, {""count"": 32298, ""value"": 0.057999998331069946}, {""count"": 32286, ""value"": 0.054571427404880524}, {""count"": 32273, ""value"": 0.0057142856530845165}]"
139,异常,有适用观测的帧等权,3050,205,1,0.0057142856530845165,0.027714285999536514,0.08342856913805008,0.23600000143051147,0.49000000953674316,0.8360000252723694,1.1411428451538086,1996,0.6,1,1,0,1.0,"[{""count"": 5, ""value"": 0.3337142765522003}, {""count"": 5, ""value"": 0.39885714650154114}, {""count"": 5, ""value"": 0.412285715341568}, {""count"": 5, ""value"": 0.4334285855293274}, {""count"": 5, ""value"": 0.4657142758369446}, {""count"": 5, ""value"": 0.5022857189178467}, {""count"": 5, ""value"": 0.5640000104904175}, {""count"": 5, ""value"": 0.5742856860160828}, {""count"": 5, ""value"": 0.5825714468955994}, {""count"": 5, ""value"": 0.5837143063545227}]"
139,异常,统计单位等权,3050,205,1,0.0057142856530845165,0.0965714305639267,0.3402857184410095,0.5025714039802551,0.7162857055664062,0.9762856960296631,1.1411428451538086,1996,0.6,1,1,0,1.0,"[{""count"": 5, ""value"": 0.3337142765522003}, {""count"": 5, ""value"": 0.39885714650154114}, {""count"": 5, ""value"": 0.412285715341568}, {""count"": 5, ""value"": 0.4334285855293274}, {""count"": 5, ""value"": 0.4657142758369446}, {""count"": 5, ""value"": 0.5022857189178467}, {""count"": 5, ""value"": 0.5640000104904175}, {""count"": 5, ""value"": 0.5742856860160828}, {""count"": 5, ""value"": 0.5825714468955994}, {""count"": 5, ""value"": 0.5837143063545227}]"
139,忽略,有适用观测的帧等权,18525264,542,1,0.0008571428479626775,0.018285714089870453,0.07742857187986374,0.1948571354150772,0.3954285681247711,0.7608571648597717,1.7302857637405396,5724,0.9999993522359519,6,1,0,1.0,"[{""count"": 19734, ""value"": 0.017999999225139618}, {""count"": 19472, ""value"": 0.01914285682141781}, {""count"": 19388, ""value"": 0.019428571686148643}, {""count"": 19322, ""value"": 0.018857141956686974}, {""count"": 19313, ""value"": 0.018571428954601288}, {""count"": 19310, ""value"": 0.019999999552965164}, {""count"": 19243, ""value"": 0.018285714089870453}, {""count"": 19211, ""value"": 0.016857143491506577}, {""count"": 19209, ""value"": 0.017142856493592262}, {""count"": 19207, ""value"": 0.017714286223053932}]"
139,忽略,统计单位等权,18525264,542,1,0.0008571428479626775,0.020285714417696,0.09228571504354477,0.22714285552501678,0.4414285719394684,0.7834285497665405,1.7302857637405396,5724,0.9999993522359519,6,1,0,1.0,"[{""count"": 19734, ""value"": 0.017999999225139618}, {""count"": 19472, ""value"": 0.01914285682141781}, {""count"": 19388, ""value"": 0.019428571686148643}, {""count"": 19322, ""value"": 0.018857141956686974}, {""count"": 19313, ""value"": 0.018571428954601288}, {""count"": 19310, ""value"": 0.019999999552965164}, {""count"": 19243, ""value"": 0.018285714089870453}, {""count"": 19211, ""value"": 0.016857143491506577}, {""count"": 19209, ""value"": 0.017142856493592262}, {""count"": 19207, ""value"": 0.017714286223053932}]"
140,正常,有适用观测的帧等权,44646910,481,1,0.0005714285653084517,0.022857142612338066,0.09628571569919586,0.2102857083082199,0.41600000858306885,0.7594285607337952,4.243428707122803,5729,0.9999997312244006,7,1,0,1.0,"[{""count"": 32777, ""value"": 0.06971428543329239}, {""count"": 32698, ""value"": 0.06714285910129547}, {""count"": 32687, ""value"": 0.05999999865889549}, {""count"": 32670, ""value"": 0.07742857187986374}, {""count"": 32669, ""value"": 0.07885714620351791}, {""count"": 32663, ""value"": 0.061714284121990204}, {""count"": 32648, ""value"": 0.06257142871618271}, {""count"": 32643, ""value"": 0.06028571352362633}, {""count"": 32635, ""value"": 0.05771428719162941}, {""count"": 32635, ""value"": 0.08028571307659149}]"
140,正常,统计单位等权,44646910,481,1,0.0005714285653084517,0.02971428632736206,0.11171428859233856,0.2288571447134018,0.4268571436405182,0.7511428594589233,4.243428707122803,5729,0.9999997312244006,7,1,0,1.0,"[{""count"": 32777, ""value"": 0.06971428543329239}, {""count"": 32698, ""value"": 0.06714285910129547}, {""count"": 32687, ""value"": 0.05999999865889549}, {""count"": 32670, ""value"": 0.07742857187986374}, {""count"": 32669, ""value"": 0.07885714620351791}, {""count"": 32663, ""value"": 0.061714284121990204}, {""count"": 32648, ""value"": 0.06257142871618271}, {""count"": 32643, ""value"": 0.06028571352362633}, {""count"": 32635, ""value"": 0.05771428719162941}, {""count"": 32635, ""value"": 0.08028571307659149}]"
140,异常,有适用观测的帧等权,1677,176,1,0.00800000037997961,0.020285714417696,0.054571427404880524,0.13257142901420593,0.30228570103645325,0.5619999766349792,1.0405714511871338,1164,0.5307096004770423,2,1,0,1.0,"[{""count"": 5, ""value"": 0.10685714334249496}, {""count"": 5, ""value"": 0.2257142812013626}, {""count"": 5, ""value"": 0.30228570103645325}, {""count"": 4, ""value"": 0.05057142674922943}, {""count"": 4, ""value"": 0.06714285910129547}, {""count"": 4, ""value"": 0.06942857056856155}, {""count"": 4, ""value"": 0.09057142585515976}, {""count"": 4, ""value"": 0.10971428453922272}, {""count"": 4, ""value"": 0.11599999666213989}, {""count"": 4, ""value"": 0.11857143044471741}]"
140,异常,统计单位等权,1677,176,1,0.00800000037997961,0.04857143014669418,0.1371428519487381,0.26514285802841187,0.4194285571575165,0.6551428437232971,1.0405714511871338,1164,0.5307096004770423,2,1,0,1.0,"[{""count"": 5, ""value"": 0.10685714334249496}, {""count"": 5, ""value"": 0.2257142812013626}, {""count"": 5, ""value"": 0.30228570103645325}, {""count"": 4, ""value"": 0.05057142674922943}, {""count"": 4, ""value"": 0.06714285910129547}, {""count"": 4, ""value"": 0.06942857056856155}, {""count"": 4, ""value"": 0.09057142585515976}, {""count"": 4, ""value"": 0.10971428453922272}, {""count"": 4, ""value"": 0.11599999666213989}, {""count"": 4, ""value"": 0.11857143044471741}]"
140,忽略,有适用观测的帧等权,10313771,481,1,0.0005714285653084517,0.014000000432133675,0.04342857003211975,0.11257142573595047,0.2742857038974762,0.7445714473724365,1.8877142667770386,5711,0.9999971882253349,3,1,0,1.0,"[{""count"": 14442, ""value"": 0.017142856493592262}, {""count"": 14349, ""value"": 0.01914285682141781}, {""count"": 14330, ""value"": 0.018285714089870453}, {""count"": 14307, ""value"": 0.01657142862677574}, {""count"": 14280, ""value"": 0.017714286223053932}, {""count"": 14225, ""value"": 0.017999999225139618}, {""count"": 14208, ""value"": 0.017428571358323097}, {""count"": 14172, ""value"": 0.01600000075995922}, {""count"": 14172, ""value"": 0.018571428954601288}, {""count"": 14101, ""value"": 0.018857141956686974}]"
140,忽略,统计单位等权,10313771,481,1,0.0005714285653084517,0.016285713762044907,0.06942857056856155,0.18228571116924286,0.4320000112056732,0.8577142953872681,1.8877142667770386,5711,0.9999971882253349,3,1,0,1.0,"[{""count"": 14442, ""value"": 0.017142856493592262}, {""count"": 14349, ""value"": 0.01914285682141781}, {""count"": 14330, ""value"": 0.018285714089870453}, {""count"": 14307, ""value"": 0.01657142862677574}, {""count"": 14280, ""value"": 0.017714286223053932}, {""count"": 14225, ""value"": 0.017999999225139618}, {""count"": 14208, ""value"": 0.017428571358323097}, {""count"": 14172, ""value"": 0.01600000075995922}, {""count"": 14172, ""value"": 0.018571428954601288}, {""count"": 14101, ""value"": 0.018857141956686974}]"
141,正常,有适用观测的帧等权,64311336,697,1,0.0005714285653084517,0.02257142774760723,0.10114285349845886,0.23228570818901062,0.4608571529388428,0.8082857131958008,7.244571208953857,5737,0.999999766759627,2,1,0,1.0,"[{""count"": 45818, ""value"": 0.08485714346170425}, {""count"": 45738, ""value"": 0.09542857110500336}, {""count"": 45601, ""value"": 0.09000000357627869}, {""count"": 45585, ""value"": 0.08514285832643509}, {""count"": 45555, ""value"": 0.09457142651081085}, {""count"": 45517, ""value"": 0.087714284658432}, {""count"": 45516, ""value"": 0.08085714280605316}, {""count"": 45511, ""value"": 0.0908571407198906}, {""count"": 45505, ""value"": 0.09114285558462143}, {""count"": 45498, ""value"": 0.08885714411735535}]"
141,正常,统计单位等权,64311336,697,1,0.0005714285653084517,0.03371428698301315,0.11800000071525574,0.24714285135269165,0.45914286375045776,0.7971428632736206,7.244571208953857,5737,0.999999766759627,2,1,0,1.0,"[{""count"": 45818, ""value"": 0.08485714346170425}, {""count"": 45738, ""value"": 0.09542857110500336}, {""count"": 45601, ""value"": 0.09000000357627869}, {""count"": 45585, ""value"": 0.08514285832643509}, {""count"": 45555, ""value"": 0.09457142651081085}, {""count"": 45517, ""value"": 0.087714284658432}, {""count"": 45516, ""value"": 0.08085714280605316}, {""count"": 45511, ""value"": 0.0908571407198906}, {""count"": 45505, ""value"": 0.09114285558462143}, {""count"": 45498, ""value"": 0.08885714411735535}]"
141,异常,有适用观测的帧等权,18554,381,1,0.003142857225611806,0.017714286223053932,0.054571427404880524,0.12771429121494293,0.22285714745521545,0.43542855978012085,0.8951428532600403,2330,0.9802737954079983,1,1,0,1.0,"[{""count"": 34, ""value"": 0.08399999886751175}, {""count"": 32, ""value"": 0.09685714542865753}, {""count"": 29, ""value"": 0.08571428805589676}, {""count"": 29, ""value"": 0.08799999952316284}, {""count"": 29, ""value"": 0.09885714203119278}, {""count"": 27, ""value"": 0.0868571400642395}, {""count"": 27, ""value"": 0.09000000357627869}, {""count"": 27, ""value"": 0.09571428596973419}, {""count"": 27, ""value"": 0.09857142716646194}, {""count"": 27, ""value"": 0.11828571557998657}]"
141,异常,统计单位等权,18554,381,1,0.003142857225611806,0.05342857167124748,0.11171428859233856,0.19371429085731506,0.2985714375972748,0.5288571715354919,0.8951428532600403,2330,0.9802737954079983,1,1,0,1.0,"[{""count"": 34, ""value"": 0.08399999886751175}, {""count"": 32, ""value"": 0.09685714542865753}, {""count"": 29, ""value"": 0.08571428805589676}, {""count"": 29, ""value"": 0.08799999952316284}, {""count"": 29, ""value"": 0.09885714203119278}, {""count"": 27, ""value"": 0.0868571400642395}, {""count"": 27, ""value"": 0.09000000357627869}, {""count"": 27, ""value"": 0.09571428596973419}, {""count"": 27, ""value"": 0.09857142716646194}, {""count"": 27, ""value"": 0.11828571557998657}]"
141,忽略,有适用观测的帧等权,16333962,697,1,0.0005714285653084517,0.014285714365541935,0.05314285680651665,0.1371428519487381,0.29657143354415894,0.7080000042915344,4.902857303619385,5748,0.9999976123367986,1,1,0,1.0,"[{""count"": 19463, ""value"": 0.017999999225139618}, {""count"": 19444, ""value"": 0.017142856493592262}, {""count"": 19389, ""value"": 0.018857141956686974}, {""count"": 19343, ""value"": 0.01914285682141781}, {""count"": 19318, ""value"": 0.017714286223053932}, {""count"": 19290, ""value"": 0.018571428954601288}, {""count"": 19251, ""value"": 0.01657142862677574}, {""count"": 19234, ""value"": 0.01600000075995922}, {""count"": 19216, ""value"": 0.018285714089870453}, {""count"": 19212, ""value"": 0.016857143491506577}]"
141,忽略,统计单位等权,16333962,697,1,0.0005714285653084517,0.017714286223053932,0.07742857187986374,0.1997142881155014,0.43714284896850586,0.8254285454750061,4.902857303619385,5748,0.9999976123367986,1,1,0,1.0,"[{""count"": 19463, ""value"": 0.017999999225139618}, {""count"": 19444, ""value"": 0.017142856493592262}, {""count"": 19389, ""value"": 0.018857141956686974}, {""count"": 19343, ""value"": 0.01914285682141781}, {""count"": 19318, ""value"": 0.017714286223053932}, {""count"": 19290, ""value"": 0.018571428954601288}, {""count"": 19251, ""value"": 0.01657142862677574}, {""count"": 19234, ""value"": 0.01600000075995922}, {""count"": 19216, ""value"": 0.018285714089870453}, {""count"": 19212, ""value"": 0.016857143491506577}]"
142,正常,有适用观测的帧等权,46999294,537,1,0.0002857142826542258,0.026571428403258324,0.10742857307195663,0.24314285814762115,0.4888571500778198,0.8259999752044678,4.923428535461426,5743,0.9999993829694548,1,1,0,1.0,"[{""count"": 33020, ""value"": 0.06314285844564438}, {""count"": 33012, ""value"": 0.05542857199907303}, {""count"": 33005, ""value"": 0.06771428883075714}, {""count"": 32994, ""value"": 0.06857142597436905}, {""count"": 32932, ""value"": 0.057999998331069946}, {""count"": 32906, ""value"": 0.07371428608894348}, {""count"": 32904, ""value"": 0.061714284121990204}, {""count"": 32879, ""value"": 0.07114285975694656}, {""count"": 32843, ""value"": 0.05485714226961136}, {""count"": 32839, ""value"": 0.06285714358091354}]"
142,正常,统计单位等权,46999294,537,1,0.0002857142826542258,0.03142857179045677,0.1168571412563324,0.24314285814762115,0.4554285705089569,0.7897142767906189,4.923428535461426,5743,0.9999993829694548,1,1,0,1.0,"[{""count"": 33020, ""value"": 0.06314285844564438}, {""count"": 33012, ""value"": 0.05542857199907303}, {""count"": 33005, ""value"": 0.06771428883075714}, {""count"": 32994, ""value"": 0.06857142597436905}, {""count"": 32932, ""value"": 0.057999998331069946}, {""count"": 32906, ""value"": 0.07371428608894348}, {""count"": 32904, ""value"": 0.061714284121990204}, {""count"": 32879, ""value"": 0.07114285975694656}, {""count"": 32843, ""value"": 0.05485714226961136}, {""count"": 32839, ""value"": 0.06285714358091354}]"
142,异常,有适用观测的帧等权,1737,160,1,0.0051428573206067085,0.022857142612338066,0.0820000022649765,0.20571428537368774,0.3628571331501007,0.5548571348190308,0.7637143135070801,1167,0.5647668393782384,1,1,0,1.0,"[{""count"": 6, ""value"": 0.24657142162322998}, {""count"": 6, ""value"": 0.2680000066757202}, {""count"": 6, ""value"": 0.27714285254478455}, {""count"": 6, ""value"": 0.3248571455478668}, {""count"": 5, ""value"": 0.12342856824398041}, {""count"": 5, ""value"": 0.32085713744163513}, {""count"": 5, ""value"": 0.3294285833835602}, {""count"": 4, ""value"": 0.06857142597436905}, {""count"": 4, ""value"": 0.07400000095367432}, {""count"": 4, ""value"": 0.19028571248054504}]"
142,异常,统计单位等权,1737,160,1,0.0051428573206067085,0.05371428653597832,0.1874285787343979,0.2977142930030823,0.408857136964798,0.593999981880188,0.7637143135070801,1167,0.5647668393782384,1,1,0,1.0,"[{""count"": 6, ""value"": 0.24657142162322998}, {""count"": 6, ""value"": 0.2680000066757202}, {""count"": 6, ""value"": 0.27714285254478455}, {""count"": 6, ""value"": 0.3248571455478668}, {""count"": 5, ""value"": 0.12342856824398041}, {""count"": 5, ""value"": 0.32085713744163513}, {""count"": 5, ""value"": 0.3294285833835602}, {""count"": 4, ""value"": 0.06857142597436905}, {""count"": 4, ""value"": 0.07400000095367432}, {""count"": 4, ""value"": 0.19028571248054504}]"
142,忽略,有适用观测的帧等权,14614993,537,1,0.0008571428479626775,0.014000000432133675,0.04828571528196335,0.12600000202655792,0.28200000524520874,0.6722857356071472,1.9839999675750732,5722,0.9999991105024819,5,1,0,1.0,"[{""count"": 18919, ""value"": 0.017142856493592262}, {""count"": 18877, ""value"": 0.017714286223053932}, {""count"": 18728, ""value"": 0.017428571358323097}, {""count"": 18684, ""value"": 0.016857143491506577}, {""count"": 18677, ""value"": 0.018857141956686974}, {""count"": 18644, ""value"": 0.01600000075995922}, {""count"": 18613, ""value"": 0.016285713762044907}, {""count"": 18587, ""value"": 0.018285714089870453}, {""count"": 18569, ""value"": 0.017999999225139618}, {""count"": 18563, ""value"": 0.01657142862677574}]"
142,忽略,统计单位等权,14614993,537,1,0.0008571428479626775,0.017142856493592262,0.07485714554786682,0.1971428543329239,0.4228571355342865,0.8028571605682373,1.9839999675750732,5722,0.9999991105024819,5,1,0,1.0,"[{""count"": 18919, ""value"": 0.017142856493592262}, {""count"": 18877, ""value"": 0.017714286223053932}, {""count"": 18728, ""value"": 0.017428571358323097}, {""count"": 18684, ""value"": 0.016857143491506577}, {""count"": 18677, ""value"": 0.018857141956686974}, {""count"": 18644, ""value"": 0.01600000075995922}, {""count"": 18613, ""value"": 0.016285713762044907}, {""count"": 18587, ""value"": 0.018285714089870453}, {""count"": 18569, ""value"": 0.017999999225139618}, {""count"": 18563, ""value"": 0.01657142862677574}]"
143,正常,有适用观测的帧等权,41260062,469,1,0.0002857142826542258,0.026000000536441803,0.11142857372760773,0.2314285784959793,0.4365714192390442,0.7825714349746704,4.973714351654053,5729,0.9999996606888278,1,1,0,1.0,"[{""count"": 34192, ""value"": 0.0051428573206067085}, {""count"": 34018, ""value"": 0.0057142856530845165}, {""count"": 33963, ""value"": 0.004857142921537161}, {""count"": 33794, ""value"": 0.005428571254014969}, {""count"": 33560, ""value"": 0.006000000052154064}, {""count"": 33535, ""value"": 0.004571428522467613}, {""count"": 33097, ""value"": 0.006285714451223612}, {""count"": 32940, ""value"": 0.004285714123398066}, {""count"": 32920, ""value"": 0.006571428384631872}, {""count"": 32299, ""value"": 0.00685714278370142}]"
143,正常,统计单位等权,41260062,469,1,0.0002857142826542258,0.027714285999536514,0.11400000005960464,0.2362857162952423,0.4408571422100067,0.7837142944335938,4.973714351654053,5729,0.9999996606888278,1,1,0,1.0,"[{""count"": 34192, ""value"": 0.0051428573206067085}, {""count"": 34018, ""value"": 0.0057142856530845165}, {""count"": 33963, ""value"": 0.004857142921537161}, {""count"": 33794, ""value"": 0.005428571254014969}, {""count"": 33560, ""value"": 0.006000000052154064}, {""count"": 33535, ""value"": 0.004571428522467613}, {""count"": 33097, ""value"": 0.006285714451223612}, {""count"": 32940, ""value"": 0.004285714123398066}, {""count"": 32920, ""value"": 0.006571428384631872}, {""count"": 32299, ""value"": 0.00685714278370142}]"
143,异常,有适用观测的帧等权,3256,174,1,0.0051428573206067085,0.017142856493592262,0.04600000008940697,0.10742857307195663,0.23571428656578064,0.4699999988079071,1.0282857418060303,1466,0.8037469287469288,1,1,0,1.0,"[{""count"": 11, ""value"": 0.11114285886287689}, {""count"": 10, ""value"": 0.08628571778535843}, {""count"": 10, ""value"": 0.10771428793668747}, {""count"": 10, ""value"": 0.13542857766151428}, {""count"": 9, ""value"": 0.09000000357627869}, {""count"": 9, ""value"": 0.09571428596973419}, {""count"": 9, ""value"": 0.09799999743700027}, {""count"": 9, ""value"": 0.10428571701049805}, {""count"": 8, ""value"": 0.08799999952316284}, {""count"": 8, ""value"": 0.09114285558462143}]"
143,异常,统计单位等权,3256,174,1,0.0051428573206067085,0.04771428555250168,0.10571428388357162,0.17342856526374817,0.30399999022483826,0.522857129573822,1.0282857418060303,1466,0.8037469287469288,1,1,0,1.0,"[{""count"": 11, ""value"": 0.11114285886287689}, {""count"": 10, ""value"": 0.08628571778535843}, {""count"": 10, ""value"": 0.10771428793668747}, {""count"": 10, ""value"": 0.13542857766151428}, {""count"": 9, ""value"": 0.09000000357627869}, {""count"": 9, ""value"": 0.09571428596973419}, {""count"": 9, ""value"": 0.09799999743700027}, {""count"": 9, ""value"": 0.10428571701049805}, {""count"": 8, ""value"": 0.08799999952316284}, {""count"": 8, ""value"": 0.09114285558462143}]"
143,忽略,有适用观测的帧等权,12498597,469,1,0.0008571428479626775,0.018857141956686974,0.07742857187986374,0.18028570711612701,0.3677142858505249,0.7382857203483582,3.6708571910858154,5707,0.9999944793803657,2,1,0,1.0,"[{""count"": 14365, ""value"": 0.017999999225139618}, {""count"": 14236, ""value"": 0.017428571358323097}, {""count"": 14215, ""value"": 0.017714286223053932}, {""count"": 14204, ""value"": 0.018285714089870453}, {""count"": 14164, ""value"": 0.01914285682141781}, {""count"": 14149, ""value"": 0.016857143491506577}, {""count"": 14117, ""value"": 0.018857141956686974}, {""count"": 14054, ""value"": 0.01657142862677574}, {""count"": 14005, ""value"": 0.018571428954601288}, {""count"": 14000, ""value"": 0.020285714417696}]"
143,忽略,统计单位等权,12498597,469,1,0.0008571428479626775,0.020285714417696,0.07999999821186066,0.17914286255836487,0.36314284801483154,0.7282857298851013,3.6708571910858154,5707,0.9999944793803657,2,1,0,1.0,"[{""count"": 14365, ""value"": 0.017999999225139618}, {""count"": 14236, ""value"": 0.017428571358323097}, {""count"": 14215, ""value"": 0.017714286223053932}, {""count"": 14204, ""value"": 0.018285714089870453}, {""count"": 14164, ""value"": 0.01914285682141781}, {""count"": 14149, ""value"": 0.016857143491506577}, {""count"": 14117, ""value"": 0.018857141956686974}, {""count"": 14054, ""value"": 0.01657142862677574}, {""count"": 14005, ""value"": 0.018571428954601288}, {""count"": 14000, ""value"": 0.020285714417696}]"
144,正常,有适用观测的帧等权,28597392,323,1,0.0005714285653084517,0.0231428574770689,0.10657142847776413,0.21657143533229828,0.41285714507102966,0.7599999904632568,8.640000343322754,5712,0.9999982166205925,1,1,0,1.0,"[{""count"": 20683, ""value"": 0.10371428728103638}, {""count"": 20605, ""value"": 0.11257142573595047}, {""count"": 20545, ""value"": 0.10914285480976105}, {""count"": 20539, ""value"": 0.10485713928937912}, {""count"": 20538, ""value"": 0.11457142978906631}, {""count"": 20536, ""value"": 0.11085714399814606}, {""count"": 20502, ""value"": 0.10971428453922272}, {""count"": 20496, ""value"": 0.11942857503890991}, {""count"": 20484, ""value"": 0.10257142782211304}, {""count"": 20481, ""value"": 0.11542857438325882}]"
144,正常,统计单位等权,28597392,323,1,0.0005714285653084517,0.02914285659790039,0.11885714530944824,0.23657143115997314,0.43628570437431335,0.7731428742408752,8.640000343322754,5712,0.9999982166205925,1,1,0,1.0,"[{""count"": 20683, ""value"": 0.10371428728103638}, {""count"": 20605, ""value"": 0.11257142573595047}, {""count"": 20545, ""value"": 0.10914285480976105}, {""count"": 20539, ""value"": 0.10485713928937912}, {""count"": 20538, ""value"": 0.11457142978906631}, {""count"": 20536, ""value"": 0.11085714399814606}, {""count"": 20502, ""value"": 0.10971428453922272}, {""count"": 20496, ""value"": 0.11942857503890991}, {""count"": 20484, ""value"": 0.10257142782211304}, {""count"": 20481, ""value"": 0.11542857438325882}]"
144,异常,有适用观测的帧等权,4662,156,1,0.008571428246796131,0.025428570806980133,0.06485714018344879,0.1899999976158142,0.4422857165336609,0.8057143092155457,1.0908571481704712,2314,0.7745602745602745,1,1,0,1.0,"[{""count"": 10, ""value"": 0.1428571492433548}, {""count"": 9, ""value"": 0.35114285349845886}, {""count"": 8, ""value"": 0.4934285581111908}, {""count"": 8, ""value"": 0.6622856855392456}, {""count"": 7, ""value"": 0.09228571504354477}, {""count"": 7, ""value"": 0.10342857241630554}, {""count"": 7, ""value"": 0.3382857143878937}, {""count"": 7, ""value"": 0.3482857048511505}, {""count"": 7, ""value"": 0.3594285845756531}, {""count"": 7, ""value"": 0.4320000112056732}]"
144,异常,统计单位等权,4662,156,1,0.008571428246796131,0.08799999952316284,0.24085713922977448,0.43514284491539,0.6094285845756531,0.8588571548461914,1.0908571481704712,2314,0.7745602745602745,1,1,0,1.0,"[{""count"": 10, ""value"": 0.1428571492433548}, {""count"": 9, ""value"": 0.35114285349845886}, {""count"": 8, ""value"": 0.4934285581111908}, {""count"": 8, ""value"": 0.6622856855392456}, {""count"": 7, ""value"": 0.09228571504354477}, {""count"": 7, ""value"": 0.10342857241630554}, {""count"": 7, ""value"": 0.3382857143878937}, {""count"": 7, ""value"": 0.3482857048511505}, {""count"": 7, ""value"": 0.3594285845756531}, {""count"": 7, ""value"": 0.4320000112056732}]"
144,忽略,有适用观测的帧等权,7673177,323,1,0.0008571428479626775,0.012857142835855484,0.04857143014669418,0.12057142704725266,0.2725714147090912,0.7360000014305115,1.6351428031921387,5699,0.9999897043949332,28,1,0,1.0,"[{""count"": 8909, ""value"": 0.006000000052154064}, {""count"": 8832, ""value"": 0.0051428573206067085}, {""count"": 8830, ""value"": 0.005428571254014969}, {""count"": 8709, ""value"": 0.0057142856530845165}, {""count"": 8633, ""value"": 0.004857142921537161}, {""count"": 8560, ""value"": 0.004571428522467613}, {""count"": 8556, ""value"": 0.006285714451223612}, {""count"": 8464, ""value"": 0.00685714278370142}, {""count"": 8430, ""value"": 0.016285713762044907}, {""count"": 8421, ""value"": 0.016857143491506577}]"
144,忽略,统计单位等权,7673177,323,1,0.0008571428479626775,0.016285713762044907,0.07914285361766815,0.1908571422100067,0.44371429085731506,0.8742856979370117,1.6351428031921387,5699,0.9999897043949332,28,1,0,1.0,"[{""count"": 8909, ""value"": 0.006000000052154064}, {""count"": 8832, ""value"": 0.0051428573206067085}, {""count"": 8830, ""value"": 0.005428571254014969}, {""count"": 8709, ""value"": 0.0057142856530845165}, {""count"": 8633, ""value"": 0.004857142921537161}, {""count"": 8560, ""value"": 0.004571428522467613}, {""count"": 8556, ""value"": 0.006285714451223612}, {""count"": 8464, ""value"": 0.00685714278370142}, {""count"": 8430, ""value"": 0.016285713762044907}, {""count"": 8421, ""value"": 0.016857143491506577}]"
145,正常,有适用观测的帧等权,32543242,337,1,0.0002857142826542258,0.025428570806980133,0.11714285612106323,0.23657143115997314,0.4408571422100067,0.7922857403755188,7.3577141761779785,5722,0.9999991088779662,1,1,0,1.0,"[{""count"": 25691, ""value"": 0.005428571254014969}, {""count"": 25616, ""value"": 0.0051428573206067085}, {""count"": 25606, ""value"": 0.004857142921537161}, {""count"": 25546, ""value"": 0.006000000052154064}, {""count"": 25417, ""value"": 0.0057142856530845165}, {""count"": 25346, ""value"": 0.006571428384631872}, {""count"": 25254, ""value"": 0.006285714451223612}, {""count"": 24870, ""value"": 0.004571428522467613}, {""count"": 24527, ""value"": 0.00685714278370142}, {""count"": 24408, ""value"": 0.004285714123398066}]"
145,正常,统计单位等权,32543242,337,1,0.0002857142826542258,0.02742857113480568,0.11914286017417908,0.23914285004138947,0.44285714626312256,0.7879999876022339,7.3577141761779785,5722,0.9999991088779662,1,1,0,1.0,"[{""count"": 25691, ""value"": 0.005428571254014969}, {""count"": 25616, ""value"": 0.0051428573206067085}, {""count"": 25606, ""value"": 0.004857142921537161}, {""count"": 25546, ""value"": 0.006000000052154064}, {""count"": 25417, ""value"": 0.0057142856530845165}, {""count"": 25346, ""value"": 0.006571428384631872}, {""count"": 25254, ""value"": 0.006285714451223612}, {""count"": 24870, ""value"": 0.004571428522467613}, {""count"": 24527, ""value"": 0.00685714278370142}, {""count"": 24408, ""value"": 0.004285714123398066}]"
145,异常,有适用观测的帧等权,3817,153,1,0.011142857372760773,0.019428571686148643,0.057999998331069946,0.1388571411371231,0.2931428551673889,0.5720000267028809,0.9848571419715881,1766,0.8011527377521613,1,1,0,1.0,"[{""count"": 8, ""value"": 0.11628571152687073}, {""count"": 8, ""value"": 0.1517142802476883}, {""count"": 8, ""value"": 0.17399999499320984}, {""count"": 8, ""value"": 0.20828571915626526}, {""count"": 8, ""value"": 0.2582857012748718}, {""count"": 7, ""value"": 0.0771428570151329}, {""count"": 7, ""value"": 0.08657142519950867}, {""count"": 7, ""value"": 0.09200000017881393}, {""count"": 7, ""value"": 0.11314285546541214}, {""count"": 7, ""value"": 0.11885714530944824}]"
145,异常,统计单位等权,3817,153,1,0.011142857372760773,0.06428571790456772,0.13942857086658478,0.23828572034835815,0.38028571009635925,0.6394285559654236,0.9848571419715881,1766,0.8011527377521613,1,1,0,1.0,"[{""count"": 8, ""value"": 0.11628571152687073}, {""count"": 8, ""value"": 0.1517142802476883}, {""count"": 8, ""value"": 0.17399999499320984}, {""count"": 8, ""value"": 0.20828571915626526}, {""count"": 8, ""value"": 0.2582857012748718}, {""count"": 7, ""value"": 0.0771428570151329}, {""count"": 7, ""value"": 0.08657142519950867}, {""count"": 7, ""value"": 0.09200000017881393}, {""count"": 7, ""value"": 0.11314285546541214}, {""count"": 7, ""value"": 0.11885714530944824}]"
145,忽略,有适用观测的帧等权,5559042,337,1,0.0011428571306169033,0.01371428556740284,0.04714285582304001,0.12314286082983017,0.272857129573822,0.6868571639060974,1.6377142667770386,5680,0.9999785934339046,7,1,0,1.0,"[{""count"": 8825, ""value"": 0.017142856493592262}, {""count"": 8719, ""value"": 0.017999999225139618}, {""count"": 8691, ""value"": 0.01657142862677574}, {""count"": 8644, ""value"": 0.017714286223053932}, {""count"": 8615, ""value"": 0.017428571358323097}, {""count"": 8574, ""value"": 0.018857141956686974}, {""count"": 8566, ""value"": 0.018571428954601288}, {""count"": 8547, ""value"": 0.016857143491506577}, {""count"": 8522, ""value"": 0.01600000075995922}, {""count"": 8519, ""value"": 0.016285713762044907}]"
145,忽略,统计单位等权,5559042,337,1,0.0011428571306169033,0.016285713762044907,0.0657142847776413,0.1591428518295288,0.35742858052253723,0.8174285888671875,1.6377142667770386,5680,0.9999785934339046,7,1,0,1.0,"[{""count"": 8825, ""value"": 0.017142856493592262}, {""count"": 8719, ""value"": 0.017999999225139618}, {""count"": 8691, ""value"": 0.01657142862677574}, {""count"": 8644, ""value"": 0.017714286223053932}, {""count"": 8615, ""value"": 0.017428571358323097}, {""count"": 8574, ""value"": 0.018857141956686974}, {""count"": 8566, ""value"": 0.018571428954601288}, {""count"": 8547, ""value"": 0.016857143491506577}, {""count"": 8522, ""value"": 0.01600000075995922}, {""count"": 8519, ""value"": 0.016285713762044907}]"
146,正常,有适用观测的帧等权,26688889,374,1,0.0005714285653084517,0.017142856493592262,0.08228571712970734,0.1842857152223587,0.3734285831451416,0.74314284324646,6.333428382873535,5705,0.9999988009991724,5,1,0,1.0,"[{""count"": 22156, ""value"": 0.0051428573206067085}, {""count"": 22065, ""value"": 0.006000000052154064}, {""count"": 22035, ""value"": 0.006285714451223612}, {""count"": 22006, ""value"": 0.0057142856530845165}, {""count"": 21921, ""value"": 0.005428571254014969}, {""count"": 21890, ""value"": 0.004857142921537161}, {""count"": 21705, ""value"": 0.006571428384631872}, {""count"": 21464, ""value"": 0.004571428522467613}, {""count"": 21327, ""value"": 0.00685714278370142}, {""count"": 21030, ""value"": 0.0071428571827709675}]"
146,正常,统计单位等权,26688889,374,1,0.0005714285653084517,0.025714285671710968,0.1177142858505249,0.2402857095003128,0.4422857165336609,0.7857142686843872,6.333428382873535,5705,0.9999988009991724,5,1,0,1.0,"[{""count"": 22156, ""value"": 0.0051428573206067085}, {""count"": 22065, ""value"": 0.006000000052154064}, {""count"": 22035, ""value"": 0.006285714451223612}, {""count"": 22006, ""value"": 0.0057142856530845165}, {""count"": 21921, ""value"": 0.005428571254014969}, {""count"": 21890, ""value"": 0.004857142921537161}, {""count"": 21705, ""value"": 0.006571428384631872}, {""count"": 21464, ""value"": 0.004571428522467613}, {""count"": 21327, ""value"": 0.00685714278370142}, {""count"": 21030, ""value"": 0.0071428571827709675}]"
146,异常,有适用观测的帧等权,1571,112,1,0.01342857163399458,0.019999999552965164,0.03971428424119949,0.09914285689592361,0.21628572046756744,0.43514284491539,0.9034285545349121,1001,0.6078930617441121,1,1,0,1.0,"[{""count"": 7, ""value"": 0.20714285969734192}, {""count"": 6, ""value"": 0.11257142573595047}, {""count"": 6, ""value"": 0.13457143306732178}, {""count"": 5, ""value"": 0.09914285689592361}, {""count"": 5, ""value"": 0.11800000071525574}, {""count"": 5, ""value"": 0.12771429121494293}, {""count"": 5, ""value"": 0.13028571009635925}, {""count"": 5, ""value"": 0.1371428519487381}, {""count"": 5, ""value"": 0.14257143437862396}, {""count"": 5, ""value"": 0.1525714248418808}]"
146,异常,统计单位等权,1571,112,1,0.01342857163399458,0.04657142981886864,0.11428571492433548,0.1817142814397812,0.2997142970561981,0.5005714297294617,0.9034285545349121,1001,0.6078930617441121,1,1,0,1.0,"[{""count"": 7, ""value"": 0.20714285969734192}, {""count"": 6, ""value"": 0.11257142573595047}, {""count"": 6, ""value"": 0.13457143306732178}, {""count"": 5, ""value"": 0.09914285689592361}, {""count"": 5, ""value"": 0.11800000071525574}, {""count"": 5, ""value"": 0.12771429121494293}, {""count"": 5, ""value"": 0.13028571009635925}, {""count"": 5, ""value"": 0.1371428519487381}, {""count"": 5, ""value"": 0.14257143437862396}, {""count"": 5, ""value"": 0.1525714248418808}]"
146,忽略,有适用观测的帧等权,14827350,374,1,0.0005714285653084517,0.01600000075995922,0.06800000369548798,0.16542857885360718,0.35771429538726807,0.7508571147918701,4.854856967926025,5727,0.9999994604565212,1,1,0,1.0,"[{""count"": 13340, ""value"": 0.016285713762044907}, {""count"": 13258, ""value"": 0.01657142862677574}, {""count"": 13197, ""value"": 0.01600000075995922}, {""count"": 13155, ""value"": 0.016857143491506577}, {""count"": 13113, ""value"": 0.015428571030497551}, {""count"": 13107, ""value"": 0.017142856493592262}, {""count"": 13102, ""value"": 0.017714286223053932}, {""count"": 13088, ""value"": 0.015714285895228386}, {""count"": 13085, ""value"": 0.017428571358323097}, {""count"": 13084, ""value"": 0.014571428298950195}]"
146,忽略,统计单位等权,14827350,374,1,0.0005714285653084517,0.020571429282426834,0.10428571701049805,0.2394285649061203,0.45399999618530273,0.8294285535812378,4.854856967926025,5727,0.9999994604565212,1,1,0,1.0,"[{""count"": 13340, ""value"": 0.016285713762044907}, {""count"": 13258, ""value"": 0.01657142862677574}, {""count"": 13197, ""value"": 0.01600000075995922}, {""count"": 13155, ""value"": 0.016857143491506577}, {""count"": 13113, ""value"": 0.015428571030497551}, {""count"": 13107, ""value"": 0.017142856493592262}, {""count"": 13102, ""value"": 0.017714286223053932}, {""count"": 13088, ""value"": 0.015714285895228386}, {""count"": 13085, ""value"": 0.017428571358323097}, {""count"": 13084, ""value"": 0.014571428298950195}]"
147,正常,有适用观测的帧等权,36411044,401,1,0.0005714285653084517,0.029428571462631226,0.11342857033014297,0.23685714602470398,0.4454285800457001,0.7988571524620056,4.225714206695557,5711,0.9999996978938588,2,1,0,1.0,"[{""count"": 25082, ""value"": 0.11314285546541214}, {""count"": 25034, ""value"": 0.1014285683631897}, {""count"": 25011, ""value"": 0.10342857241630554}, {""count"": 24968, ""value"": 0.10771428793668747}, {""count"": 24966, ""value"": 0.09799999743700027}, {""count"": 24953, ""value"": 0.10199999809265137}, {""count"": 24953, ""value"": 0.10400000214576721}, {""count"": 24904, ""value"": 0.10085714608430862}, {""count"": 24894, ""value"": 0.10599999874830246}, {""count"": 24883, ""value"": 0.10057143121957779}]"
147,正常,统计单位等权,36411044,401,1,0.0005714285653084517,0.034285712987184525,0.12428571283817291,0.25371429324150085,0.4620000123977661,0.8062857389450073,4.225714206695557,5711,0.9999996978938588,2,1,0,1.0,"[{""count"": 25082, ""value"": 0.11314285546541214}, {""count"": 25034, ""value"": 0.1014285683631897}, {""count"": 25011, ""value"": 0.10342857241630554}, {""count"": 24968, ""value"": 0.10771428793668747}, {""count"": 24966, ""value"": 0.09799999743700027}, {""count"": 24953, ""value"": 0.10199999809265137}, {""count"": 24953, ""value"": 0.10400000214576721}, {""count"": 24904, ""value"": 0.10085714608430862}, {""count"": 24894, ""value"": 0.10599999874830246}, {""count"": 24883, ""value"": 0.10057143121957779}]"
147,异常,有适用观测的帧等权,3034,204,1,0.0020000000949949026,0.017714286223053932,0.043714284896850586,0.11657142639160156,0.24057142436504364,0.4911428689956665,1.1091428995132446,1568,0.7557679630850362,1,1,0,1.0,"[{""count"": 8, ""value"": 0.0037142857909202576}, {""count"": 7, ""value"": 0.01657142862677574}, {""count"": 7, ""value"": 0.049714285880327225}, {""count"": 7, ""value"": 0.054571427404880524}, {""count"": 7, ""value"": 0.16514286398887634}, {""count"": 7, ""value"": 0.21199999749660492}, {""count"": 6, ""value"": 0.0025714286603033543}, {""count"": 6, ""value"": 0.0028571428265422583}, {""count"": 6, ""value"": 0.00342857139185071}, {""count"": 6, ""value"": 0.0057142856530845165}]"
147,异常,统计单位等权,3034,204,1,0.0020000000949949026,0.018857141956686974,0.1022857129573822,0.20228570699691772,0.33571428060531616,0.6014285683631897,1.1091428995132446,1568,0.7557679630850362,1,1,0,1.0,"[{""count"": 8, ""value"": 0.0037142857909202576}, {""count"": 7, ""value"": 0.01657142862677574}, {""count"": 7, ""value"": 0.049714285880327225}, {""count"": 7, ""value"": 0.054571427404880524}, {""count"": 7, ""value"": 0.16514286398887634}, {""count"": 7, ""value"": 0.21199999749660492}, {""count"": 6, ""value"": 0.0025714286603033543}, {""count"": 6, ""value"": 0.0028571428265422583}, {""count"": 6, ""value"": 0.00342857139185071}, {""count"": 6, ""value"": 0.0057142856530845165}]"
147,忽略,有适用观测的帧等权,9565753,401,1,0.0008571428479626775,0.015428571030497551,0.05428571254014969,0.14028571546077728,0.30799999833106995,0.7188571691513062,1.6368571519851685,5687,0.9999923686091414,6,1,0,1.0,"[{""count"": 11482, ""value"": 0.017999999225139618}, {""count"": 11433, ""value"": 0.017714286223053932}, {""count"": 11365, ""value"": 0.01914285682141781}, {""count"": 11362, ""value"": 0.017142856493592262}, {""count"": 11269, ""value"": 0.018285714089870453}, {""count"": 11257, ""value"": 0.017428571358323097}, {""count"": 11253, ""value"": 0.016857143491506577}, {""count"": 11251, ""value"": 0.018571428954601288}, {""count"": 11160, ""value"": 0.019999999552965164}, {""count"": 11152, ""value"": 0.01657142862677574}]"
147,忽略,统计单位等权,9565753,401,1,0.0008571428479626775,0.019428571686148643,0.0771428570151329,0.19142857193946838,0.4214285612106323,0.836571455001831,1.6368571519851685,5687,0.9999923686091414,6,1,0,1.0,"[{""count"": 11482, ""value"": 0.017999999225139618}, {""count"": 11433, ""value"": 0.017714286223053932}, {""count"": 11365, ""value"": 0.01914285682141781}, {""count"": 11362, ""value"": 0.017142856493592262}, {""count"": 11269, ""value"": 0.018285714089870453}, {""count"": 11257, ""value"": 0.017428571358323097}, {""count"": 11253, ""value"": 0.016857143491506577}, {""count"": 11251, ""value"": 0.018571428954601288}, {""count"": 11160, ""value"": 0.019999999552965164}, {""count"": 11152, ""value"": 0.01657142862677574}]"
148,正常,有适用观测的帧等权,40665765,602,1,0.0005714285653084517,0.010857142508029938,0.03200000151991844,0.1322857141494751,0.34228572249412537,0.7200000286102295,5.089714050292969,5726,0.99999970491149,6,1,0,1.0,"[{""count"": 26922, ""value"": 0.10342857241630554}, {""count"": 26794, ""value"": 0.10457143187522888}, {""count"": 26729, ""value"": 0.11314285546541214}, {""count"": 26728, ""value"": 0.0917142853140831}, {""count"": 26707, ""value"": 0.10999999940395355}, {""count"": 26694, ""value"": 0.11028571426868439}, {""count"": 26681, ""value"": 0.11342857033014297}, {""count"": 26673, ""value"": 0.11457142978906631}, {""count"": 26647, ""value"": 0.10428571701049805}, {""count"": 26643, ""value"": 0.10657142847776413}]"
148,正常,统计单位等权,40665765,602,1,0.0005714285653084517,0.03171428665518761,0.12342856824398041,0.25514286756515503,0.45399999618530273,0.7877143025398254,5.089714050292969,5726,0.99999970491149,6,1,0,1.0,"[{""count"": 26922, ""value"": 0.10342857241630554}, {""count"": 26794, ""value"": 0.10457143187522888}, {""count"": 26729, ""value"": 0.11314285546541214}, {""count"": 26728, ""value"": 0.0917142853140831}, {""count"": 26707, ""value"": 0.10999999940395355}, {""count"": 26694, ""value"": 0.11028571426868439}, {""count"": 26681, ""value"": 0.11342857033014297}, {""count"": 26673, ""value"": 0.11457142978906631}, {""count"": 26647, ""value"": 0.10428571701049805}, {""count"": 26643, ""value"": 0.10657142847776413}]"
148,异常,有适用观测的帧等权,3318,234,1,0.0022857142612338066,0.015714285895228386,0.035999998450279236,0.10285714268684387,0.22857142984867096,0.4471428692340851,1.1331428289413452,1537,0.8047016274864376,4,1,0,1.0,"[{""count"": 17, ""value"": 0.006285714451223612}, {""count"": 12, ""value"": 0.19457143545150757}, {""count"": 11, ""value"": 0.0051428573206067085}, {""count"": 9, ""value"": 0.008571428246796131}, {""count"": 9, ""value"": 0.009999999776482582}, {""count"": 9, ""value"": 0.017142856493592262}, {""count"": 9, ""value"": 0.23228570818901062}, {""count"": 8, ""value"": 0.003142857225611806}, {""count"": 8, ""value"": 0.006000000052154064}, {""count"": 8, ""value"": 0.00685714278370142}]"
148,异常,统计单位等权,3318,234,1,0.0022857142612338066,0.010285714641213417,0.09514285624027252,0.19514285027980804,0.31685712933540344,0.519428551197052,1.1331428289413452,1537,0.8047016274864376,4,1,0,1.0,"[{""count"": 17, ""value"": 0.006285714451223612}, {""count"": 12, ""value"": 0.19457143545150757}, {""count"": 11, ""value"": 0.0051428573206067085}, {""count"": 9, ""value"": 0.008571428246796131}, {""count"": 9, ""value"": 0.009999999776482582}, {""count"": 9, ""value"": 0.017142856493592262}, {""count"": 9, ""value"": 0.23228570818901062}, {""count"": 8, ""value"": 0.003142857225611806}, {""count"": 8, ""value"": 0.006000000052154064}, {""count"": 8, ""value"": 0.00685714278370142}]"
148,忽略,有适用观测的帧等权,29702655,602,1,0.0005714285653084517,0.015428571030497551,0.05657142773270607,0.13771428167819977,0.2874285578727722,0.6282857060432434,2.0971429347991943,5737,0.9999995959957115,6,1,0,1.0,"[{""count"": 34110, ""value"": 0.04342857003211975}, {""count"": 34082, ""value"": 0.04457142949104309}, {""count"": 34051, ""value"": 0.04228571429848671}, {""count"": 34047, ""value"": 0.04028571397066116}, {""count"": 34035, ""value"": 0.042571429163217545}, {""count"": 34030, ""value"": 0.043142858892679214}, {""count"": 34026, ""value"": 0.04285714402794838}, {""count"": 34023, ""value"": 0.03885714337229729}, {""count"": 34008, ""value"": 0.03914285823702812}, {""count"": 33998, ""value"": 0.04657142981886864}]"
148,忽略,统计单位等权,29702655,602,1,0.0005714285653084517,0.02085714228451252,0.07400000095367432,0.16028571128845215,0.31485715508461,0.6411428451538086,2.0971429347991943,5737,0.9999995959957115,6,1,0,1.0,"[{""count"": 34110, ""value"": 0.04342857003211975}, {""count"": 34082, ""value"": 0.04457142949104309}, {""count"": 34051, ""value"": 0.04228571429848671}, {""count"": 34047, ""value"": 0.04028571397066116}, {""count"": 34035, ""value"": 0.042571429163217545}, {""count"": 34030, ""value"": 0.043142858892679214}, {""count"": 34026, ""value"": 0.04285714402794838}, {""count"": 34023, ""value"": 0.03885714337229729}, {""count"": 34008, ""value"": 0.03914285823702812}, {""count"": 33998, ""value"": 0.04657142981886864}]"
149,正常,有适用观测的帧等权,34744486,378,1,0.0005714285653084517,0.029999999329447746,0.11171428859233856,0.2305714339017868,0.4337143003940582,0.7742857336997986,4.710856914520264,5717,0.9999997409660917,8,1,0,1.0,"[{""count"": 24106, ""value"": 0.1062857136130333}, {""count"": 24008, ""value"": 0.09771428257226944}, {""count"": 23976, ""value"": 0.09685714542865753}, {""count"": 23959, ""value"": 0.10942856967449188}, {""count"": 23956, ""value"": 0.10114285349845886}, {""count"": 23947, ""value"": 0.10285714268684387}, {""count"": 23940, ""value"": 0.09228571504354477}, {""count"": 23938, ""value"": 0.09542857110500336}, {""count"": 23917, ""value"": 0.09857142716646194}, {""count"": 23909, ""value"": 0.10457143187522888}]"
149,正常,统计单位等权,34744486,378,1,0.0005714285653084517,0.03457142785191536,0.1225714311003685,0.25,0.45314285159111023,0.7822856903076172,4.710856914520264,5717,0.9999997409660917,8,1,0,1.0,"[{""count"": 24106, ""value"": 0.1062857136130333}, {""count"": 24008, ""value"": 0.09771428257226944}, {""count"": 23976, ""value"": 0.09685714542865753}, {""count"": 23959, ""value"": 0.10942856967449188}, {""count"": 23956, ""value"": 0.10114285349845886}, {""count"": 23947, ""value"": 0.10285714268684387}, {""count"": 23940, ""value"": 0.09228571504354477}, {""count"": 23938, ""value"": 0.09542857110500336}, {""count"": 23917, ""value"": 0.09857142716646194}, {""count"": 23909, ""value"": 0.10457143187522888}]"
149,异常,有适用观测的帧等权,3023,208,1,0.009428570978343487,0.022285714745521545,0.07000000029802322,0.16428571939468384,0.3077142834663391,0.5577142834663391,1.0131428241729736,1651,0.7257691035395303,1,1,0,1.0,"[{""count"": 7, ""value"": 0.09885714203119278}, {""count"": 7, ""value"": 0.1340000033378601}, {""count"": 7, ""value"": 0.20999999344348907}, {""count"": 6, ""value"": 0.18542857468128204}, {""count"": 6, ""value"": 0.22028571367263794}, {""count"": 6, ""value"": 0.26600000262260437}, {""count"": 6, ""value"": 0.26828572154045105}, {""count"": 6, ""value"": 0.2782857120037079}, {""count"": 6, ""value"": 0.29114285111427307}, {""count"": 6, ""value"": 0.29428571462631226}]"
149,异常,统计单位等权,3023,208,1,0.009428570978343487,0.07514286041259766,0.18657143414020538,0.2985714375972748,0.43314287066459656,0.6642857193946838,1.0131428241729736,1651,0.7257691035395303,1,1,0,1.0,"[{""count"": 7, ""value"": 0.09885714203119278}, {""count"": 7, ""value"": 0.1340000033378601}, {""count"": 7, ""value"": 0.20999999344348907}, {""count"": 6, ""value"": 0.18542857468128204}, {""count"": 6, ""value"": 0.22028571367263794}, {""count"": 6, ""value"": 0.26600000262260437}, {""count"": 6, ""value"": 0.26828572154045105}, {""count"": 6, ""value"": 0.2782857120037079}, {""count"": 6, ""value"": 0.29114285111427307}, {""count"": 6, ""value"": 0.29428571462631226}]"
149,忽略,有适用观测的帧等权,9422360,378,1,0.0011428571306169033,0.01514285709708929,0.049714285880327225,0.12314286082983017,0.26914286613464355,0.6448571681976318,5.6177144050598145,5699,0.9999888562950259,5,1,0,1.0,"[{""count"": 11293, ""value"": 0.017428571358323097}, {""count"": 11288, ""value"": 0.018571428954601288}, {""count"": 11267, ""value"": 0.017999999225139618}, {""count"": 11243, ""value"": 0.019428571686148643}, {""count"": 11236, ""value"": 0.016285713762044907}, {""count"": 11233, ""value"": 0.01914285682141781}, {""count"": 11210, ""value"": 0.01600000075995922}, {""count"": 11199, ""value"": 0.018857141956686974}, {""count"": 11181, ""value"": 0.017142856493592262}, {""count"": 11140, ""value"": 0.01657142862677574}]"
149,忽略,统计单位等权,9422360,378,1,0.0011428571306169033,0.01971428655087948,0.07257142663002014,0.162285715341568,0.3248571455478668,0.6697142720222473,5.6177144050598145,5699,0.9999888562950259,5,1,0,1.0,"[{""count"": 11293, ""value"": 0.017428571358323097}, {""count"": 11288, ""value"": 0.018571428954601288}, {""count"": 11267, ""value"": 0.017999999225139618}, {""count"": 11243, ""value"": 0.019428571686148643}, {""count"": 11236, ""value"": 0.016285713762044907}, {""count"": 11233, ""value"": 0.01914285682141781}, {""count"": 11210, ""value"": 0.01600000075995922}, {""count"": 11199, ""value"": 0.018857141956686974}, {""count"": 11181, ""value"": 0.017142856493592262}, {""count"": 11140, ""value"": 0.01657142862677574}]"
150,正常,有适用观测的帧等权,42036938,505,1,0.0005714285653084517,0.018571428954601288,0.07828571647405624,0.19285714626312256,0.3937142789363861,0.7408571243286133,5.033143043518066,5735,0.999999595593761,5,1,0,1.0,"[{""count"": 29149, ""value"": 0.10028571635484695}, {""count"": 29079, ""value"": 0.09771428257226944}, {""count"": 29054, ""value"": 0.09600000083446503}, {""count"": 29041, ""value"": 0.08714285492897034}, {""count"": 29003, ""value"": 0.09857142716646194}, {""count"": 28996, ""value"": 0.10314285755157471}, {""count"": 28985, ""value"": 0.09114285558462143}, {""count"": 28982, ""value"": 0.09371428936719894}, {""count"": 28943, ""value"": 0.09914285689592361}, {""count"": 28940, ""value"": 0.0974285677075386}]"
150,正常,统计单位等权,42036938,505,1,0.0005714285653084517,0.03257142752408981,0.11914286017417908,0.24314285814762115,0.4422857165336609,0.7697142958641052,5.033143043518066,5735,0.999999595593761,5,1,0,1.0,"[{""count"": 29149, ""value"": 0.10028571635484695}, {""count"": 29079, ""value"": 0.09771428257226944}, {""count"": 29054, ""value"": 0.09600000083446503}, {""count"": 29041, ""value"": 0.08714285492897034}, {""count"": 29003, ""value"": 0.09857142716646194}, {""count"": 28996, ""value"": 0.10314285755157471}, {""count"": 28985, ""value"": 0.09114285558462143}, {""count"": 28982, ""value"": 0.09371428936719894}, {""count"": 28943, ""value"": 0.09914285689592361}, {""count"": 28940, ""value"": 0.0974285677075386}]"
150,异常,有适用观测的帧等权,5598,267,1,0.003142857225611806,0.017999999225139618,0.04457142949104309,0.09057142585515976,0.18314285576343536,0.41257143020629883,0.8111428618431091,1829,0.9072883172561629,1,1,0,1.0,"[{""count"": 12, ""value"": 0.12228571623563766}, {""count"": 12, ""value"": 0.2014285773038864}, {""count"": 11, ""value"": 0.05771428719162941}, {""count"": 11, ""value"": 0.11657142639160156}, {""count"": 11, ""value"": 0.15228570997714996}, {""count"": 11, ""value"": 0.15485714375972748}, {""count"": 10, ""value"": 0.035428572446107864}, {""count"": 10, ""value"": 0.09114285558462143}, {""count"": 10, ""value"": 0.11542857438325882}, {""count"": 10, ""value"": 0.11628571152687073}]"
150,异常,统计单位等权,5598,267,1,0.003142857225611806,0.03942857310175896,0.11828571557998657,0.1940000057220459,0.32085713744163513,0.5125714540481567,0.8111428618431091,1829,0.9072883172561629,1,1,0,1.0,"[{""count"": 12, ""value"": 0.12228571623563766}, {""count"": 12, ""value"": 0.2014285773038864}, {""count"": 11, ""value"": 0.05771428719162941}, {""count"": 11, ""value"": 0.11657142639160156}, {""count"": 11, ""value"": 0.15228570997714996}, {""count"": 11, ""value"": 0.15485714375972748}, {""count"": 10, ""value"": 0.035428572446107864}, {""count"": 10, ""value"": 0.09114285558462143}, {""count"": 10, ""value"": 0.11542857438325882}, {""count"": 10, ""value"": 0.11628571152687073}]"
150,忽略,有适用观测的帧等权,17073679,505,1,0.0008571428479626775,0.014285714365541935,0.04685714468359947,0.1177142858505249,0.26171427965164185,0.6325713992118835,4.886857032775879,5721,0.9999991800244107,1,1,0,1.0,"[{""count"": 20253, ""value"": 0.017142856493592262}, {""count"": 20081, ""value"": 0.017428571358323097}, {""count"": 19986, ""value"": 0.018857141956686974}, {""count"": 19901, ""value"": 0.01971428655087948}, {""count"": 19846, ""value"": 0.017714286223053932}, {""count"": 19826, ""value"": 0.01657142862677574}, {""count"": 19808, ""value"": 0.019999999552965164}, {""count"": 19778, ""value"": 0.017999999225139618}, {""count"": 19731, ""value"": 0.018285714089870453}, {""count"": 19722, ""value"": 0.016857143491506577}]"
150,忽略,统计单位等权,17073679,505,1,0.0008571428479626775,0.018857141956686974,0.07257142663002014,0.16457143425941467,0.33228570222854614,0.6608571410179138,4.886857032775879,5721,0.9999991800244107,1,1,0,1.0,"[{""count"": 20253, ""value"": 0.017142856493592262}, {""count"": 20081, ""value"": 0.017428571358323097}, {""count"": 19986, ""value"": 0.018857141956686974}, {""count"": 19901, ""value"": 0.01971428655087948}, {""count"": 19846, ""value"": 0.017714286223053932}, {""count"": 19826, ""value"": 0.01657142862677574}, {""count"": 19808, ""value"": 0.019999999552965164}, {""count"": 19778, ""value"": 0.017999999225139618}, {""count"": 19731, ""value"": 0.018285714089870453}, {""count"": 19722, ""value"": 0.016857143491506577}]"
151,正常,有适用观测的帧等权,26837550,277,1,0.0005714285653084517,0.028285713866353035,0.12342856824398041,0.24857142567634583,0.4494285583496094,0.7799999713897705,4.836571216583252,5700,0.9999978761101517,1,1,0,1.0,"[{""count"": 20118, ""value"": 0.005428571254014969}, {""count"": 20088, ""value"": 0.006285714451223612}, {""count"": 20073, ""value"": 0.0057142856530845165}, {""count"": 19998, ""value"": 0.0051428573206067085}, {""count"": 19944, ""value"": 0.006571428384631872}, {""count"": 19821, ""value"": 0.006000000052154064}, {""count"": 19628, ""value"": 0.00685714278370142}, {""count"": 19504, ""value"": 0.004857142921537161}, {""count"": 19437, ""value"": 0.0071428571827709675}, {""count"": 19294, ""value"": 0.007428571581840515}]"
151,正常,统计单位等权,26837550,277,1,0.0005714285653084517,0.02857142873108387,0.12485714256763458,0.25028571486473083,0.4480000138282776,0.7731428742408752,4.836571216583252,5700,0.9999978761101517,1,1,0,1.0,"[{""count"": 20118, ""value"": 0.005428571254014969}, {""count"": 20088, ""value"": 0.006285714451223612}, {""count"": 20073, ""value"": 0.0057142856530845165}, {""count"": 19998, ""value"": 0.0051428573206067085}, {""count"": 19944, ""value"": 0.006571428384631872}, {""count"": 19821, ""value"": 0.006000000052154064}, {""count"": 19628, ""value"": 0.00685714278370142}, {""count"": 19504, ""value"": 0.004857142921537161}, {""count"": 19437, ""value"": 0.0071428571827709675}, {""count"": 19294, ""value"": 0.007428571581840515}]"
151,异常,有适用观测的帧等权,1211,125,1,0.0057142856530845165,0.017714286223053932,0.02685714326798916,0.09114285558462143,0.18199999630451202,0.3417142927646637,0.6574285626411438,820,0.5582163501238646,1,1,0,1.0,"[{""count"": 5, ""value"": 0.16085714101791382}, {""count"": 5, ""value"": 0.18199999630451202}, {""count"": 5, ""value"": 0.18942856788635254}, {""count"": 5, ""value"": 0.19542856514453888}, {""count"": 5, ""value"": 0.21857142448425293}, {""count"": 4, ""value"": 0.12885713577270508}, {""count"": 4, ""value"": 0.13171428442001343}, {""count"": 4, ""value"": 0.1494285762310028}, {""count"": 4, ""value"": 0.157428577542305}, {""count"": 4, ""value"": 0.1679999977350235}]"
151,异常,统计单位等权,1211,125,1,0.0057142856530845165,0.03828571364283562,0.12285714596509933,0.1882857084274292,0.27314284443855286,0.4131428599357605,0.6574285626411438,820,0.5582163501238646,1,1,0,1.0,"[{""count"": 5, ""value"": 0.16085714101791382}, {""count"": 5, ""value"": 0.18199999630451202}, {""count"": 5, ""value"": 0.18942856788635254}, {""count"": 5, ""value"": 0.19542856514453888}, {""count"": 5, ""value"": 0.21857142448425293}, {""count"": 4, ""value"": 0.12885713577270508}, {""count"": 4, ""value"": 0.13171428442001343}, {""count"": 4, ""value"": 0.1494285762310028}, {""count"": 4, ""value"": 0.157428577542305}, {""count"": 4, ""value"": 0.1679999977350235}]"
151,忽略,有适用观测的帧等权,4866312,277,1,0.0002857142826542258,0.01514285709708929,0.05485714226961136,0.1305714249610901,0.2871428430080414,0.7494285702705383,1.9902857542037964,5644,0.999957051664587,1,1,0,1.0,"[{""count"": 6630, ""value"": 0.016285713762044907}, {""count"": 6551, ""value"": 0.018571428954601288}, {""count"": 6530, ""value"": 0.018285714089870453}, {""count"": 6501, ""value"": 0.017714286223053932}, {""count"": 6489, ""value"": 0.018857141956686974}, {""count"": 6483, ""value"": 0.017999999225139618}, {""count"": 6470, ""value"": 0.01600000075995922}, {""count"": 6469, ""value"": 0.01657142862677574}, {""count"": 6440, ""value"": 0.017142856493592262}, {""count"": 6393, ""value"": 0.016857143491506577}]"
151,忽略,统计单位等权,4866312,277,1,0.0002857142826542258,0.015428571030497551,0.0674285739660263,0.15542857348918915,0.3482857048511505,0.852571427822113,1.9902857542037964,5644,0.999957051664587,1,1,0,1.0,"[{""count"": 6630, ""value"": 0.016285713762044907}, {""count"": 6551, ""value"": 0.018571428954601288}, {""count"": 6530, ""value"": 0.018285714089870453}, {""count"": 6501, ""value"": 0.017714286223053932}, {""count"": 6489, ""value"": 0.018857141956686974}, {""count"": 6483, ""value"": 0.017999999225139618}, {""count"": 6470, ""value"": 0.01600000075995922}, {""count"": 6469, ""value"": 0.01657142862677574}, {""count"": 6440, ""value"": 0.017142856493592262}, {""count"": 6393, ""value"": 0.016857143491506577}]"
152,正常,有适用观测的帧等权,43940338,534,1,0.0005714285653084517,0.025714285671710968,0.11114285886287689,0.238571435213089,0.45314285159111023,0.8025714159011841,4.298285484313965,5719,0.9999996586280242,1,1,0,1.0,"[{""count"": 30118, ""value"": 0.005428571254014969}, {""count"": 30114, ""value"": 0.006000000052154064}, {""count"": 30101, ""value"": 0.0051428573206067085}, {""count"": 30016, ""value"": 0.0057142856530845165}, {""count"": 29899, ""value"": 0.006285714451223612}, {""count"": 29821, ""value"": 0.006571428384631872}, {""count"": 29654, ""value"": 0.1071428582072258}, {""count"": 29646, ""value"": 0.004857142921537161}, {""count"": 29646, ""value"": 0.10971428453922272}, {""count"": 29619, ""value"": 0.10199999809265137}]"
152,正常,统计单位等权,43940338,534,1,0.0005714285653084517,0.030571429058909416,0.12085714191198349,0.24714285135269165,0.4488571286201477,0.7817142605781555,4.298285484313965,5719,0.9999996586280242,1,1,0,1.0,"[{""count"": 30118, ""value"": 0.005428571254014969}, {""count"": 30114, ""value"": 0.006000000052154064}, {""count"": 30101, ""value"": 0.0051428573206067085}, {""count"": 30016, ""value"": 0.0057142856530845165}, {""count"": 29899, ""value"": 0.006285714451223612}, {""count"": 29821, ""value"": 0.006571428384631872}, {""count"": 29654, ""value"": 0.1071428582072258}, {""count"": 29646, ""value"": 0.004857142921537161}, {""count"": 29646, ""value"": 0.10971428453922272}, {""count"": 29619, ""value"": 0.10199999809265137}]"
152,异常,有适用观测的帧等权,1263,198,1,0.004571428522467613,0.020285714417696,0.06142857298254967,0.15399999916553497,0.28371429443359375,0.4991428554058075,0.7417142987251282,933,0.4663499604117181,1,1,0,1.0,"[{""count"": 5, ""value"": 0.26742857694625854}, {""count"": 4, ""value"": 0.05714285746216774}, {""count"": 4, ""value"": 0.17428570985794067}, {""count"": 4, ""value"": 0.18400000035762787}, {""count"": 4, ""value"": 0.20428571105003357}, {""count"": 4, ""value"": 0.22599999606609344}, {""count"": 4, ""value"": 0.2491428554058075}, {""count"": 4, ""value"": 0.27485713362693787}, {""count"": 3, ""value"": 0.043142858892679214}, {""count"": 3, ""value"": 0.056285712867975235}]"
152,异常,统计单位等权,1263,198,1,0.004571428522467613,0.03314285725355148,0.13742856681346893,0.23399999737739563,0.37685713171958923,0.5668571591377258,0.7417142987251282,933,0.4663499604117181,1,1,0,1.0,"[{""count"": 5, ""value"": 0.26742857694625854}, {""count"": 4, ""value"": 0.05714285746216774}, {""count"": 4, ""value"": 0.17428570985794067}, {""count"": 4, ""value"": 0.18400000035762787}, {""count"": 4, ""value"": 0.20428571105003357}, {""count"": 4, ""value"": 0.22599999606609344}, {""count"": 4, ""value"": 0.2491428554058075}, {""count"": 4, ""value"": 0.27485713362693787}, {""count"": 3, ""value"": 0.043142858892679214}, {""count"": 3, ""value"": 0.056285712867975235}]"
152,忽略,有适用观测的帧等权,17414792,534,1,0.0005714285653084517,0.014000000432133675,0.04885714128613472,0.12457142770290375,0.28114286065101624,0.6951428651809692,5.174857139587402,5726,0.9999997703102053,5,1,0,1.0,"[{""count"": 19683, ""value"": 0.017714286223053932}, {""count"": 19517, ""value"": 0.017428571358323097}, {""count"": 19392, ""value"": 0.01914285682141781}, {""count"": 19366, ""value"": 0.016857143491506577}, {""count"": 19351, ""value"": 0.017142856493592262}, {""count"": 19333, ""value"": 0.018285714089870453}, {""count"": 19315, ""value"": 0.017999999225139618}, {""count"": 19201, ""value"": 0.01600000075995922}, {""count"": 19156, ""value"": 0.018857141956686974}, {""count"": 19124, ""value"": 0.018571428954601288}]"
152,忽略,统计单位等权,17414792,534,1,0.0005714285653084517,0.018571428954601288,0.07685714215040207,0.18199999630451202,0.39314284920692444,0.7894285917282104,5.174857139587402,5726,0.9999997703102053,5,1,0,1.0,"[{""count"": 19683, ""value"": 0.017714286223053932}, {""count"": 19517, ""value"": 0.017428571358323097}, {""count"": 19392, ""value"": 0.01914285682141781}, {""count"": 19366, ""value"": 0.016857143491506577}, {""count"": 19351, ""value"": 0.017142856493592262}, {""count"": 19333, ""value"": 0.018285714089870453}, {""count"": 19315, ""value"": 0.017999999225139618}, {""count"": 19201, ""value"": 0.01600000075995922}, {""count"": 19156, ""value"": 0.018857141956686974}, {""count"": 19124, ""value"": 0.018571428954601288}]"
153,正常,有适用观测的帧等权,26428045,271,1,0.0005714285653084517,0.024571428075432777,0.11800000071525574,0.243428573012352,0.44914284348487854,0.7885714173316956,4.800000190734863,5703,0.9999981459090145,2,1,0,1.0,"[{""count"": 23499, ""value"": 0.005428571254014969}, {""count"": 23277, ""value"": 0.0057142856530845165}, {""count"": 23209, ""value"": 0.006000000052154064}, {""count"": 23116, ""value"": 0.004857142921537161}, {""count"": 23103, ""value"": 0.0051428573206067085}, {""count"": 22919, ""value"": 0.006285714451223612}, {""count"": 22507, ""value"": 0.00685714278370142}, {""count"": 22496, ""value"": 0.006571428384631872}, {""count"": 22466, ""value"": 0.004571428522467613}, {""count"": 22161, ""value"": 0.0071428571827709675}]"
153,正常,统计单位等权,26428045,271,1,0.0005714285653084517,0.025142857804894447,0.1177142858505249,0.24314285814762115,0.44771429896354675,0.7851428389549255,4.800000190734863,5703,0.9999981459090145,2,1,0,1.0,"[{""count"": 23499, ""value"": 0.005428571254014969}, {""count"": 23277, ""value"": 0.0057142856530845165}, {""count"": 23209, ""value"": 0.006000000052154064}, {""count"": 23116, ""value"": 0.004857142921537161}, {""count"": 23103, ""value"": 0.0051428573206067085}, {""count"": 22919, ""value"": 0.006285714451223612}, {""count"": 22507, ""value"": 0.00685714278370142}, {""count"": 22496, ""value"": 0.006571428384631872}, {""count"": 22466, ""value"": 0.004571428522467613}, {""count"": 22161, ""value"": 0.0071428571827709675}]"
153,异常,有适用观测的帧等权,3264,135,1,0.0037142857909202576,0.017428571358323097,0.03371428698301315,0.10028571635484695,0.3191428482532501,0.6380000114440918,1.0042856931686401,1865,0.7037377450980392,1,1,0,1.0,"[{""count"": 7, ""value"": 0.3302857279777527}, {""count"": 6, ""value"": 0.23971427977085114}, {""count"": 6, ""value"": 0.42828571796417236}, {""count"": 6, ""value"": 0.4805714190006256}, {""count"": 5, ""value"": 0.11028571426868439}, {""count"": 5, ""value"": 0.12200000137090683}, {""count"": 5, ""value"": 0.12542857229709625}, {""count"": 5, ""value"": 0.13371428847312927}, {""count"": 5, ""value"": 0.175428569316864}, {""count"": 5, ""value"": 0.1971428543329239}]"
153,异常,统计单位等权,3264,135,1,0.0037142857909202576,0.07199999690055847,0.21571429073810577,0.3594285845756531,0.5180000066757202,0.7282857298851013,1.0042856931686401,1865,0.7037377450980392,1,1,0,1.0,"[{""count"": 7, ""value"": 0.3302857279777527}, {""count"": 6, ""value"": 0.23971427977085114}, {""count"": 6, ""value"": 0.42828571796417236}, {""count"": 6, ""value"": 0.4805714190006256}, {""count"": 5, ""value"": 0.11028571426868439}, {""count"": 5, ""value"": 0.12200000137090683}, {""count"": 5, ""value"": 0.12542857229709625}, {""count"": 5, ""value"": 0.13371428847312927}, {""count"": 5, ""value"": 0.175428569316864}, {""count"": 5, ""value"": 0.1971428543329239}]"
153,忽略,有适用观测的帧等权,4353934,271,1,0.0011428571306169033,0.016857143491506577,0.06685714423656464,0.16114285588264465,0.3328571319580078,0.7174285650253296,1.6428571939468384,5488,0.9999423509864872,3,1,0,1.0,"[{""count"": 6185, ""value"": 0.018857141956686974}, {""count"": 6154, ""value"": 0.017714286223053932}, {""count"": 6119, ""value"": 0.017142856493592262}, {""count"": 6101, ""value"": 0.01914285682141781}, {""count"": 6098, ""value"": 0.019428571686148643}, {""count"": 6084, ""value"": 0.017999999225139618}, {""count"": 6045, ""value"": 0.016857143491506577}, {""count"": 6038, ""value"": 0.018571428954601288}, {""count"": 5999, ""value"": 0.020571429282426834}, {""count"": 5966, ""value"": 0.017428571358323097}]"
153,忽略,统计单位等权,4353934,271,1,0.0011428571306169033,0.018857141956686974,0.0722857117652893,0.16514286398887634,0.337714284658432,0.7708571553230286,1.6428571939468384,5488,0.9999423509864872,3,1,0,1.0,"[{""count"": 6185, ""value"": 0.018857141956686974}, {""count"": 6154, ""value"": 0.017714286223053932}, {""count"": 6119, ""value"": 0.017142856493592262}, {""count"": 6101, ""value"": 0.01914285682141781}, {""count"": 6098, ""value"": 0.019428571686148643}, {""count"": 6084, ""value"": 0.017999999225139618}, {""count"": 6045, ""value"": 0.016857143491506577}, {""count"": 6038, ""value"": 0.018571428954601288}, {""count"": 5999, ""value"": 0.020571429282426834}, {""count"": 5966, ""value"": 0.017428571358323097}]"
169,正常,有适用观测的帧等权,58557591,600,1,0.0005714285653084517,0.017142856493592262,0.09428571164608002,0.21314285695552826,0.3765714168548584,0.6348571181297302,7.021714210510254,5648,0.9999970114890826,1,1,0,1.0,"[{""count"": 77608, ""value"": 0.014571428298950195}, {""count"": 77375, ""value"": 0.01485714316368103}, {""count"": 77200, ""value"": 0.015714285895228386}, {""count"": 77135, ""value"": 0.015428571030497551}, {""count"": 77121, ""value"": 0.014285714365541935}, {""count"": 77120, ""value"": 0.01514285709708929}, {""count"": 77003, ""value"": 0.01371428556740284}, {""count"": 76715, ""value"": 0.014000000432133675}, {""count"": 76583, ""value"": 0.01657142862677574}, {""count"": 76575, ""value"": 0.01600000075995922}]"
169,正常,统计单位等权,58557591,600,1,0.0005714285653084517,0.017142856493592262,0.09485714137554169,0.21400000154972076,0.3774285614490509,0.6362857222557068,7.021714210510254,5648,0.9999970114890826,1,1,0,1.0,"[{""count"": 77608, ""value"": 0.014571428298950195}, {""count"": 77375, ""value"": 0.01485714316368103}, {""count"": 77200, ""value"": 0.015714285895228386}, {""count"": 77135, ""value"": 0.015428571030497551}, {""count"": 77121, ""value"": 0.014285714365541935}, {""count"": 77120, ""value"": 0.01514285709708929}, {""count"": 77003, ""value"": 0.01371428556740284}, {""count"": 76715, ""value"": 0.014000000432133675}, {""count"": 76583, ""value"": 0.01657142862677574}, {""count"": 76575, ""value"": 0.01600000075995922}]"
169,异常,有适用观测的帧等权,2501,141,1,0.0022857142612338066,0.010285714641213417,0.017714286223053932,0.03628571331501007,0.11342857033014297,0.3840000033378601,0.7648571133613586,1322,0.7500999600159935,1,1,0,1.0,"[{""count"": 8, ""value"": 0.09028571099042892}, {""count"": 7, ""value"": 0.011714286170899868}, {""count"": 6, ""value"": 0.015428571030497551}, {""count"": 6, ""value"": 0.04342857003211975}, {""count"": 6, ""value"": 0.061714284121990204}, {""count"": 6, ""value"": 0.06257142871618271}, {""count"": 6, ""value"": 0.09228571504354477}, {""count"": 6, ""value"": 0.09942857176065445}, {""count"": 6, ""value"": 0.11142857372760773}, {""count"": 6, ""value"": 0.12771429121494293}]"
169,异常,统计单位等权,2501,141,1,0.0022857142612338066,0.02085714228451252,0.0917142853140831,0.1825714260339737,0.30485713481903076,0.4968571364879608,0.7648571133613586,1322,0.7500999600159935,1,1,0,1.0,"[{""count"": 8, ""value"": 0.09028571099042892}, {""count"": 7, ""value"": 0.011714286170899868}, {""count"": 6, ""value"": 0.015428571030497551}, {""count"": 6, ""value"": 0.04342857003211975}, {""count"": 6, ""value"": 0.061714284121990204}, {""count"": 6, ""value"": 0.06257142871618271}, {""count"": 6, ""value"": 0.09228571504354477}, {""count"": 6, ""value"": 0.09942857176065445}, {""count"": 6, ""value"": 0.11142857372760773}, {""count"": 6, ""value"": 0.12771429121494293}]"
169,忽略,有适用观测的帧等权,1663011,600,1,0.0005714285653084517,0.006285714451223612,0.01485714316368103,0.02685714326798916,0.055142857134342194,0.1445714235305786,1.6197142601013184,2967,0.999782923865206,2,1,0,1.0,"[{""count"": 13229, ""value"": 0.014285714365541935}, {""count"": 13194, ""value"": 0.014571428298950195}, {""count"": 13107, ""value"": 0.014000000432133675}, {""count"": 13006, ""value"": 0.01371428556740284}, {""count"": 12923, ""value"": 0.01342857163399458}, {""count"": 12822, ""value"": 0.01485714316368103}, {""count"": 12673, ""value"": 0.01514285709708929}, {""count"": 12481, ""value"": 0.015428571030497551}, {""count"": 12402, ""value"": 0.013142856769263744}, {""count"": 12144, ""value"": 0.012857142835855484}]"
169,忽略,统计单位等权,1663011,600,1,0.0005714285653084517,0.0071428571827709675,0.016285713762044907,0.031142856925725937,0.06485714018344879,0.16657142341136932,1.6197142601013184,2967,0.999782923865206,2,1,0,1.0,"[{""count"": 13229, ""value"": 0.014285714365541935}, {""count"": 13194, ""value"": 0.014571428298950195}, {""count"": 13107, ""value"": 0.014000000432133675}, {""count"": 13006, ""value"": 0.01371428556740284}, {""count"": 12923, ""value"": 0.01342857163399458}, {""count"": 12822, ""value"": 0.01485714316368103}, {""count"": 12673, ""value"": 0.01514285709708929}, {""count"": 12481, ""value"": 0.015428571030497551}, {""count"": 12402, ""value"": 0.013142856769263744}, {""count"": 12144, ""value"": 0.012857142835855484}]"
