序列,五位模式,窗口数,覆盖序列数,当前异常点合计,历史异常点合计,历史占比有效窗数,历史占比无定义比例,槽0异常点数P5,槽0异常点数P25,槽0异常点数P50,槽0异常点数P75,槽0异常点数P95,槽1异常点数P5,槽1异常点数P25,槽1异常点数P50,槽1异常点数P75,槽1异常点数P95,槽2异常点数P5,槽2异常点数P25,槽2异常点数P50,槽2异常点数P75,槽2异常点数P95,槽3异常点数P5,槽3异常点数P25,槽3异常点数P50,槽3异常点数P75,槽3异常点数P95,槽4异常点数P5,槽4异常点数P25,槽4异常点数P50,槽4异常点数P75,槽4异常点数P95,历史异常占比P5,历史异常占比P25,历史异常占比P50,历史异常占比P75,历史异常占比P95
全部,00000,4355,19,0,0,0,1.0,0,0,0,0,0,0,0,0,0,0,0,0,0,0,0,0,0,0,0,0,0,0,0,0,0,,,,,
全部,00001,97,19,283,0,97,0.0,0,0,0,0,0,0,0,0,0,0,0,0,0,0,0,0,0,0,0,0,1,1,1,1,12,0.0,0.0,0.0,0.0,0.0
全部,00010,69,18,0,76,69,0.0,0,0,0,0,0,0,0,0,0,0,0,0,0,0,0,1,1,1,1,2,0,0,0,0,0,1.0,1.0,1.0,1.0,1.0
全部,00011,58,18,884,245,58,0.0,0,0,0,0,0,0,0,0,0,0,0,0,0,0,0,1,1,1,2,25,1,1,1,3,98,0.09090909090909091,0.3333333333333333,0.5,0.5,0.6
全部,00100,72,18,0,80,72,0.0,0,0,0,0,0,0,0,0,0,0,1,1,1,1,2,0,0,0,0,0,0,0,0,0,0,1.0,1.0,1.0,1.0,1.0
全部,00101,21,12,24,25,21,0.0,0,0,0,0,0,0,0,0,0,0,1,1,1,1,2,0,0,0,0,0,1,1,1,1,2,0.3333333333333333,0.5,0.5,0.5,0.6666666666666666
全部,00110,34,16,0,82,34,0.0,0,0,0,0,0,0,0,0,0,0,1,1,1,1,2,1,1,1,1,2,0,0,0,0,0,1.0,1.0,1.0,1.0,1.0
全部,00111,57,19,1284,1135,57,0.0,0,0,0,0,0,0,0,0,0,0,1,1,1,3,25,1,1,2,3,98,1,1,2,3,135,0.36333333333333334,0.5,0.6666666666666666,0.6666666666666666,0.75
全部,01000,72,18,0,78,72,0.0,0,0,0,0,0,1,1,1,1,2,0,0,0,0,0,0,0,0,0,0,0,0,0,0,0,1.0,1.0,1.0,1.0,1.0
全部,01001,22,14,24,24,22,0.0,0,0,0,0,0,1,1,1,1,2,0,0,0,0,0,0,0,0,0,0,1,1,1,1,2,0.3333333333333333,0.5,0.5,0.5,0.6666666666666666
全部,01010,16,10,0,32,16,0.0,0,0,0,0,0,1,1,1,1,1,0,0,0,0,0,1,1,1,1,1,0,0,0,0,0,1.0,1.0,1.0,1.0,1.0
全部,01011,18,12,33,52,18,0.0,0,0,0,0,0,1,1,1,2,2,0,0,0,0,0,1,1,1,2,8,1,1,1,2,10,0.3333333333333333,0.6666666666666666,0.6666666666666666,0.75,0.75
全部,01100,30,15,0,77,30,0.0,0,0,0,0,0,1,1,1,1,2,1,1,1,1,2,0,0,0,0,0,0,0,0,0,0,1.0,1.0,1.0,1.0,1.0
全部,01101,28,14,36,66,28,0.0,0,0,0,0,0,1,1,1,1,2,1,1,1,1,2,0,0,0,0,0,1,1,1,2,2,0.5,0.6,0.6666666666666666,0.6666666666666666,0.75
全部,01110,27,16,0,126,27,0.0,0,0,0,0,0,1,1,1,2,3,1,1,1,2,2,1,1,1,1,2,0,0,0,0,0,1.0,1.0,1.0,1.0,1.0
全部,01111,90,19,1272,2633,90,0.0,0,0,0,0,0,1,1,2,2,12,1,1,2,3,85,1,1,2,3,105,1,1,2,2,99,0.6,0.696969696969697,0.75,0.8,0.8333333333333334
全部,10000,91,18,0,386,91,0.0,1,1,1,1,21,0,0,0,0,0,0,0,0,0,0,0,0,0,0,0,0,0,0,0,0,1.0,1.0,1.0,1.0,1.0
全部,10001,30,14,38,33,30,0.0,1,1,1,1,2,0,0,0,0,0,0,0,0,0,0,0,0,0,0,0,1,1,1,1,3,0.3333333333333333,0.5,0.5,0.5,0.5
全部,10010,24,12,0,59,24,0.0,1,1,1,1,2,0,0,0,0,0,0,0,0,0,0,1,1,1,1,2,0,0,0,0,0,1.0,1.0,1.0,1.0,1.0
全部,10011,33,17,44,92,33,0.0,1,1,1,2,3,0,0,0,0,0,0,0,0,0,0,1,1,1,2,3,1,1,1,2,2,0.5,0.6,0.6666666666666666,0.75,0.8
全部,10100,22,14,0,44,22,0.0,1,1,1,1,1,0,0,0,0,0,1,1,1,1,1,0,0,0,0,0,0,0,0,0,0,1.0,1.0,1.0,1.0,1.0
全部,10101,13,8,21,29,13,0.0,1,1,1,1,2,0,0,0,0,0,1,1,1,1,2,0,0,0,0,0,1,1,1,1,8,0.2727272727272727,0.6666666666666666,0.6666666666666666,0.6666666666666666,0.8
全部,10110,24,11,0,94,24,0.0,1,1,1,2,2,0,0,0,0,0,1,1,1,2,2,1,1,1,1,2,0,0,0,0,0,1.0,1.0,1.0,1.0,1.0
全部,10111,60,16,107,321,60,0.0,1,1,1,2,3,0,0,0,0,0,1,1,2,2,4,1,1,2,2,4,1,1,2,2,3,0.6,0.7142857142857143,0.75,0.8,0.8571428571428571
全部,11000,49,17,0,1328,49,0.0,1,1,1,7,91,1,1,1,2,25,0,0,0,0,0,0,0,0,0,0,0,0,0,0,0,1.0,1.0,1.0,1.0,1.0
全部,11001,35,16,49,100,35,0.0,1,1,1,2,3,1,1,1,2,3,0,0,0,0,0,0,0,0,0,0,1,1,1,2,3,0.5,0.6666666666666666,0.6666666666666666,0.75,0.8
全部,11010,19,11,0,64,19,0.0,1,1,1,1,2,1,1,1,1,2,0,0,0,0,0,1,1,1,1,2,0,0,0,0,0,1.0,1.0,1.0,1.0,1.0
全部,11011,66,16,120,324,66,0.0,1,1,1,2,3,1,1,1,2,3,0,0,0,0,0,1,1,2,2,3,1,1,2,2,3,0.6,0.6666666666666666,0.75,0.8,0.8571428571428571
全部,11100,54,18,0,2670,54,0.0,1,1,2,5,139,1,1,1,4,91,1,1,1,2,25,0,0,0,0,0,0,0,0,0,0,1.0,1.0,1.0,1.0,1.0
全部,11101,57,17,96,302,57,0.0,1,1,2,2,5,1,1,2,2,3,1,1,1,2,3,0,0,0,0,0,1,1,2,2,4,0.6,0.7142857142857143,0.75,0.8,0.8571428571428571
全部,11110,84,19,0,4315,84,0.0,1,1,2,3,124,1,1,2,3,132,1,1,2,3,81,1,1,1,2,21,0,0,0,0,0,1.0,1.0,1.0,1.0,1.0
全部,11111,2856,19,86323,341145,2856,0.0,1,3,8,26,134,1,3,9,27,136,1,3,9,27,139,1,3,9,27,139,1,3,9,27,139,0.7142857142857143,0.7690839694656488,0.7954545454545454,0.8301886792452831,0.8787878787878788
125,00000,40,1,0,0,0,1.0,0,0,0,0,0,0,0,0,0,0,0,0,0,0,0,0,0,0,0,0,0,0,0,0,0,,,,,
125,00001,1,1,10,0,1,0.0,0,0,0,0,0,0,0,0,0,0,0,0,0,0,0,0,0,0,0,0,10,10,10,10,10,0.0,0.0,0.0,0.0,0.0
125,00010,0,0,0,0,0,,,,,,,,,,,,,,,,,,,,,,,,,,,,,,,
125,00011,1,1,14,10,1,0.0,0,0,0,0,0,0,0,0,0,0,0,0,0,0,0,10,10,10,10,10,14,14,14,14,14,0.4166666666666667,0.4166666666666667,0.4166666666666667,0.4166666666666667,0.4166666666666667
125,00100,0,0,0,0,0,,,,,,,,,,,,,,,,,,,,,,,,,,,,,,,
125,00101,0,0,0,0,0,,,,,,,,,,,,,,,,,,,,,,,,,,,,,,,
125,00110,0,0,0,0,0,,,,,,,,,,,,,,,,,,,,,,,,,,,,,,,
125,00111,1,1,32,24,1,0.0,0,0,0,0,0,0,0,0,0,0,10,10,10,10,10,14,14,14,14,14,32,32,32,32,32,0.42857142857142855,0.42857142857142855,0.42857142857142855,0.42857142857142855,0.42857142857142855
125,01000,0,0,0,0,0,,,,,,,,,,,,,,,,,,,,,,,,,,,,,,,
125,01001,0,0,0,0,0,,,,,,,,,,,,,,,,,,,,,,,,,,,,,,,
125,01010,0,0,0,0,0,,,,,,,,,,,,,,,,,,,,,,,,,,,,,,,
125,01011,0,0,0,0,0,,,,,,,,,,,,,,,,,,,,,,,,,,,,,,,
125,01100,0,0,0,0,0,,,,,,,,,,,,,,,,,,,,,,,,,,,,,,,
125,01101,0,0,0,0,0,,,,,,,,,,,,,,,,,,,,,,,,,,,,,,,
125,01110,0,0,0,0,0,,,,,,,,,,,,,,,,,,,,,,,,,,,,,,,
125,01111,1,1,43,56,1,0.0,0,0,0,0,0,10,10,10,10,10,14,14,14,14,14,32,32,32,32,32,43,43,43,43,43,0.5656565656565656,0.5656565656565656,0.5656565656565656,0.5656565656565656,0.5656565656565656
125,10000,1,1,0,2,1,0.0,2,2,2,2,2,0,0,0,0,0,0,0,0,0,0,0,0,0,0,0,0,0,0,0,0,1.0,1.0,1.0,1.0,1.0
125,10001,0,0,0,0,0,,,,,,,,,,,,,,,,,,,,,,,,,,,,,,,
125,10010,0,0,0,0,0,,,,,,,,,,,,,,,,,,,,,,,,,,,,,,,
125,10011,0,0,0,0,0,,,,,,,,,,,,,,,,,,,,,,,,,,,,,,,
125,10100,0,0,0,0,0,,,,,,,,,,,,,,,,,,,,,,,,,,,,,,,
125,10101,0,0,0,0,0,,,,,,,,,,,,,,,,,,,,,,,,,,,,,,,
125,10110,0,0,0,0,0,,,,,,,,,,,,,,,,,,,,,,,,,,,,,,,
125,10111,0,0,0,0,0,,,,,,,,,,,,,,,,,,,,,,,,,,,,,,,
125,11000,1,1,0,24,1,0.0,22,22,22,22,22,2,2,2,2,2,0,0,0,0,0,0,0,0,0,0,0,0,0,0,0,1.0,1.0,1.0,1.0,1.0
125,11001,0,0,0,0,0,,,,,,,,,,,,,,,,,,,,,,,,,,,,,,,
125,11010,0,0,0,0,0,,,,,,,,,,,,,,,,,,,,,,,,,,,,,,,
125,11011,0,0,0,0,0,,,,,,,,,,,,,,,,,,,,,,,,,,,,,,,
125,11100,1,1,0,42,1,0.0,18,18,18,18,18,22,22,22,22,22,2,2,2,2,2,0,0,0,0,0,0,0,0,0,0,1.0,1.0,1.0,1.0,1.0
125,11101,0,0,0,0,0,,,,,,,,,,,,,,,,,,,,,,,,,,,,,,,
125,11110,1,1,0,66,1,0.0,24,24,24,24,24,18,18,18,18,18,22,22,22,22,22,2,2,2,2,2,0,0,0,0,0,1.0,1.0,1.0,1.0,1.0
125,11111,203,1,25673,102024,203,0.0,22,26,79,231,307,22,26,84,231,307,22,26,84,231,307,22,26,88,231,307,22,26,88,231,307,0.7564102564102564,0.782258064516129,0.7975510204081633,0.8078219824679703,0.8472086190009794
137,00000,360,1,0,0,0,1.0,0,0,0,0,0,0,0,0,0,0,0,0,0,0,0,0,0,0,0,0,0,0,0,0,0,,,,,
137,00001,7,1,9,0,7,0.0,0,0,0,0,0,0,0,0,0,0,0,0,0,0,0,0,0,0,0,0,1,1,1,1,3,0.0,0.0,0.0,0.0,0.0
137,00010,2,1,0,2,2,0.0,0,0,0,0,0,0,0,0,0,0,0,0,0,0,0,1,1,1,1,1,0,0,0,0,0,1.0,1.0,1.0,1.0,1.0
137,00011,6,1,36,8,6,0.0,0,0,0,0,0,0,0,0,0,0,0,0,0,0,0,1,1,1,1,3,1,1,1,2,30,0.09090909090909091,0.3333333333333333,0.5,0.5,0.5
137,00100,2,1,0,2,2,0.0,0,0,0,0,0,0,0,0,0,0,1,1,1,1,1,0,0,0,0,0,0,0,0,0,0,1.0,1.0,1.0,1.0,1.0
137,00101,0,0,0,0,0,,,,,,,,,,,,,,,,,,,,,,,,,,,,,,,
137,00110,4,1,0,9,4,0.0,0,0,0,0,0,0,0,0,0,0,1,1,1,1,1,1,1,1,1,2,0,0,0,0,0,1.0,1.0,1.0,1.0,1.0
137,00111,5,1,40,43,5,0.0,0,0,0,0,0,0,0,0,0,0,1,1,1,1,3,1,1,2,2,30,1,1,1,1,36,0.4782608695652174,0.6666666666666666,0.6666666666666666,0.75,0.75
137,01000,1,1,0,1,1,0.0,0,0,0,0,0,1,1,1,1,1,0,0,0,0,0,0,0,0,0,0,0,0,0,0,0,1.0,1.0,1.0,1.0,1.0
137,01001,1,1,1,1,1,0.0,0,0,0,0,0,1,1,1,1,1,0,0,0,0,0,0,0,0,0,0,1,1,1,1,1,0.5,0.5,0.5,0.5,0.5
137,01010,0,0,0,0,0,,,,,,,,,,,,,,,,,,,,,,,,,,,,,,,
137,01011,0,0,0,0,0,,,,,,,,,,,,,,,,,,,,,,,,,,,,,,,
137,01100,3,1,0,6,3,0.0,0,0,0,0,0,1,1,1,1,1,1,1,1,1,1,0,0,0,0,0,0,0,0,0,0,1.0,1.0,1.0,1.0,1.0
137,01101,2,1,2,5,2,0.0,0,0,0,0,0,1,1,1,1,1,1,1,1,2,2,0,0,0,0,0,1,1,1,1,1,0.6666666666666666,0.6666666666666666,0.6666666666666666,0.75,0.75
137,01110,3,1,0,12,3,0.0,0,0,0,0,0,1,1,1,2,2,1,1,2,2,2,1,1,1,1,1,0,0,0,0,0,1.0,1.0,1.0,1.0,1.0
137,01111,10,1,40,113,10,0.0,0,0,0,0,0,1,1,1,2,3,1,2,2,2,30,1,1,2,2,36,1,1,1,1,30,0.696969696969697,0.75,0.8,0.8333333333333334,0.8571428571428571
137,10000,7,1,0,31,7,0.0,1,1,1,1,25,0,0,0,0,0,0,0,0,0,0,0,0,0,0,0,0,0,0,0,0,1.0,1.0,1.0,1.0,1.0
137,10001,1,1,1,1,1,0.0,1,1,1,1,1,0,0,0,0,0,0,0,0,0,0,0,0,0,0,0,1,1,1,1,1,0.5,0.5,0.5,0.5,0.5
137,10010,0,0,0,0,0,,,,,,,,,,,,,,,,,,,,,,,,,,,,,,,
137,10011,3,1,5,7,3,0.0,1,1,1,2,2,0,0,0,0,0,0,0,0,0,0,1,1,1,1,1,1,1,2,2,2,0.5,0.5,0.6,0.6666666666666666,0.6666666666666666
137,10100,0,0,0,0,0,,,,,,,,,,,,,,,,,,,,,,,,,,,,,,,
137,10101,0,0,0,0,0,,,,,,,,,,,,,,,,,,,,,,,,,,,,,,,
137,10110,1,1,0,4,1,0.0,2,2,2,2,2,0,0,0,0,0,1,1,1,1,1,1,1,1,1,1,0,0,0,0,0,1.0,1.0,1.0,1.0,1.0
137,10111,8,1,15,38,8,0.0,1,1,1,2,2,0,0,0,0,0,1,1,1,2,2,1,2,2,2,3,1,1,2,2,3,0.6666666666666666,0.6666666666666666,0.7142857142857143,0.75,0.8333333333333334
137,11000,7,1,0,100,7,0.0,1,1,1,2,62,1,1,1,1,25,0,0,0,0,0,0,0,0,0,0,0,0,0,0,0,1.0,1.0,1.0,1.0,1.0
137,11001,2,1,2,5,2,0.0,1,1,1,1,1,1,1,1,2,2,0,0,0,0,0,0,0,0,0,0,1,1,1,1,1,0.6666666666666666,0.6666666666666666,0.6666666666666666,0.75,0.75
137,11010,0,0,0,0,0,,,,,,,,,,,,,,,,,,,,,,,,,,,,,,,
137,11011,9,1,17,36,9,0.0,1,1,1,1,2,1,1,1,2,2,0,0,0,0,0,1,1,1,2,2,1,2,2,2,3,0.6,0.6666666666666666,0.6666666666666666,0.7142857142857143,0.8
137,11100,6,1,0,157,6,0.0,1,1,1,2,51,1,1,1,2,62,1,1,1,2,25,0,0,0,0,0,0,0,0,0,0,1.0,1.0,1.0,1.0,1.0
137,11101,7,1,10,31,7,0.0,1,1,1,2,4,1,1,1,2,2,1,1,1,2,2,0,0,0,0,0,1,1,1,2,2,0.6666666666666666,0.6666666666666666,0.7777777777777778,0.8,0.8333333333333334
137,11110,10,1,0,231,10,0.0,1,1,2,2,40,1,1,1,2,51,1,1,1,1,62,1,1,1,2,25,0,0,0,0,0,1.0,1.0,1.0,1.0,1.0
137,11111,89,1,751,2873,89,0.0,1,2,4,9,29,1,2,4,10,30,1,2,4,10,30,1,2,4,10,30,1,2,4,10,29,0.7142857142857143,0.75,0.7878787878787878,0.8518518518518519,0.8888888888888888
138,00000,327,1,0,0,0,1.0,0,0,0,0,0,0,0,0,0,0,0,0,0,0,0,0,0,0,0,0,0,0,0,0,0,,,,,
138,00001,5,1,44,0,5,0.0,0,0,0,0,0,0,0,0,0,0,0,0,0,0,0,0,0,0,0,0,1,1,1,1,40,0.0,0.0,0.0,0.0,0.0
138,00010,3,1,0,3,3,0.0,0,0,0,0,0,0,0,0,0,0,0,0,0,0,0,1,1,1,1,1,0,0,0,0,0,1.0,1.0,1.0,1.0,1.0
138,00011,2,1,99,41,2,0.0,0,0,0,0,0,0,0,0,0,0,0,0,0,0,0,1,1,1,40,40,1,1,1,98,98,0.2898550724637681,0.2898550724637681,0.2898550724637681,0.5,0.5
138,00100,3,1,0,3,3,0.0,0,0,0,0,0,0,0,0,0,0,1,1,1,1,1,0,0,0,0,0,0,0,0,0,0,1.0,1.0,1.0,1.0,1.0
138,00101,1,1,1,1,1,0.0,0,0,0,0,0,0,0,0,0,0,1,1,1,1,1,0,0,0,0,0,1,1,1,1,1,0.5,0.5,0.5,0.5,0.5
138,00110,1,1,0,2,1,0.0,0,0,0,0,0,0,0,0,0,0,1,1,1,1,1,1,1,1,1,1,0,0,0,0,0,1.0,1.0,1.0,1.0,1.0
138,00111,2,1,85,140,2,0.0,0,0,0,0,0,0,0,0,0,0,1,1,1,40,40,1,1,1,98,98,2,2,2,83,83,0.5,0.5,0.5,0.6244343891402715,0.6244343891402715
138,01000,3,1,0,3,3,0.0,0,0,0,0,0,1,1,1,1,1,0,0,0,0,0,0,0,0,0,0,0,0,0,0,0,1.0,1.0,1.0,1.0,1.0
138,01001,0,0,0,0,0,,,,,,,,,,,,,,,,,,,,,,,,,,,,,,,
138,01010,0,0,0,0,0,,,,,,,,,,,,,,,,,,,,,,,,,,,,,,,
138,01011,1,1,2,2,1,0.0,0,0,0,0,0,1,1,1,1,1,0,0,0,0,0,1,1,1,1,1,2,2,2,2,2,0.5,0.5,0.5,0.5,0.5
138,01100,1,1,0,3,1,0.0,0,0,0,0,0,2,2,2,2,2,1,1,1,1,1,0,0,0,0,0,0,0,0,0,0,1.0,1.0,1.0,1.0,1.0
138,01101,1,1,1,2,1,0.0,0,0,0,0,0,1,1,1,1,1,1,1,1,1,1,0,0,0,0,0,1,1,1,1,1,0.6666666666666666,0.6666666666666666,0.6666666666666666,0.6666666666666666,0.6666666666666666
138,01110,2,1,0,9,2,0.0,0,0,0,0,0,1,1,1,1,1,2,2,2,2,2,1,1,1,2,2,0,0,0,0,0,1.0,1.0,1.0,1.0,1.0
138,01111,5,1,81,244,5,0.0,0,0,0,0,0,1,1,2,3,40,1,1,1,5,98,1,2,2,3,83,1,1,2,2,75,0.6666666666666666,0.7466216216216216,0.8,0.8,0.8461538461538461
138,10000,5,1,0,81,5,0.0,1,1,1,1,77,0,0,0,0,0,0,0,0,0,0,0,0,0,0,0,0,0,0,0,0,1.0,1.0,1.0,1.0,1.0
138,10001,0,0,0,0,0,,,,,,,,,,,,,,,,,,,,,,,,,,,,,,,
138,10010,1,1,0,2,1,0.0,1,1,1,1,1,0,0,0,0,0,0,0,0,0,0,1,1,1,1,1,0,0,0,0,0,1.0,1.0,1.0,1.0,1.0
138,10011,1,1,1,4,1,0.0,3,3,3,3,3,0,0,0,0,0,0,0,0,0,0,1,1,1,1,1,1,1,1,1,1,0.8,0.8,0.8,0.8,0.8
138,10100,0,0,0,0,0,,,,,,,,,,,,,,,,,,,,,,,,,,,,,,,
138,10101,0,0,0,0,0,,,,,,,,,,,,,,,,,,,,,,,,,,,,,,,
138,10110,1,1,0,5,1,0.0,2,2,2,2,2,0,0,0,0,0,2,2,2,2,2,1,1,1,1,1,0,0,0,0,0,1.0,1.0,1.0,1.0,1.0
138,10111,5,1,9,26,5,0.0,1,1,1,1,3,0,0,0,0,0,1,1,1,2,3,1,1,2,2,5,1,1,2,2,3,0.6,0.6666666666666666,0.7857142857142857,0.8,0.8
138,11000,2,1,0,221,2,0.0,2,2,2,141,141,1,1,1,77,77,0,0,0,0,0,0,0,0,0,0,0,0,0,0,0,1.0,1.0,1.0,1.0,1.0
138,11001,2,1,2,9,2,0.0,2,2,2,3,3,1,1,1,3,3,0,0,0,0,0,0,0,0,0,0,1,1,1,1,1,0.75,0.75,0.75,0.8571428571428571,0.8571428571428571
138,11010,0,0,0,0,0,,,,,,,,,,,,,,,,,,,,,,,,,,,,,,,
138,11011,5,1,10,29,5,0.0,1,2,2,2,5,1,1,1,2,3,0,0,0,0,0,1,1,2,2,3,1,1,1,2,5,0.6666666666666666,0.6875,0.75,0.8333333333333334,0.8571428571428571
138,11100,3,1,0,351,3,0.0,1,1,3,120,120,2,2,3,141,141,1,1,3,77,77,0,0,0,0,0,0,0,0,0,0,1.0,1.0,1.0,1.0,1.0
138,11101,4,1,8,27,4,0.0,1,1,2,2,4,2,2,2,2,5,1,1,1,2,3,0,0,0,0,0,1,1,2,2,3,0.7142857142857143,0.7142857142857143,0.7142857142857143,0.8,0.8333333333333334
138,11110,5,1,0,487,5,0.0,2,2,3,6,105,2,2,3,4,120,2,2,3,5,141,1,1,3,3,77,0,0,0,0,0,1.0,1.0,1.0,1.0,1.0
138,11111,121,1,2058,7909,121,0.0,1,3,8,19,61,1,3,8,19,65,1,3,8,19,65,1,3,8,19,65,1,3,8,19,65,0.7142857142857143,0.7551020408163265,0.8,0.8333333333333334,0.8695652173913043
139,00000,300,1,0,0,0,1.0,0,0,0,0,0,0,0,0,0,0,0,0,0,0,0,0,0,0,0,0,0,0,0,0,0,,,,,
139,00001,4,1,46,0,4,0.0,0,0,0,0,0,0,0,0,0,0,0,0,0,0,0,0,0,0,0,0,1,1,1,1,43,0.0,0.0,0.0,0.0,0.0
139,00010,4,1,0,4,4,0.0,0,0,0,0,0,0,0,0,0,0,0,0,0,0,0,1,1,1,1,1,0,0,0,0,0,1.0,1.0,1.0,1.0,1.0
139,00011,2,1,114,44,2,0.0,0,0,0,0,0,0,0,0,0,0,0,0,0,0,0,1,1,1,43,43,1,1,1,113,113,0.27564102564102566,0.27564102564102566,0.27564102564102566,0.5,0.5
139,00100,3,1,0,3,3,0.0,0,0,0,0,0,0,0,0,0,0,1,1,1,1,1,0,0,0,0,0,0,0,0,0,0,1.0,1.0,1.0,1.0,1.0
139,00101,1,1,1,1,1,0.0,0,0,0,0,0,0,0,0,0,0,1,1,1,1,1,0,0,0,0,0,1,1,1,1,1,0.5,0.5,0.5,0.5,0.5
139,00110,2,1,0,4,2,0.0,0,0,0,0,0,0,0,0,0,0,1,1,1,1,1,1,1,1,1,1,0,0,0,0,0,1.0,1.0,1.0,1.0,1.0
139,00111,3,1,126,161,3,0.0,0,0,0,0,0,0,0,0,0,0,1,1,1,43,43,1,1,2,113,113,1,1,2,123,123,0.5591397849462365,0.5591397849462365,0.6,0.6666666666666666,0.6666666666666666
139,01000,4,1,0,4,4,0.0,0,0,0,0,0,1,1,1,1,1,0,0,0,0,0,0,0,0,0,0,0,0,0,0,0,1.0,1.0,1.0,1.0,1.0
139,01001,1,1,1,1,1,0.0,0,0,0,0,0,1,1,1,1,1,0,0,0,0,0,0,0,0,0,0,1,1,1,1,1,0.5,0.5,0.5,0.5,0.5
139,01010,1,1,0,2,1,0.0,0,0,0,0,0,1,1,1,1,1,0,0,0,0,0,1,1,1,1,1,0,0,0,0,0,1.0,1.0,1.0,1.0,1.0
139,01011,0,0,0,0,0,,,,,,,,,,,,,,,,,,,,,,,,,,,,,,,
139,01100,1,1,0,2,1,0.0,0,0,0,0,0,1,1,1,1,1,1,1,1,1,1,0,0,0,0,0,0,0,0,0,0,1.0,1.0,1.0,1.0,1.0
139,01101,1,1,1,2,1,0.0,0,0,0,0,0,1,1,1,1,1,1,1,1,1,1,0,0,0,0,0,1,1,1,1,1,0.6666666666666666,0.6666666666666666,0.6666666666666666,0.6666666666666666,0.6666666666666666
139,01110,1,1,0,3,1,0.0,0,0,0,0,0,1,1,1,1,1,1,1,1,1,1,1,1,1,1,1,0,0,0,0,0,1.0,1.0,1.0,1.0,1.0
139,01111,5,1,104,294,5,0.0,0,0,0,0,0,1,1,1,1,43,1,1,2,2,113,1,1,1,2,123,1,1,1,2,99,0.6,0.7380952380952381,0.75,0.8,0.8333333333333334
139,10000,4,1,0,97,4,0.0,1,1,1,1,94,0,0,0,0,0,0,0,0,0,0,0,0,0,0,0,0,0,0,0,0,1.0,1.0,1.0,1.0,1.0
139,10001,2,1,2,2,2,0.0,1,1,1,1,1,0,0,0,0,0,0,0,0,0,0,0,0,0,0,0,1,1,1,1,1,0.5,0.5,0.5,0.5,0.5
139,10010,0,0,0,0,0,,,,,,,,,,,,,,,,,,,,,,,,,,,,,,,
139,10011,3,1,4,6,3,0.0,1,1,1,1,1,0,0,0,0,0,0,0,0,0,0,1,1,1,1,1,1,1,1,2,2,0.5,0.5,0.6666666666666666,0.6666666666666666,0.6666666666666666
139,10100,2,1,0,4,2,0.0,1,1,1,1,1,0,0,0,0,0,1,1,1,1,1,0,0,0,0,0,0,0,0,0,0,1.0,1.0,1.0,1.0,1.0
139,10101,0,0,0,0,0,,,,,,,,,,,,,,,,,,,,,,,,,,,,,,,
139,10110,0,0,0,0,0,,,,,,,,,,,,,,,,,,,,,,,,,,,,,,,
139,10111,3,1,3,10,3,0.0,1,1,1,1,1,0,0,0,0,0,1,1,1,1,1,1,1,1,2,2,1,1,1,1,1,0.75,0.75,0.75,0.8,0.8
139,11000,2,1,0,258,2,0.0,1,1,1,162,162,1,1,1,94,94,0,0,0,0,0,0,0,0,0,0,0,0,0,0,0,1.0,1.0,1.0,1.0,1.0
139,11001,2,1,2,4,2,0.0,1,1,1,1,1,1,1,1,1,1,0,0,0,0,0,0,0,0,0,0,1,1,1,1,1,0.6666666666666666,0.6666666666666666,0.6666666666666666,0.6666666666666666,0.6666666666666666
139,11010,1,1,0,3,1,0.0,1,1,1,1,1,1,1,1,1,1,0,0,0,0,0,1,1,1,1,1,0,0,0,0,0,1.0,1.0,1.0,1.0,1.0
139,11011,3,1,4,10,3,0.0,1,1,1,2,2,1,1,1,1,1,0,0,0,0,0,1,1,1,1,1,1,1,1,2,2,0.6,0.6,0.75,0.8,0.8
139,11100,3,1,0,398,3,0.0,1,1,1,136,136,1,1,1,162,162,1,1,1,94,94,0,0,0,0,0,0,0,0,0,0,1.0,1.0,1.0,1.0,1.0
139,11101,3,1,3,11,3,0.0,1,1,1,2,2,1,1,1,2,2,1,1,1,1,1,0,0,0,0,0,1,1,1,1,1,0.75,0.75,0.75,0.8333333333333334,0.8333333333333334
139,11110,5,1,0,524,5,0.0,1,1,1,1,114,1,1,1,2,136,1,1,1,2,162,1,1,1,1,94,0,0,0,0,0,1.0,1.0,1.0,1.0,1.0
139,11111,172,1,2639,10348,172,0.0,1,2,6,15,66,1,2,6,15,70,1,2,6,15,70,1,2,6,15,70,1,2,6,15,70,0.7142857142857143,0.7602739726027398,0.8,0.8392857142857143,0.8823529411764706
140,00000,254,1,0,0,0,1.0,0,0,0,0,0,0,0,0,0,0,0,0,0,0,0,0,0,0,0,0,0,0,0,0,0,,,,,
140,00001,6,1,14,0,6,0.0,0,0,0,0,0,0,0,0,0,0,0,0,0,0,0,0,0,0,0,0,1,1,1,2,8,0.0,0.0,0.0,0.0,0.0
140,00010,4,1,0,5,4,0.0,0,0,0,0,0,0,0,0,0,0,0,0,0,0,0,1,1,1,1,2,0,0,0,0,0,1.0,1.0,1.0,1.0,1.0
140,00011,4,1,67,14,4,0.0,0,0,0,0,0,0,0,0,0,0,0,0,0,0,0,1,1,2,3,8,1,1,1,2,63,0.11267605633802817,0.11267605633802817,0.5,0.6,0.6666666666666666
140,00100,3,1,0,3,3,0.0,0,0,0,0,0,0,0,0,0,0,1,1,1,1,1,0,0,0,0,0,0,0,0,0,0,1.0,1.0,1.0,1.0,1.0
140,00101,3,1,4,5,3,0.0,0,0,0,0,0,0,0,0,0,0,1,1,2,2,2,0,0,0,0,0,1,1,1,2,2,0.5,0.5,0.5,0.6666666666666666,0.6666666666666666
140,00110,2,1,0,5,2,0.0,0,0,0,0,0,0,0,0,0,0,1,1,1,2,2,1,1,1,1,1,0,0,0,0,0,1.0,1.0,1.0,1.0,1.0
140,00111,3,1,64,79,3,0.0,0,0,0,0,0,0,0,0,0,0,2,2,3,8,8,1,1,2,63,63,2,2,2,60,60,0.5419847328244275,0.5419847328244275,0.6,0.7142857142857143,0.7142857142857143
140,01000,4,1,0,4,4,0.0,0,0,0,0,0,1,1,1,1,1,0,0,0,0,0,0,0,0,0,0,0,0,0,0,0,1.0,1.0,1.0,1.0,1.0
140,01001,1,1,1,1,1,0.0,0,0,0,0,0,1,1,1,1,1,0,0,0,0,0,0,0,0,0,0,1,1,1,1,1,0.5,0.5,0.5,0.5,0.5
140,01010,3,1,0,6,3,0.0,0,0,0,0,0,1,1,1,1,1,0,0,0,0,0,1,1,1,1,1,0,0,0,0,0,1.0,1.0,1.0,1.0,1.0
140,01011,2,1,3,7,2,0.0,0,0,0,0,0,2,2,2,2,2,0,0,0,0,0,1,1,1,2,2,1,1,1,2,2,0.6666666666666666,0.6666666666666666,0.6666666666666666,0.75,0.75
140,01100,3,1,0,9,3,0.0,0,0,0,0,0,1,1,2,2,2,1,1,1,2,2,0,0,0,0,0,0,0,0,0,0,1.0,1.0,1.0,1.0,1.0
140,01101,2,1,3,4,2,0.0,0,0,0,0,0,1,1,1,1,1,1,1,1,1,1,0,0,0,0,0,1,1,1,2,2,0.5,0.5,0.5,0.6666666666666666,0.6666666666666666
140,01110,0,0,0,0,0,,,,,,,,,,,,,,,,,,,,,,,,,,,,,,,
140,01111,7,1,66,174,7,0.0,0,0,0,0,0,2,2,2,4,8,1,2,2,3,63,1,2,2,5,60,2,2,2,3,53,0.7119565217391305,0.7142857142857143,0.75,0.7777777777777778,0.8333333333333334
140,10000,6,1,0,28,6,0.0,1,1,1,1,23,0,0,0,0,0,0,0,0,0,0,0,0,0,0,0,0,0,0,0,0,1.0,1.0,1.0,1.0,1.0
140,10001,2,1,5,2,2,0.0,1,1,1,1,1,0,0,0,0,0,0,0,0,0,0,0,0,0,0,0,2,2,2,3,3,0.25,0.25,0.25,0.3333333333333333,0.3333333333333333
140,10010,2,1,0,6,2,0.0,1,1,1,2,2,0,0,0,0,0,0,0,0,0,0,1,1,1,2,2,0,0,0,0,0,1.0,1.0,1.0,1.0,1.0
140,10011,1,1,1,4,1,0.0,2,2,2,2,2,0,0,0,0,0,0,0,0,0,0,2,2,2,2,2,1,1,1,1,1,0.8,0.8,0.8,0.8,0.8
140,10100,2,1,0,4,2,0.0,1,1,1,1,1,0,0,0,0,0,1,1,1,1,1,0,0,0,0,0,0,0,0,0,0,1.0,1.0,1.0,1.0,1.0
140,10101,2,1,2,4,2,0.0,1,1,1,1,1,0,0,0,0,0,1,1,1,1,1,0,0,0,0,0,1,1,1,1,1,0.6666666666666666,0.6666666666666666,0.6666666666666666,0.6666666666666666,0.6666666666666666
140,10110,3,1,0,12,3,0.0,1,1,1,2,2,0,0,0,0,0,1,1,1,2,2,1,1,1,2,2,0,0,0,0,0,1.0,1.0,1.0,1.0,1.0
140,10111,4,1,11,28,4,0.0,2,2,2,2,2,0,0,0,0,0,2,2,2,2,4,2,2,2,3,3,1,1,2,3,5,0.5833333333333334,0.5833333333333334,0.75,0.75,0.8571428571428571
140,11000,4,1,0,112,4,0.0,1,1,2,2,81,1,1,1,1,23,0,0,0,0,0,0,0,0,0,0,0,0,0,0,0,1.0,1.0,1.0,1.0,1.0
140,11001,2,1,4,7,2,0.0,1,1,1,2,2,2,2,2,2,2,0,0,0,0,0,0,0,0,0,0,2,2,2,2,2,0.6,0.6,0.6,0.6666666666666666,0.6666666666666666
140,11010,1,1,0,3,1,0.0,1,1,1,1,1,1,1,1,1,1,0,0,0,0,0,1,1,1,1,1,0,0,0,0,0,1.0,1.0,1.0,1.0,1.0
140,11011,5,1,11,28,5,0.0,1,1,2,2,3,1,1,2,2,2,0,0,0,0,0,1,2,2,2,4,1,2,2,3,3,0.6666666666666666,0.7,0.7272727272727273,0.75,0.75
140,11100,3,1,0,182,3,0.0,1,1,2,69,69,1,1,2,81,81,1,1,2,23,23,0,0,0,0,0,0,0,0,0,0,1.0,1.0,1.0,1.0,1.0
140,11101,4,1,9,28,4,0.0,1,1,2,5,5,1,1,2,2,3,1,1,2,2,2,0,0,0,0,0,1,1,2,2,4,0.6923076923076923,0.6923076923076923,0.75,0.75,0.8333333333333334
140,11110,7,1,0,287,7,0.0,1,2,2,3,64,1,1,2,5,69,1,1,2,3,81,1,1,2,2,23,0,0,0,0,0,1.0,1.0,1.0,1.0,1.0
140,11111,128,1,1412,5657,128,0.0,2,2,5,12,44,1,2,5,12,45,1,2,5,12,45,1,2,5,12,45,1,2,5,12,44,0.7391304347826086,0.7638888888888888,0.8,0.8441558441558441,0.8823529411764706
141,00000,289,1,0,0,0,1.0,0,0,0,0,0,0,0,0,0,0,0,0,0,0,0,0,0,0,0,0,0,0,0,0,0,,,,,
141,00001,4,1,7,0,4,0.0,0,0,0,0,0,0,0,0,0,0,0,0,0,0,0,0,0,0,0,0,1,1,1,1,4,0.0,0.0,0.0,0.0,0.0
141,00010,1,1,0,1,1,0.0,0,0,0,0,0,0,0,0,0,0,0,0,0,0,0,1,1,1,1,1,0,0,0,0,0,1.0,1.0,1.0,1.0,1.0
141,00011,4,1,40,7,4,0.0,0,0,0,0,0,0,0,0,0,0,0,0,0,0,0,1,1,1,1,4,1,1,1,2,36,0.1,0.1,0.3333333333333333,0.5,0.5
141,00100,2,1,0,2,2,0.0,0,0,0,0,0,0,0,0,0,0,1,1,1,1,1,0,0,0,0,0,0,0,0,0,0,1.0,1.0,1.0,1.0,1.0
141,00101,0,0,0,0,0,,,,,,,,,,,,,,,,,,,,,,,,,,,,,,,
141,00110,2,1,0,4,2,0.0,0,0,0,0,0,0,0,0,0,0,1,1,1,1,1,1,1,1,1,1,0,0,0,0,0,1.0,1.0,1.0,1.0,1.0
141,00111,2,1,100,43,2,0.0,0,0,0,0,0,0,0,0,0,0,1,1,1,4,4,2,2,2,36,36,2,2,2,98,98,0.2898550724637681,0.2898550724637681,0.2898550724637681,0.6,0.6
141,01000,3,1,0,3,3,0.0,0,0,0,0,0,1,1,1,1,1,0,0,0,0,0,0,0,0,0,0,0,0,0,0,0,1.0,1.0,1.0,1.0,1.0
141,01001,1,1,1,1,1,0.0,0,0,0,0,0,1,1,1,1,1,0,0,0,0,0,0,0,0,0,0,1,1,1,1,1,0.5,0.5,0.5,0.5,0.5
141,01010,0,0,0,0,0,,,,,,,,,,,,,,,,,,,,,,,,,,,,,,,
141,01011,0,0,0,0,0,,,,,,,,,,,,,,,,,,,,,,,,,,,,,,,
141,01100,0,0,0,0,0,,,,,,,,,,,,,,,,,,,,,,,,,,,,,,,
141,01101,2,1,2,4,2,0.0,0,0,0,0,0,1,1,1,1,1,1,1,1,1,1,0,0,0,0,0,1,1,1,1,1,0.6666666666666666,0.6666666666666666,0.6666666666666666,0.6666666666666666,0.6666666666666666
141,01110,0,0,0,0,0,,,,,,,,,,,,,,,,,,,,,,,,,,,,,,,
141,01111,2,1,181,143,2,0.0,0,0,0,0,0,1,1,1,4,4,2,2,2,36,36,2,2,2,98,98,2,2,2,179,179,0.4353312302839117,0.4353312302839117,0.4353312302839117,0.7142857142857143,0.7142857142857143
141,10000,4,1,0,4,4,0.0,1,1,1,1,1,0,0,0,0,0,0,0,0,0,0,0,0,0,0,0,0,0,0,0,0,1.0,1.0,1.0,1.0,1.0
141,10001,1,1,1,1,1,0.0,1,1,1,1,1,0,0,0,0,0,0,0,0,0,0,0,0,0,0,0,1,1,1,1,1,0.5,0.5,0.5,0.5,0.5
141,10010,1,1,0,2,1,0.0,1,1,1,1,1,0,0,0,0,0,0,0,0,0,0,1,1,1,1,1,0,0,0,0,0,1.0,1.0,1.0,1.0,1.0
141,10011,0,0,0,0,0,,,,,,,,,,,,,,,,,,,,,,,,,,,,,,,
141,10100,2,1,0,4,2,0.0,1,1,1,1,1,0,0,0,0,0,1,1,1,1,1,0,0,0,0,0,0,0,0,0,0,1.0,1.0,1.0,1.0,1.0
141,10101,0,0,0,0,0,,,,,,,,,,,,,,,,,,,,,,,,,,,,,,,
141,10110,0,0,0,0,0,,,,,,,,,,,,,,,,,,,,,,,,,,,,,,,
141,10111,0,0,0,0,0,,,,,,,,,,,,,,,,,,,,,,,,,,,,,,,
141,11000,2,1,0,7,2,0.0,1,1,1,4,4,1,1,1,1,1,0,0,0,0,0,0,0,0,0,0,0,0,0,0,0,1.0,1.0,1.0,1.0,1.0
141,11001,0,0,0,0,0,,,,,,,,,,,,,,,,,,,,,,,,,,,,,,,
141,11010,2,1,0,6,2,0.0,1,1,1,1,1,1,1,1,1,1,0,0,0,0,0,1,1,1,1,1,0,0,0,0,0,1.0,1.0,1.0,1.0,1.0
141,11011,0,0,0,0,0,,,,,,,,,,,,,,,,,,,,,,,,,,,,,,,
141,11100,2,1,0,13,2,0.0,1,1,1,5,5,1,1,1,4,4,1,1,1,1,1,0,0,0,0,0,0,0,0,0,0,1.0,1.0,1.0,1.0,1.0
141,11101,0,0,0,0,0,,,,,,,,,,,,,,,,,,,,,,,,,,,,,,,
141,11110,2,1,0,25,2,0.0,1,1,1,11,11,1,1,1,5,5,1,1,1,4,4,1,1,1,1,1,0,0,0,0,0,1.0,1.0,1.0,1.0,1.0
141,11111,365,1,18222,73946,365,0.0,2,9,20,44,256,2,9,20,44,256,2,9,20,44,256,2,9,20,43,256,2,9,19,43,256,0.75,0.782608695652174,0.8,0.8214285714285714,0.875
142,00000,314,1,0,0,0,1.0,0,0,0,0,0,0,0,0,0,0,0,0,0,0,0,0,0,0,0,0,0,0,0,0,0,,,,,
142,00001,6,1,11,0,6,0.0,0,0,0,0,0,0,0,0,0,0,0,0,0,0,0,0,0,0,0,0,1,1,1,2,5,0.0,0.0,0.0,0.0,0.0
142,00010,5,1,0,8,5,0.0,0,0,0,0,0,0,0,0,0,0,0,0,0,0,0,1,1,1,2,3,0,0,0,0,0,1.0,1.0,1.0,1.0,1.0
142,00011,5,1,17,10,5,0.0,0,0,0,0,0,0,0,0,0,0,0,0,0,0,0,1,1,1,2,5,1,2,3,3,8,0.25,0.3333333333333333,0.38461538461538464,0.4,0.5
142,00100,10,1,0,16,10,0.0,0,0,0,0,0,0,0,0,0,0,1,1,1,2,3,0,0,0,0,0,0,0,0,0,0,1.0,1.0,1.0,1.0,1.0
142,00101,0,0,0,0,0,,,,,,,,,,,,,,,,,,,,,,,,,,,,,,,
142,00110,3,1,0,9,3,0.0,0,0,0,0,0,0,0,0,0,0,1,1,1,2,2,1,1,2,2,2,0,0,0,0,0,1.0,1.0,1.0,1.0,1.0
142,00111,4,1,8,24,4,0.0,0,0,0,0,0,0,0,0,0,0,1,1,1,2,5,1,1,3,3,8,1,1,2,2,3,0.5,0.5,0.5714285714285714,0.7142857142857143,0.9285714285714286
142,01000,9,1,0,14,9,0.0,0,0,0,0,0,1,1,1,2,3,0,0,0,0,0,0,0,0,0,0,0,0,0,0,0,1.0,1.0,1.0,1.0,1.0
142,01001,3,1,4,4,3,0.0,0,0,0,0,0,1,1,1,2,2,0,0,0,0,0,0,0,0,0,0,1,1,1,2,2,0.3333333333333333,0.3333333333333333,0.5,0.6666666666666666,0.6666666666666666
142,01010,0,0,0,0,0,,,,,,,,,,,,,,,,,,,,,,,,,,,,,,,
142,01011,1,1,10,9,1,0.0,0,0,0,0,0,1,1,1,1,1,0,0,0,0,0,8,8,8,8,8,10,10,10,10,10,0.47368421052631576,0.47368421052631576,0.47368421052631576,0.47368421052631576,0.47368421052631576
142,01100,2,1,0,7,2,0.0,0,0,0,0,0,1,1,1,2,2,2,2,2,2,2,0,0,0,0,0,0,0,0,0,0,1.0,1.0,1.0,1.0,1.0
142,01101,2,1,2,4,2,0.0,0,0,0,0,0,1,1,1,1,1,1,1,1,1,1,0,0,0,0,0,1,1,1,1,1,0.6666666666666666,0.6666666666666666,0.6666666666666666,0.6666666666666666,0.6666666666666666
142,01110,1,1,0,22,1,0.0,0,0,0,0,0,8,8,8,8,8,10,10,10,10,10,4,4,4,4,4,0,0,0,0,0,1.0,1.0,1.0,1.0,1.0
142,01111,8,1,29,67,8,0.0,0,0,0,0,0,1,1,2,4,6,1,2,3,3,8,1,1,2,2,3,1,1,2,3,11,0.35294117647058826,0.6,0.7,0.8,0.9333333333333333
142,10000,6,1,0,9,6,0.0,1,1,1,2,3,0,0,0,0,0,0,0,0,0,0,0,0,0,0,0,0,0,0,0,0,1.0,1.0,1.0,1.0,1.0
142,10001,4,1,7,6,4,0.0,1,1,1,1,3,0,0,0,0,0,0,0,0,0,0,0,0,0,0,0,1,1,1,2,3,0.3333333333333333,0.3333333333333333,0.5,0.5,0.5
142,10010,5,1,0,18,5,0.0,1,2,2,2,3,0,0,0,0,0,0,0,0,0,0,1,1,1,2,3,0,0,0,0,0,1.0,1.0,1.0,1.0,1.0
142,10011,2,1,3,6,2,0.0,1,1,1,2,2,0,0,0,0,0,0,0,0,0,0,1,1,1,2,2,1,1,1,2,2,0.6,0.6,0.6,0.75,0.75
142,10100,2,1,0,4,2,0.0,1,1,1,1,1,0,0,0,0,0,1,1,1,1,1,0,0,0,0,0,0,0,0,0,0,1.0,1.0,1.0,1.0,1.0
142,10101,1,1,8,3,1,0.0,2,2,2,2,2,0,0,0,0,0,1,1,1,1,1,0,0,0,0,0,8,8,8,8,8,0.2727272727272727,0.2727272727272727,0.2727272727272727,0.2727272727272727,0.2727272727272727
142,10110,1,1,0,4,1,0.0,2,2,2,2,2,0,0,0,0,0,1,1,1,1,1,1,1,1,1,1,0,0,0,0,0,1.0,1.0,1.0,1.0,1.0
142,10111,5,1,11,59,5,0.0,1,1,1,4,6,0,0,0,0,0,1,2,4,6,8,2,2,3,8,10,1,1,2,3,4,0.7,0.8260869565217391,0.8823529411764706,0.9,0.9
142,11000,1,1,0,4,1,0.0,3,3,3,3,3,1,1,1,1,1,0,0,0,0,0,0,0,0,0,0,0,0,0,0,0,1.0,1.0,1.0,1.0,1.0
142,11001,4,1,7,16,4,0.0,1,1,1,2,3,2,2,2,2,3,0,0,0,0,0,0,0,0,0,0,1,1,1,2,3,0.5714285714285714,0.5714285714285714,0.75,0.75,0.75
142,11010,3,1,0,11,3,0.0,1,1,1,2,2,1,1,1,2,2,0,0,0,0,0,1,1,1,1,1,0,0,0,0,0,1.0,1.0,1.0,1.0,1.0
142,11011,5,1,16,46,5,0.0,1,2,2,3,10,1,1,2,4,6,0,0,0,0,0,1,1,2,4,6,1,2,2,3,8,0.5294117647058824,0.75,0.8333333333333334,0.8333333333333334,0.8421052631578947
142,11100,3,1,0,20,3,0.0,2,2,2,3,3,1,1,3,3,3,1,1,2,3,3,0,0,0,0,0,0,0,0,0,0,1.0,1.0,1.0,1.0,1.0
142,11101,6,1,15,58,6,0.0,1,1,2,8,8,1,2,2,3,10,1,1,2,4,6,0,0,0,0,0,1,1,1,4,6,0.4,0.7142857142857143,0.8333333333333334,0.9166666666666666,0.9166666666666666
142,11110,8,1,0,80,8,0.0,1,1,1,4,8,1,1,2,2,8,1,1,2,3,3,1,1,2,2,6,0,0,0,0,0,1.0,1.0,1.0,1.0,1.0
142,11111,104,1,1589,6410,104,0.0,2,5,9,17,48,2,5,9,17,48,2,5,9,17,48,2,5,9,17,48,2,5,9,17,48,0.6626506024096386,0.75,0.8,0.8633720930232558,0.9375
143,00000,248,1,0,0,0,1.0,0,0,0,0,0,0,0,0,0,0,0,0,0,0,0,0,0,0,0,0,0,0,0,0,0,,,,,
143,00001,6,1,15,0,6,0.0,0,0,0,0,0,0,0,0,0,0,0,0,0,0,0,0,0,0,0,0,1,1,1,2,9,0.0,0.0,0.0,0.0,0.0
143,00010,3,1,0,4,3,0.0,0,0,0,0,0,0,0,0,0,0,0,0,0,0,0,1,1,1,2,2,0,0,0,0,0,1.0,1.0,1.0,1.0,1.0
143,00011,4,1,67,12,4,0.0,0,0,0,0,0,0,0,0,0,0,0,0,0,0,0,1,1,1,1,9,1,1,1,2,63,0.125,0.125,0.3333333333333333,0.5,0.5
143,00100,4,1,0,5,4,0.0,0,0,0,0,0,0,0,0,0,0,1,1,1,1,2,0,0,0,0,0,0,0,0,0,0,1.0,1.0,1.0,1.0,1.0
143,00101,2,1,2,2,2,0.0,0,0,0,0,0,0,0,0,0,0,1,1,1,1,1,0,0,0,0,0,1,1,1,1,1,0.5,0.5,0.5,0.5,0.5
143,00110,1,1,0,2,1,0.0,0,0,0,0,0,0,0,0,0,0,1,1,1,1,1,1,1,1,1,1,0,0,0,0,0,1.0,1.0,1.0,1.0,1.0
143,00111,5,1,111,82,5,0.0,0,0,0,0,0,0,0,0,0,0,1,1,1,2,9,1,1,1,2,63,1,1,1,3,105,0.4067796610169492,0.5,0.6666666666666666,0.6666666666666666,0.75
143,01000,4,1,0,4,4,0.0,0,0,0,0,0,1,1,1,1,1,0,0,0,0,0,0,0,0,0,0,0,0,0,0,0,1.0,1.0,1.0,1.0,1.0
143,01001,2,1,2,3,2,0.0,0,0,0,0,0,1,1,1,2,2,0,0,0,0,0,0,0,0,0,0,1,1,1,1,1,0.5,0.5,0.5,0.6666666666666666,0.6666666666666666
143,01010,3,1,0,6,3,0.0,0,0,0,0,0,1,1,1,1,1,0,0,0,0,0,1,1,1,1,1,0,0,0,0,0,1.0,1.0,1.0,1.0,1.0
143,01011,1,1,1,3,1,0.0,0,0,0,0,0,2,2,2,2,2,0,0,0,0,0,1,1,1,1,1,1,1,1,1,1,0.75,0.75,0.75,0.75,0.75
143,01100,1,1,0,2,1,0.0,0,0,0,0,0,1,1,1,1,1,1,1,1,1,1,0,0,0,0,0,0,0,0,0,0,1.0,1.0,1.0,1.0,1.0
143,01101,0,0,0,0,0,,,,,,,,,,,,,,,,,,,,,,,,,,,,,,,
143,01110,1,1,0,3,1,0.0,0,0,0,0,0,1,1,1,1,1,1,1,1,1,1,1,1,1,1,1,0,0,0,0,0,1.0,1.0,1.0,1.0,1.0
143,01111,6,1,92,199,6,0.0,0,0,0,0,0,1,1,1,2,9,1,1,1,2,63,1,1,1,3,105,1,1,1,2,85,0.6,0.6755725190839694,0.75,0.8,0.8333333333333334
143,10000,6,1,0,18,6,0.0,1,1,1,1,13,0,0,0,0,0,0,0,0,0,0,0,0,0,0,0,0,0,0,0,0,1.0,1.0,1.0,1.0,1.0
143,10001,1,1,1,1,1,0.0,1,1,1,1,1,0,0,0,0,0,0,0,0,0,0,0,0,0,0,0,1,1,1,1,1,0.5,0.5,0.5,0.5,0.5
143,10010,3,1,0,6,3,0.0,1,1,1,1,1,0,0,0,0,0,0,0,0,0,0,1,1,1,1,1,0,0,0,0,0,1.0,1.0,1.0,1.0,1.0
143,10011,2,1,2,6,2,0.0,1,1,1,2,2,0,0,0,0,0,0,0,0,0,0,1,1,1,2,2,1,1,1,1,1,0.75,0.75,0.75,0.75,0.75
143,10100,2,1,0,4,2,0.0,1,1,1,1,1,0,0,0,0,0,1,1,1,1,1,0,0,0,0,0,0,0,0,0,0,1.0,1.0,1.0,1.0,1.0
143,10101,2,1,2,6,2,0.0,1,1,1,2,2,0,0,0,0,0,1,1,1,2,2,0,0,0,0,0,1,1,1,1,1,0.6666666666666666,0.6666666666666666,0.6666666666666666,0.8,0.8
143,10110,0,0,0,0,0,,,,,,,,,,,,,,,,,,,,,,,,,,,,,,,
143,10111,2,1,3,9,2,0.0,1,1,1,2,2,0,0,0,0,0,1,1,1,2,2,1,1,1,2,2,1,1,1,2,2,0.6666666666666666,0.6666666666666666,0.6666666666666666,0.8333333333333334,0.8333333333333334
143,11000,3,1,0,68,3,0.0,1,1,1,51,51,1,1,1,13,13,0,0,0,0,0,0,0,0,0,0,0,0,0,0,0,1.0,1.0,1.0,1.0,1.0
143,11001,3,1,4,6,3,0.0,1,1,1,1,1,1,1,1,1,1,0,0,0,0,0,0,0,0,0,0,1,1,1,2,2,0.5,0.5,0.6666666666666666,0.6666666666666666,0.6666666666666666
143,11010,1,1,0,6,1,0.0,2,2,2,2,2,2,2,2,2,2,0,0,0,0,0,2,2,2,2,2,0,0,0,0,0,1.0,1.0,1.0,1.0,1.0
143,11011,1,1,2,4,1,0.0,1,1,1,1,1,1,1,1,1,1,0,0,0,0,0,2,2,2,2,2,2,2,2,2,2,0.6666666666666666,0.6666666666666666,0.6666666666666666,0.6666666666666666,0.6666666666666666
143,11100,5,1,0,176,5,0.0,1,1,2,2,98,1,1,1,1,51,1,1,1,1,13,0,0,0,0,0,0,0,0,0,0,1.0,1.0,1.0,1.0,1.0
143,11101,2,1,4,9,2,0.0,1,1,1,2,2,1,1,1,2,2,1,1,1,2,2,0,0,0,0,0,2,2,2,2,2,0.6,0.6,0.6,0.75,0.75
143,11110,6,1,0,324,6,0.0,1,2,2,2,133,1,1,2,2,98,1,1,1,2,51,1,1,1,2,13,0,0,0,0,0,1.0,1.0,1.0,1.0,1.0
143,11111,135,1,2948,12054,135,0.0,1,3,8,23,99,1,3,8,23,105,1,3,8,23,105,1,3,8,23,99,1,3,8,23,99,0.7272727272727273,0.7626811594202898,0.8055555555555556,0.8333333333333334,0.8888888888888888
144,00000,125,1,0,0,0,1.0,0,0,0,0,0,0,0,0,0,0,0,0,0,0,0,0,0,0,0,0,0,0,0,0,0,,,,,
144,00001,7,1,7,0,7,0.0,0,0,0,0,0,0,0,0,0,0,0,0,0,0,0,0,0,0,0,0,1,1,1,1,1,0.0,0.0,0.0,0.0,0.0
144,00010,6,1,0,6,6,0.0,0,0,0,0,0,0,0,0,0,0,0,0,0,0,0,1,1,1,1,1,0,0,0,0,0,1.0,1.0,1.0,1.0,1.0
144,00011,2,1,2,2,2,0.0,0,0,0,0,0,0,0,0,0,0,0,0,0,0,0,1,1,1,1,1,1,1,1,1,1,0.5,0.5,0.5,0.5,0.5
144,00100,6,1,0,6,6,0.0,0,0,0,0,0,0,0,0,0,0,1,1,1,1,1,0,0,0,0,0,0,0,0,0,0,1.0,1.0,1.0,1.0,1.0
144,00101,1,1,1,1,1,0.0,0,0,0,0,0,0,0,0,0,0,1,1,1,1,1,0,0,0,0,0,1,1,1,1,1,0.5,0.5,0.5,0.5,0.5
144,00110,2,1,0,4,2,0.0,0,0,0,0,0,0,0,0,0,0,1,1,1,1,1,1,1,1,1,1,0,0,0,0,0,1.0,1.0,1.0,1.0,1.0
144,00111,1,1,1,2,1,0.0,0,0,0,0,0,0,0,0,0,0,1,1,1,1,1,1,1,1,1,1,1,1,1,1,1,0.6666666666666666,0.6666666666666666,0.6666666666666666,0.6666666666666666,0.6666666666666666
144,01000,7,1,0,7,7,0.0,0,0,0,0,0,1,1,1,1,1,0,0,0,0,0,0,0,0,0,0,0,0,0,0,0,1.0,1.0,1.0,1.0,1.0
144,01001,0,0,0,0,0,,,,,,,,,,,,,,,,,,,,,,,,,,,,,,,
144,01010,1,1,0,2,1,0.0,0,0,0,0,0,1,1,1,1,1,0,0,0,0,0,1,1,1,1,1,0,0,0,0,0,1.0,1.0,1.0,1.0,1.0
144,01011,1,1,1,2,1,0.0,0,0,0,0,0,1,1,1,1,1,0,0,0,0,0,1,1,1,1,1,1,1,1,1,1,0.6666666666666666,0.6666666666666666,0.6666666666666666,0.6666666666666666,0.6666666666666666
144,01100,2,1,0,4,2,0.0,0,0,0,0,0,1,1,1,1,1,1,1,1,1,1,0,0,0,0,0,0,0,0,0,0,1.0,1.0,1.0,1.0,1.0
144,01101,3,1,4,6,3,0.0,0,0,0,0,0,1,1,1,1,1,1,1,1,1,1,0,0,0,0,0,1,1,1,2,2,0.5,0.5,0.6666666666666666,0.6666666666666666,0.6666666666666666
144,01110,1,1,0,3,1,0.0,0,0,0,0,0,1,1,1,1,1,1,1,1,1,1,1,1,1,1,1,0,0,0,0,0,1.0,1.0,1.0,1.0,1.0
144,01111,2,1,3,10,2,0.0,0,0,0,0,0,2,2,2,2,2,1,1,1,2,2,1,1,1,2,2,1,1,1,2,2,0.75,0.75,0.75,0.8,0.8
144,10000,6,1,0,6,6,0.0,1,1,1,1,1,0,0,0,0,0,0,0,0,0,0,0,0,0,0,0,0,0,0,0,0,1.0,1.0,1.0,1.0,1.0
144,10001,1,1,1,1,1,0.0,1,1,1,1,1,0,0,0,0,0,0,0,0,0,0,0,0,0,0,0,1,1,1,1,1,0.5,0.5,0.5,0.5,0.5
144,10010,1,1,0,2,1,0.0,1,1,1,1,1,0,0,0,0,0,0,0,0,0,0,1,1,1,1,1,0,0,0,0,0,1.0,1.0,1.0,1.0,1.0
144,10011,1,1,1,2,1,0.0,1,1,1,1,1,0,0,0,0,0,0,0,0,0,0,1,1,1,1,1,1,1,1,1,1,0.6666666666666666,0.6666666666666666,0.6666666666666666,0.6666666666666666,0.6666666666666666
144,10100,1,1,0,2,1,0.0,1,1,1,1,1,0,0,0,0,0,1,1,1,1,1,0,0,0,0,0,0,0,0,0,0,1.0,1.0,1.0,1.0,1.0
144,10101,1,1,1,2,1,0.0,1,1,1,1,1,0,0,0,0,0,1,1,1,1,1,0,0,0,0,0,1,1,1,1,1,0.6666666666666666,0.6666666666666666,0.6666666666666666,0.6666666666666666,0.6666666666666666
144,10110,3,1,0,9,3,0.0,1,1,1,1,1,0,0,0,0,0,1,1,1,1,1,1,1,1,1,1,0,0,0,0,0,1.0,1.0,1.0,1.0,1.0
144,10111,2,1,3,10,2,0.0,1,1,1,2,2,0,0,0,0,0,2,2,2,2,2,1,1,1,2,2,1,1,1,2,2,0.75,0.75,0.75,0.8,0.8
144,11000,0,0,0,0,0,,,,,,,,,,,,,,,,,,,,,,,,,,,,,,,
144,11001,2,1,2,4,2,0.0,1,1,1,1,1,1,1,1,1,1,0,0,0,0,0,0,0,0,0,0,1,1,1,1,1,0.6666666666666666,0.6666666666666666,0.6666666666666666,0.6666666666666666,0.6666666666666666
144,11010,1,1,0,3,1,0.0,1,1,1,1,1,1,1,1,1,1,0,0,0,0,0,1,1,1,1,1,0,0,0,0,0,1.0,1.0,1.0,1.0,1.0
144,11011,4,1,5,16,4,0.0,1,1,1,1,2,1,1,1,1,2,0,0,0,0,0,1,1,1,2,2,1,1,1,1,2,0.75,0.75,0.75,0.75,0.8
144,11100,0,0,0,0,0,,,,,,,,,,,,,,,,,,,,,,,,,,,,,,,
144,11101,2,1,3,8,2,0.0,1,1,1,1,1,1,1,1,2,2,1,1,1,2,2,0,0,0,0,0,1,1,1,2,2,0.7142857142857143,0.7142857142857143,0.7142857142857143,0.75,0.75
144,11110,1,1,0,7,1,0.0,2,2,2,2,2,1,1,1,1,1,2,2,2,2,2,2,2,2,2,2,0,0,0,0,0,1.0,1.0,1.0,1.0,1.0
144,11111,126,1,4627,17363,126,0.0,2,2,7,51,118,2,2,8,64,118,2,2,8,66,118,2,2,9,69,118,2,3,10,73,118,0.7272727272727273,0.7672955974842768,0.7857142857142857,0.8,0.8461538461538461
145,00000,142,1,0,0,0,1.0,0,0,0,0,0,0,0,0,0,0,0,0,0,0,0,0,0,0,0,0,0,0,0,0,0,,,,,
145,00001,7,1,7,0,7,0.0,0,0,0,0,0,0,0,0,0,0,0,0,0,0,0,0,0,0,0,0,1,1,1,1,1,0.0,0.0,0.0,0.0,0.0
145,00010,10,1,0,10,10,0.0,0,0,0,0,0,0,0,0,0,0,0,0,0,0,0,1,1,1,1,1,0,0,0,0,0,1.0,1.0,1.0,1.0,1.0
145,00011,0,0,0,0,0,,,,,,,,,,,,,,,,,,,,,,,,,,,,,,,
145,00100,8,1,0,8,8,0.0,0,0,0,0,0,0,0,0,0,0,1,1,1,1,1,0,0,0,0,0,0,0,0,0,0,1.0,1.0,1.0,1.0,1.0
145,00101,2,1,3,2,2,0.0,0,0,0,0,0,0,0,0,0,0,1,1,1,1,1,0,0,0,0,0,1,1,1,2,2,0.3333333333333333,0.3333333333333333,0.3333333333333333,0.5,0.5
145,00110,0,0,0,0,0,,,,,,,,,,,,,,,,,,,,,,,,,,,,,,,
145,00111,1,1,1,3,1,0.0,0,0,0,0,0,0,0,0,0,0,1,1,1,1,1,2,2,2,2,2,1,1,1,1,1,0.75,0.75,0.75,0.75,0.75
145,01000,9,1,0,9,9,0.0,0,0,0,0,0,1,1,1,1,1,0,0,0,0,0,0,0,0,0,0,0,0,0,0,0,1.0,1.0,1.0,1.0,1.0
145,01001,0,0,0,0,0,,,,,,,,,,,,,,,,,,,,,,,,,,,,,,,
145,01010,1,1,0,2,1,0.0,0,0,0,0,0,1,1,1,1,1,0,0,0,0,0,1,1,1,1,1,0,0,0,0,0,1.0,1.0,1.0,1.0,1.0
145,01011,1,1,1,3,1,0.0,0,0,0,0,0,1,1,1,1,1,0,0,0,0,0,2,2,2,2,2,1,1,1,1,1,0.75,0.75,0.75,0.75,0.75
145,01100,0,0,0,0,0,,,,,,,,,,,,,,,,,,,,,,,,,,,,,,,
145,01101,0,0,0,0,0,,,,,,,,,,,,,,,,,,,,,,,,,,,,,,,
145,01110,1,1,0,4,1,0.0,0,0,0,0,0,2,2,2,2,2,1,1,1,1,1,1,1,1,1,1,0,0,0,0,0,1.0,1.0,1.0,1.0,1.0
145,01111,2,1,3,7,2,0.0,0,0,0,0,0,1,1,1,1,1,1,1,1,2,2,1,1,1,1,1,1,1,1,2,2,0.6666666666666666,0.6666666666666666,0.6666666666666666,0.75,0.75
145,10000,6,1,0,6,6,0.0,1,1,1,1,1,0,0,0,0,0,0,0,0,0,0,0,0,0,0,0,0,0,0,0,0,1.0,1.0,1.0,1.0,1.0
145,10001,3,1,3,3,3,0.0,1,1,1,1,1,0,0,0,0,0,0,0,0,0,0,0,0,0,0,0,1,1,1,1,1,0.5,0.5,0.5,0.5,0.5
145,10010,0,0,0,0,0,,,,,,,,,,,,,,,,,,,,,,,,,,,,,,,
145,10011,1,1,2,3,1,0.0,2,2,2,2,2,0,0,0,0,0,0,0,0,0,0,1,1,1,1,1,2,2,2,2,2,0.6,0.6,0.6,0.6,0.6
145,10100,1,1,0,2,1,0.0,1,1,1,1,1,0,0,0,0,0,1,1,1,1,1,0,0,0,0,0,0,0,0,0,0,1.0,1.0,1.0,1.0,1.0
145,10101,0,0,0,0,0,,,,,,,,,,,,,,,,,,,,,,,,,,,,,,,
145,10110,0,0,0,0,0,,,,,,,,,,,,,,,,,,,,,,,,,,,,,,,
145,10111,2,1,2,7,2,0.0,1,1,1,1,1,0,0,0,0,0,1,1,1,2,2,1,1,1,1,1,1,1,1,1,1,0.75,0.75,0.75,0.8,0.8
145,11000,0,0,0,0,0,,,,,,,,,,,,,,,,,,,,,,,,,,,,,,,
145,11001,1,1,1,3,1,0.0,1,1,1,1,1,2,2,2,2,2,0,0,0,0,0,0,0,0,0,0,1,1,1,1,1,0.75,0.75,0.75,0.75,0.75
145,11010,0,0,0,0,0,,,,,,,,,,,,,,,,,,,,,,,,,,,,,,,
145,11011,1,1,1,3,1,0.0,1,1,1,1,1,1,1,1,1,1,0,0,0,0,0,1,1,1,1,1,1,1,1,1,1,0.75,0.75,0.75,0.75,0.75
145,11100,1,1,0,4,1,0.0,1,1,1,1,1,1,1,1,1,1,2,2,2,2,2,0,0,0,0,0,0,0,0,0,0,1.0,1.0,1.0,1.0,1.0
145,11101,1,1,1,4,1,0.0,2,2,2,2,2,1,1,1,1,1,1,1,1,1,1,0,0,0,0,0,1,1,1,1,1,0.8,0.8,0.8,0.8,0.8
145,11110,1,1,0,5,1,0.0,1,1,1,1,1,1,1,1,1,1,1,1,1,1,1,2,2,2,2,2,0,0,0,0,0,1.0,1.0,1.0,1.0,1.0
145,11111,131,1,3792,13791,131,0.0,1,3,9,32,113,1,3,9,32,117,1,3,9,33,119,1,3,10,35,125,1,3,10,37,132,0.7142857142857143,0.7699115044247787,0.7833333333333333,0.8,0.8571428571428571
146,00000,241,1,0,0,0,1.0,0,0,0,0,0,0,0,0,0,0,0,0,0,0,0,0,0,0,0,0,0,0,0,0,0,,,,,
146,00001,1,1,1,0,1,0.0,0,0,0,0,0,0,0,0,0,0,0,0,0,0,0,0,0,0,0,0,1,1,1,1,1,0.0,0.0,0.0,0.0,0.0
146,00010,2,1,0,2,2,0.0,0,0,0,0,0,0,0,0,0,0,0,0,0,0,0,1,1,1,1,1,0,0,0,0,0,1.0,1.0,1.0,1.0,1.0
146,00011,2,1,2,3,2,0.0,0,0,0,0,0,0,0,0,0,0,0,0,0,0,0,1,1,1,2,2,1,1,1,1,1,0.5,0.5,0.5,0.6666666666666666,0.6666666666666666
146,00100,3,1,0,3,3,0.0,0,0,0,0,0,0,0,0,0,0,1,1,1,1,1,0,0,0,0,0,0,0,0,0,0,1.0,1.0,1.0,1.0,1.0
146,00101,0,0,0,0,0,,,,,,,,,,,,,,,,,,,,,,,,,,,,,,,
146,00110,2,1,0,5,2,0.0,0,0,0,0,0,0,0,0,0,0,1,1,1,2,2,1,1,1,1,1,0,0,0,0,0,1.0,1.0,1.0,1.0,1.0
146,00111,1,1,2,3,1,0.0,0,0,0,0,0,0,0,0,0,0,1,1,1,1,1,2,2,2,2,2,2,2,2,2,2,0.6,0.6,0.6,0.6,0.6
146,01000,2,1,0,2,2,0.0,0,0,0,0,0,1,1,1,1,1,0,0,0,0,0,0,0,0,0,0,0,0,0,0,0,1.0,1.0,1.0,1.0,1.0
146,01001,1,1,1,1,1,0.0,0,0,0,0,0,1,1,1,1,1,0,0,0,0,0,0,0,0,0,0,1,1,1,1,1,0.5,0.5,0.5,0.5,0.5
146,01010,0,0,0,0,0,,,,,,,,,,,,,,,,,,,,,,,,,,,,,,,
146,01011,0,0,0,0,0,,,,,,,,,,,,,,,,,,,,,,,,,,,,,,,
146,01100,1,1,0,2,1,0.0,0,0,0,0,0,1,1,1,1,1,1,1,1,1,1,0,0,0,0,0,0,0,0,0,0,1.0,1.0,1.0,1.0,1.0
146,01101,3,1,3,8,3,0.0,0,0,0,0,0,1,1,1,2,2,1,1,1,2,2,0,0,0,0,0,1,1,1,1,1,0.6666666666666666,0.6666666666666666,0.75,0.75,0.75
146,01110,1,1,0,5,1,0.0,0,0,0,0,0,1,1,1,1,1,2,2,2,2,2,2,2,2,2,2,0,0,0,0,0,1.0,1.0,1.0,1.0,1.0
146,01111,2,1,4,10,2,0.0,0,0,0,0,0,1,1,1,1,1,2,2,2,2,2,2,2,2,2,2,2,2,2,2,2,0.7142857142857143,0.7142857142857143,0.7142857142857143,0.7142857142857143,0.7142857142857143
146,10000,0,0,0,0,0,,,,,,,,,,,,,,,,,,,,,,,,,,,,,,,
146,10001,3,1,4,3,3,0.0,1,1,1,1,1,0,0,0,0,0,0,0,0,0,0,0,0,0,0,0,1,1,1,2,2,0.3333333333333333,0.3333333333333333,0.5,0.5,0.5
146,10010,1,1,0,2,1,0.0,1,1,1,1,1,0,0,0,0,0,0,0,0,0,0,1,1,1,1,1,0,0,0,0,0,1.0,1.0,1.0,1.0,1.0
146,10011,1,1,2,3,1,0.0,2,2,2,2,2,0,0,0,0,0,0,0,0,0,0,1,1,1,1,1,2,2,2,2,2,0.6,0.6,0.6,0.6,0.6
146,10100,0,0,0,0,0,,,,,,,,,,,,,,,,,,,,,,,,,,,,,,,
146,10101,0,0,0,0,0,,,,,,,,,,,,,,,,,,,,,,,,,,,,,,,
146,10110,2,1,0,8,2,0.0,1,1,1,2,2,0,0,0,0,0,1,1,1,1,1,1,1,1,2,2,0,0,0,0,0,1.0,1.0,1.0,1.0,1.0
146,10111,2,1,4,9,2,0.0,1,1,1,2,2,0,0,0,0,0,1,1,1,1,1,2,2,2,2,2,2,2,2,2,2,0.6666666666666666,0.6666666666666666,0.6666666666666666,0.7142857142857143,0.7142857142857143
146,11000,1,1,0,2,1,0.0,1,1,1,1,1,1,1,1,1,1,0,0,0,0,0,0,0,0,0,0,0,0,0,0,0,1.0,1.0,1.0,1.0,1.0
146,11001,1,1,1,4,1,0.0,2,2,2,2,2,2,2,2,2,2,0,0,0,0,0,0,0,0,0,0,1,1,1,1,1,0.8,0.8,0.8,0.8,0.8
146,11010,0,0,0,0,0,,,,,,,,,,,,,,,,,,,,,,,,,,,,,,,
146,11011,4,1,7,16,4,0.0,1,1,1,2,2,1,1,1,2,2,0,0,0,0,0,1,1,1,1,1,1,1,2,2,2,0.6,0.6,0.6666666666666666,0.7142857142857143,0.8
146,11100,1,1,0,6,1,0.0,2,2,2,2,2,2,2,2,2,2,2,2,2,2,2,0,0,0,0,0,0,0,0,0,0,1.0,1.0,1.0,1.0,1.0
146,11101,1,1,1,5,1,0.0,1,1,1,1,1,2,2,2,2,2,2,2,2,2,2,0,0,0,0,0,1,1,1,1,1,0.8333333333333334,0.8333333333333334,0.8333333333333334,0.8333333333333334,0.8333333333333334
146,11110,1,1,0,8,1,0.0,2,2,2,2,2,2,2,2,2,2,2,2,2,2,2,2,2,2,2,2,0,0,0,0,0,1.0,1.0,1.0,1.0,1.0
146,11111,90,1,1539,5313,90,0.0,1,2,6,17,58,2,2,6,18,58,2,2,7,18,67,2,3,7,18,67,2,3,7,21,68,0.7236842105263158,0.7663551401869159,0.7777777777777778,0.8043478260869565,0.8571428571428571
147,00000,155,1,0,0,0,1.0,0,0,0,0,0,0,0,0,0,0,0,0,0,0,0,0,0,0,0,0,0,0,0,0,0,,,,,
147,00001,6,1,18,0,6,0.0,0,0,0,0,0,0,0,0,0,0,0,0,0,0,0,0,0,0,0,0,1,1,1,2,12,0.0,0.0,0.0,0.0,0.0
147,00010,5,1,0,5,5,0.0,0,0,0,0,0,0,0,0,0,0,0,0,0,0,0,1,1,1,1,1,0,0,0,0,0,1.0,1.0,1.0,1.0,1.0
147,00011,2,1,41,14,2,0.0,0,0,0,0,0,0,0,0,0,0,0,0,0,0,0,2,2,2,12,12,2,2,2,39,39,0.23529411764705882,0.23529411764705882,0.23529411764705882,0.5,0.5
147,00100,4,1,0,4,4,0.0,0,0,0,0,0,0,0,0,0,0,1,1,1,1,1,0,0,0,0,0,0,0,0,0,0,1.0,1.0,1.0,1.0,1.0
147,00101,2,1,2,2,2,0.0,0,0,0,0,0,0,0,0,0,0,1,1,1,1,1,0,0,0,0,0,1,1,1,1,1,0.5,0.5,0.5,0.5,0.5
147,00110,1,1,0,4,1,0.0,0,0,0,0,0,0,0,0,0,0,2,2,2,2,2,2,2,2,2,2,0,0,0,0,0,1.0,1.0,1.0,1.0,1.0
147,00111,3,1,68,55,3,0.0,0,0,0,0,0,0,0,0,0,0,1,1,1,12,12,1,1,1,39,39,1,1,1,66,66,0.4358974358974359,0.4358974358974359,0.6666666666666666,0.6666666666666666,0.6666666666666666
147,01000,3,1,0,3,3,0.0,0,0,0,0,0,1,1,1,1,1,0,0,0,0,0,0,0,0,0,0,0,0,0,0,0,1.0,1.0,1.0,1.0,1.0
147,01001,2,1,2,2,2,0.0,0,0,0,0,0,1,1,1,1,1,0,0,0,0,0,0,0,0,0,0,1,1,1,1,1,0.5,0.5,0.5,0.5,0.5
147,01010,2,1,0,4,2,0.0,0,0,0,0,0,1,1,1,1,1,0,0,0,0,0,1,1,1,1,1,0,0,0,0,0,1.0,1.0,1.0,1.0,1.0
147,01011,1,1,1,2,1,0.0,0,0,0,0,0,1,1,1,1,1,0,0,0,0,0,1,1,1,1,1,1,1,1,1,1,0.6666666666666666,0.6666666666666666,0.6666666666666666,0.6666666666666666,0.6666666666666666
147,01100,2,1,0,4,2,0.0,0,0,0,0,0,1,1,1,1,1,1,1,1,1,1,0,0,0,0,0,0,0,0,0,0,1.0,1.0,1.0,1.0,1.0
147,01101,2,1,4,7,2,0.0,0,0,0,0,0,2,2,2,2,2,1,1,1,2,2,0,0,0,0,0,2,2,2,2,2,0.6,0.6,0.6,0.6666666666666666,0.6666666666666666
147,01110,1,1,0,6,1,0.0,0,0,0,0,0,2,2,2,2,2,2,2,2,2,2,2,2,2,2,2,0,0,0,0,0,1.0,1.0,1.0,1.0,1.0
147,01111,6,1,77,147,6,0.0,0,0,0,0,0,1,1,2,3,12,1,1,1,4,39,1,1,2,6,66,1,1,2,3,68,0.6324324324324324,0.7142857142857143,0.75,0.75,0.8125
147,10000,5,1,0,20,5,0.0,1,1,1,1,16,0,0,0,0,0,0,0,0,0,0,0,0,0,0,0,0,0,0,0,0,1.0,1.0,1.0,1.0,1.0
147,10001,1,1,1,1,1,0.0,1,1,1,1,1,0,0,0,0,0,0,0,0,0,0,0,0,0,0,0,1,1,1,1,1,0.5,0.5,0.5,0.5,0.5
147,10010,1,1,0,2,1,0.0,1,1,1,1,1,0,0,0,0,0,0,0,0,0,0,1,1,1,1,1,0,0,0,0,0,1.0,1.0,1.0,1.0,1.0
147,10011,2,1,2,4,2,0.0,1,1,1,1,1,0,0,0,0,0,0,0,0,0,0,1,1,1,1,1,1,1,1,1,1,0.6666666666666666,0.6666666666666666,0.6666666666666666,0.6666666666666666,0.6666666666666666
147,10100,1,1,0,2,1,0.0,1,1,1,1,1,0,0,0,0,0,1,1,1,1,1,0,0,0,0,0,0,0,0,0,0,1.0,1.0,1.0,1.0,1.0
147,10101,1,1,1,2,1,0.0,1,1,1,1,1,0,0,0,0,0,1,1,1,1,1,0,0,0,0,0,1,1,1,1,1,0.6666666666666666,0.6666666666666666,0.6666666666666666,0.6666666666666666,0.6666666666666666
147,10110,3,1,0,11,3,0.0,1,1,1,2,2,0,0,0,0,0,1,1,1,2,2,1,1,1,1,1,0,0,0,0,0,1.0,1.0,1.0,1.0,1.0
147,10111,4,1,12,25,4,0.0,1,1,1,2,3,0,0,0,0,0,2,2,2,2,3,1,1,2,2,4,2,2,2,2,6,0.625,0.625,0.7142857142857143,0.7142857142857143,0.7142857142857143
147,11000,3,1,0,99,3,0.0,1,1,1,79,79,1,1,1,16,16,0,0,0,0,0,0,0,0,0,0,0,0,0,0,0,1.0,1.0,1.0,1.0,1.0
147,11001,1,1,1,2,1,0.0,1,1,1,1,1,1,1,1,1,1,0,0,0,0,0,0,0,0,0,0,1,1,1,1,1,0.6666666666666666,0.6666666666666666,0.6666666666666666,0.6666666666666666,0.6666666666666666
147,11010,0,0,0,0,0,,,,,,,,,,,,,,,,,,,,,,,,,,,,,,,
147,11011,6,1,11,33,6,0.0,1,1,2,2,3,1,1,1,2,3,0,0,0,0,0,1,2,2,2,3,1,1,1,2,4,0.6666666666666666,0.6923076923076923,0.7142857142857143,0.8571428571428571,0.8571428571428571
147,11100,2,1,0,237,2,0.0,1,1,1,139,139,1,1,1,79,79,1,1,1,16,16,0,0,0,0,0,0,0,0,0,0,1.0,1.0,1.0,1.0,1.0
147,11101,4,1,8,21,4,0.0,1,1,1,2,3,1,1,1,2,3,1,1,1,2,3,0,0,0,0,0,1,1,2,2,3,0.6,0.6,0.75,0.75,0.75
147,11110,5,1,0,382,5,0.0,1,1,1,3,124,1,1,1,3,139,1,1,1,3,79,1,1,1,3,16,0,0,0,0,0,1.0,1.0,1.0,1.0,1.0
147,11111,161,1,2785,11008,161,0.0,2,4,7,20,66,2,4,7,20,67,2,4,7,20,67,2,4,7,20,68,2,4,7,20,67,0.7419354838709677,0.7684210526315789,0.8,0.8275862068965517,0.8648648648648649
148,00000,318,1,0,0,0,1.0,0,0,0,0,0,0,0,0,0,0,0,0,0,0,0,0,0,0,0,0,0,0,0,0,0,,,,,
148,00001,6,1,30,0,6,0.0,0,0,0,0,0,0,0,0,0,0,0,0,0,0,0,0,0,0,0,0,1,1,1,1,25,0.0,0.0,0.0,0.0,0.0
148,00010,4,1,0,4,4,0.0,0,0,0,0,0,0,0,0,0,0,0,0,0,0,0,1,1,1,1,1,0,0,0,0,0,1.0,1.0,1.0,1.0,1.0
148,00011,6,1,69,30,6,0.0,0,0,0,0,0,0,0,0,0,0,0,0,0,0,0,1,1,1,1,25,1,1,2,3,60,0.25,0.29411764705882354,0.3333333333333333,0.5,0.5
148,00100,3,1,0,3,3,0.0,0,0,0,0,0,0,0,0,0,0,1,1,1,1,1,0,0,0,0,0,0,0,0,0,0,1.0,1.0,1.0,1.0,1.0
148,00101,1,1,1,1,1,0.0,0,0,0,0,0,0,0,0,0,0,1,1,1,1,1,0,0,0,0,0,1,1,1,1,1,0.5,0.5,0.5,0.5,0.5
148,00110,2,1,0,4,2,0.0,0,0,0,0,0,0,0,0,0,0,1,1,1,1,1,1,1,1,1,1,0,0,0,0,0,1.0,1.0,1.0,1.0,1.0
148,00111,5,1,103,97,5,0.0,0,0,0,0,0,0,0,0,0,0,1,1,1,1,25,1,2,2,3,60,1,1,2,3,96,0.4696132596685083,0.5714285714285714,0.6,0.6666666666666666,0.75
148,01000,4,1,0,4,4,0.0,0,0,0,0,0,1,1,1,1,1,0,0,0,0,0,0,0,0,0,0,0,0,0,0,0,1.0,1.0,1.0,1.0,1.0
148,01001,1,1,1,1,1,0.0,0,0,0,0,0,1,1,1,1,1,0,0,0,0,0,0,0,0,0,0,1,1,1,1,1,0.5,0.5,0.5,0.5,0.5
148,01010,2,1,0,4,2,0.0,0,0,0,0,0,1,1,1,1,1,0,0,0,0,0,1,1,1,1,1,0,0,0,0,0,1.0,1.0,1.0,1.0,1.0
148,01011,1,1,1,2,1,0.0,0,0,0,0,0,1,1,1,1,1,0,0,0,0,0,1,1,1,1,1,1,1,1,1,1,0.6666666666666666,0.6666666666666666,0.6666666666666666,0.6666666666666666,0.6666666666666666
148,01100,1,1,0,2,1,0.0,0,0,0,0,0,1,1,1,1,1,1,1,1,1,1,0,0,0,0,0,0,0,0,0,0,1.0,1.0,1.0,1.0,1.0
148,01101,1,1,1,2,1,0.0,0,0,0,0,0,1,1,1,1,1,1,1,1,1,1,0,0,0,0,0,1,1,1,1,1,0.6666666666666666,0.6666666666666666,0.6666666666666666,0.6666666666666666,0.6666666666666666
148,01110,2,1,0,8,2,0.0,0,0,0,0,0,1,1,1,2,2,1,1,1,1,1,1,1,1,2,2,0,0,0,0,0,1.0,1.0,1.0,1.0,1.0
148,01111,7,1,111,213,7,0.0,0,0,0,0,0,1,1,1,2,25,1,2,2,3,60,1,1,2,3,96,1,2,2,3,99,0.6,0.6464285714285715,0.7142857142857143,0.7777777777777778,0.8
148,10000,6,1,0,7,6,0.0,1,1,1,1,2,0,0,0,0,0,0,0,0,0,0,0,0,0,0,0,0,0,0,0,0,1.0,1.0,1.0,1.0,1.0
148,10001,4,1,4,4,4,0.0,1,1,1,1,1,0,0,0,0,0,0,0,0,0,0,0,0,0,0,0,1,1,1,1,1,0.5,0.5,0.5,0.5,0.5
148,10010,0,0,0,0,0,,,,,,,,,,,,,,,,,,,,,,,,,,,,,,,
148,10011,1,1,1,2,1,0.0,1,1,1,1,1,0,0,0,0,0,0,0,0,0,0,1,1,1,1,1,1,1,1,1,1,0.6666666666666666,0.6666666666666666,0.6666666666666666,0.6666666666666666,0.6666666666666666
148,10100,2,1,0,4,2,0.0,1,1,1,1,1,0,0,0,0,0,1,1,1,1,1,0,0,0,0,0,0,0,0,0,0,1.0,1.0,1.0,1.0,1.0
148,10101,2,1,2,4,2,0.0,1,1,1,1,1,0,0,0,0,0,1,1,1,1,1,0,0,0,0,0,1,1,1,1,1,0.6666666666666666,0.6666666666666666,0.6666666666666666,0.6666666666666666,0.6666666666666666
148,10110,0,0,0,0,0,,,,,,,,,,,,,,,,,,,,,,,,,,,,,,,
148,10111,4,1,7,20,4,0.0,1,1,1,2,2,0,0,0,0,0,1,1,2,2,2,1,1,1,2,3,1,1,2,2,2,0.7142857142857143,0.7142857142857143,0.75,0.75,0.75
148,11000,6,1,0,67,6,0.0,1,1,1,3,52,1,1,1,1,2,0,0,0,0,0,0,0,0,0,0,0,0,0,0,0,1.0,1.0,1.0,1.0,1.0
148,11001,0,0,0,0,0,,,,,,,,,,,,,,,,,,,,,,,,,,,,,,,
148,11010,2,1,0,6,2,0.0,1,1,1,1,1,1,1,1,1,1,0,0,0,0,0,1,1,1,1,1,0,0,0,0,0,1.0,1.0,1.0,1.0,1.0
148,11011,3,1,6,17,3,0.0,1,1,2,3,3,1,1,2,2,2,0,0,0,0,0,2,2,2,2,2,1,1,2,3,3,0.6666666666666666,0.6666666666666666,0.75,0.8333333333333334,0.8333333333333334
148,11100,5,1,0,180,5,0.0,1,1,2,2,109,1,1,2,3,52,1,1,1,1,2,0,0,0,0,0,0,0,0,0,0,1.0,1.0,1.0,1.0,1.0
148,11101,4,1,7,20,4,0.0,1,1,1,2,3,1,1,1,2,3,1,1,1,2,2,0,0,0,0,0,1,1,2,2,2,0.6666666666666666,0.6666666666666666,0.75,0.75,0.7777777777777778
148,11110,7,1,0,314,7,0.0,1,1,2,3,111,1,1,2,3,109,1,1,2,3,52,1,1,1,2,2,0,0,0,0,0,1.0,1.0,1.0,1.0,1.0
148,11111,188,1,2974,12252,188,0.0,2,3,6,18,66,2,3,6,18,68,2,3,6,18,76,2,3,6,18,68,1,3,6,18,66,0.7272727272727273,0.7692307692307693,0.8,0.8333333333333334,0.875
149,00000,115,1,0,0,0,1.0,0,0,0,0,0,0,0,0,0,0,0,0,0,0,0,0,0,0,0,0,0,0,0,0,0,,,,,
149,00001,7,1,15,0,7,0.0,0,0,0,0,0,0,0,0,0,0,0,0,0,0,0,0,0,0,0,0,1,1,1,1,9,0.0,0.0,0.0,0.0,0.0
149,00010,5,1,0,5,5,0.0,0,0,0,0,0,0,0,0,0,0,0,0,0,0,0,1,1,1,1,1,0,0,0,0,0,1.0,1.0,1.0,1.0,1.0
149,00011,2,1,86,10,2,0.0,0,0,0,0,0,0,0,0,0,0,0,0,0,0,0,1,1,1,9,9,1,1,1,85,85,0.09574468085106383,0.09574468085106383,0.09574468085106383,0.5,0.5
149,00100,7,1,0,7,7,0.0,0,0,0,0,0,0,0,0,0,0,1,1,1,1,1,0,0,0,0,0,0,0,0,0,0,1.0,1.0,1.0,1.0,1.0
149,00101,4,1,5,5,4,0.0,0,0,0,0,0,0,0,0,0,0,1,1,1,1,2,0,0,0,0,0,1,1,1,1,2,0.3333333333333333,0.3333333333333333,0.5,0.5,0.6666666666666666
149,00110,2,1,0,4,2,0.0,0,0,0,0,0,0,0,0,0,0,1,1,1,1,1,1,1,1,1,1,0,0,0,0,0,1.0,1.0,1.0,1.0,1.0
149,00111,1,1,135,94,1,0.0,0,0,0,0,0,0,0,0,0,0,9,9,9,9,9,85,85,85,85,85,135,135,135,135,135,0.4104803493449782,0.4104803493449782,0.4104803493449782,0.4104803493449782,0.4104803493449782
149,01000,5,1,0,5,5,0.0,0,0,0,0,0,1,1,1,1,1,0,0,0,0,0,0,0,0,0,0,0,0,0,0,0,1.0,1.0,1.0,1.0,1.0
149,01001,4,1,4,4,4,0.0,0,0,0,0,0,1,1,1,1,1,0,0,0,0,0,0,0,0,0,0,1,1,1,1,1,0.5,0.5,0.5,0.5,0.5
149,01010,1,1,0,2,1,0.0,0,0,0,0,0,1,1,1,1,1,0,0,0,0,0,1,1,1,1,1,0,0,0,0,0,1.0,1.0,1.0,1.0,1.0
149,01011,3,1,4,8,3,0.0,0,0,0,0,0,1,1,1,2,2,0,0,0,0,0,1,1,1,2,2,1,1,1,2,2,0.6,0.6,0.6666666666666666,0.75,0.75
149,01100,4,1,0,10,4,0.0,0,0,0,0,0,1,1,1,1,2,1,1,1,1,2,0,0,0,0,0,0,0,0,0,0,1.0,1.0,1.0,1.0,1.0
149,01101,1,1,2,2,1,0.0,0,0,0,0,0,1,1,1,1,1,1,1,1,1,1,0,0,0,0,0,2,2,2,2,2,0.5,0.5,0.5,0.5,0.5
149,01110,2,1,0,8,2,0.0,0,0,0,0,0,1,1,1,2,2,1,1,1,2,2,1,1,1,1,1,0,0,0,0,0,1.0,1.0,1.0,1.0,1.0
149,01111,3,1,115,240,3,0.0,0,0,0,0,0,2,2,2,9,9,2,2,2,85,85,1,1,2,135,135,1,1,2,112,112,0.6715542521994134,0.6715542521994134,0.75,0.8333333333333334,0.8333333333333334
149,10000,7,1,0,27,7,0.0,1,1,1,1,21,0,0,0,0,0,0,0,0,0,0,0,0,0,0,0,0,0,0,0,0,1.0,1.0,1.0,1.0,1.0
149,10001,0,0,0,0,0,,,,,,,,,,,,,,,,,,,,,,,,,,,,,,,
149,10010,6,1,0,13,6,0.0,1,1,1,1,1,0,0,0,0,0,0,0,0,0,0,1,1,1,1,2,0,0,0,0,0,1.0,1.0,1.0,1.0,1.0
149,10011,1,1,1,3,1,0.0,2,2,2,2,2,0,0,0,0,0,0,0,0,0,0,1,1,1,1,1,1,1,1,1,1,0.75,0.75,0.75,0.75,0.75
149,10100,2,1,0,4,2,0.0,1,1,1,1,1,0,0,0,0,0,1,1,1,1,1,0,0,0,0,0,0,0,0,0,0,1.0,1.0,1.0,1.0,1.0
149,10101,0,0,0,0,0,,,,,,,,,,,,,,,,,,,,,,,,,,,,,,,
149,10110,3,1,0,12,3,0.0,1,1,1,2,2,0,0,0,0,0,1,1,1,2,2,1,1,1,2,2,0,0,0,0,0,1.0,1.0,1.0,1.0,1.0
149,10111,4,1,5,19,4,0.0,1,1,1,1,2,0,0,0,0,0,1,1,2,2,2,1,1,2,2,2,1,1,1,1,2,0.75,0.75,0.75,0.8333333333333334,0.8333333333333334
149,11000,2,1,0,114,2,0.0,1,1,1,91,91,1,1,1,21,21,0,0,0,0,0,0,0,0,0,0,0,0,0,0,0,1.0,1.0,1.0,1.0,1.0
149,11001,3,1,4,8,3,0.0,1,1,1,2,2,1,1,1,2,2,0,0,0,0,0,0,0,0,0,0,1,1,1,2,2,0.5,0.5,0.6666666666666666,0.8,0.8
149,11010,1,1,0,3,1,0.0,1,1,1,1,1,1,1,1,1,1,0,0,0,0,0,1,1,1,1,1,0,0,0,0,0,1.0,1.0,1.0,1.0,1.0
149,11011,4,1,7,18,4,0.0,1,1,1,2,2,1,1,1,1,2,0,0,0,0,0,1,1,2,2,2,1,1,2,2,2,0.6666666666666666,0.6666666666666666,0.7142857142857143,0.75,0.75
149,11100,1,1,0,261,1,0.0,149,149,149,149,149,91,91,91,91,91,21,21,21,21,21,0,0,0,0,0,0,0,0,0,0,1.0,1.0,1.0,1.0,1.0
149,11101,4,1,6,18,4,0.0,1,1,2,2,2,1,1,1,2,2,1,1,1,1,2,0,0,0,0,0,1,1,1,2,2,0.7142857142857143,0.7142857142857143,0.75,0.75,0.8
149,11110,3,1,0,404,3,0.0,1,1,2,130,130,2,2,2,149,149,1,1,2,91,91,1,1,2,21,21,0,0,0,0,0,1.0,1.0,1.0,1.0,1.0
149,11111,167,1,2634,10784,167,0.0,2,3,6,16,74,1,3,6,16,82,1,3,6,16,82,1,3,6,16,82,1,3,6,16,74,0.7237163814180929,0.7619047619047619,0.8,0.8362068965517241,0.875
150,00000,210,1,0,0,0,1.0,0,0,0,0,0,0,0,0,0,0,0,0,0,0,0,0,0,0,0,0,0,0,0,0,0,,,,,
150,00001,4,1,25,0,4,0.0,0,0,0,0,0,0,0,0,0,0,0,0,0,0,0,0,0,0,0,0,1,1,1,1,22,0.0,0.0,0.0,0.0,0.0
150,00010,3,1,0,3,3,0.0,0,0,0,0,0,0,0,0,0,0,0,0,0,0,0,1,1,1,1,1,0,0,0,0,0,1.0,1.0,1.0,1.0,1.0
150,00011,1,1,85,22,1,0.0,0,0,0,0,0,0,0,0,0,0,0,0,0,0,0,22,22,22,22,22,85,85,85,85,85,0.205607476635514,0.205607476635514,0.205607476635514,0.205607476635514,0.205607476635514
150,00100,3,1,0,3,3,0.0,0,0,0,0,0,0,0,0,0,0,1,1,1,1,1,0,0,0,0,0,0,0,0,0,0,1.0,1.0,1.0,1.0,1.0
150,00101,1,1,1,1,1,0.0,0,0,0,0,0,0,0,0,0,0,1,1,1,1,1,0,0,0,0,0,1,1,1,1,1,0.5,0.5,0.5,0.5,0.5
150,00110,0,0,0,0,0,,,,,,,,,,,,,,,,,,,,,,,,,,,,,,,
150,00111,2,1,150,109,2,0.0,0,0,0,0,0,0,0,0,0,0,1,1,1,22,22,1,1,1,85,85,1,1,1,149,149,0.41796875,0.41796875,0.41796875,0.6666666666666666,0.6666666666666666
150,01000,2,1,0,2,2,0.0,0,0,0,0,0,1,1,1,1,1,0,0,0,0,0,0,0,0,0,0,0,0,0,0,0,1.0,1.0,1.0,1.0,1.0
150,01001,1,1,1,1,1,0.0,0,0,0,0,0,1,1,1,1,1,0,0,0,0,0,0,0,0,0,0,1,1,1,1,1,0.5,0.5,0.5,0.5,0.5
150,01010,0,0,0,0,0,,,,,,,,,,,,,,,,,,,,,,,,,,,,,,,
150,01011,1,1,1,2,1,0.0,0,0,0,0,0,1,1,1,1,1,0,0,0,0,0,1,1,1,1,1,1,1,1,1,1,0.6666666666666666,0.6666666666666666,0.6666666666666666,0.6666666666666666,0.6666666666666666
150,01100,0,0,0,0,0,,,,,,,,,,,,,,,,,,,,,,,,,,,,,,,
150,01101,0,0,0,0,0,,,,,,,,,,,,,,,,,,,,,,,,,,,,,,,
150,01110,1,1,0,3,1,0.0,0,0,0,0,0,1,1,1,1,1,1,1,1,1,1,1,1,1,1,1,0,0,0,0,0,1.0,1.0,1.0,1.0,1.0
150,01111,5,1,128,273,5,0.0,0,0,0,0,0,1,1,2,2,22,1,1,1,2,85,1,1,2,2,149,1,1,2,2,122,0.6,0.6772486772486772,0.7142857142857143,0.8,0.8333333333333334
150,10000,4,1,0,18,4,0.0,1,1,1,1,15,0,0,0,0,0,0,0,0,0,0,0,0,0,0,0,0,0,0,0,0,1.0,1.0,1.0,1.0,1.0
150,10001,0,0,0,0,0,,,,,,,,,,,,,,,,,,,,,,,,,,,,,,,
150,10010,1,1,0,2,1,0.0,1,1,1,1,1,0,0,0,0,0,0,0,0,0,0,1,1,1,1,1,0,0,0,0,0,1.0,1.0,1.0,1.0,1.0
150,10011,1,1,1,2,1,0.0,1,1,1,1,1,0,0,0,0,0,0,0,0,0,0,1,1,1,1,1,1,1,1,1,1,0.6666666666666666,0.6666666666666666,0.6666666666666666,0.6666666666666666,0.6666666666666666
150,10100,0,0,0,0,0,,,,,,,,,,,,,,,,,,,,,,,,,,,,,,,
150,10101,0,0,0,0,0,,,,,,,,,,,,,,,,,,,,,,,,,,,,,,,
150,10110,0,0,0,0,0,,,,,,,,,,,,,,,,,,,,,,,,,,,,,,,
150,10111,4,1,6,16,4,0.0,1,1,1,1,2,0,0,0,0,0,1,1,1,2,2,1,1,1,1,2,1,1,1,2,2,0.6666666666666666,0.6666666666666666,0.7142857142857143,0.75,0.8
150,11000,2,1,0,106,2,0.0,1,1,1,89,89,1,1,1,15,15,0,0,0,0,0,0,0,0,0,0,0,0,0,0,0,1.0,1.0,1.0,1.0,1.0
150,11001,1,1,1,2,1,0.0,1,1,1,1,1,1,1,1,1,1,0,0,0,0,0,0,0,0,0,0,1,1,1,1,1,0.6666666666666666,0.6666666666666666,0.6666666666666666,0.6666666666666666,0.6666666666666666
150,11010,0,0,0,0,0,,,,,,,,,,,,,,,,,,,,,,,,,,,,,,,
150,11011,3,1,4,12,3,0.0,1,1,1,1,1,1,1,1,2,2,0,0,0,0,0,1,1,2,2,2,1,1,1,2,2,0.6,0.6,0.8,0.8333333333333334,0.8333333333333334
150,11100,3,1,0,268,3,0.0,1,1,3,156,156,1,1,1,89,89,1,1,1,15,15,0,0,0,0,0,0,0,0,0,0,1.0,1.0,1.0,1.0,1.0
150,11101,3,1,5,12,3,0.0,1,1,2,2,2,1,1,1,1,1,1,1,1,2,2,0,0,0,0,0,1,1,2,2,2,0.6,0.6,0.7142857142857143,0.8,0.8
150,11110,5,1,0,497,5,0.0,1,1,1,2,215,1,2,2,3,156,1,1,1,1,89,1,1,1,2,15,0,0,0,0,0,1.0,1.0,1.0,1.0,1.0
150,11111,240,1,5190,21038,240,0.0,1,3,7,20,101,1,3,7,20,102,1,3,7,20,105,1,3,7,20,102,1,3,7,19,101,0.72,0.7692307692307693,0.8,0.8333333333333334,0.875
151,00000,120,1,0,0,0,1.0,0,0,0,0,0,0,0,0,0,0,0,0,0,0,0,0,0,0,0,0,0,0,0,0,0,,,,,
151,00001,5,1,6,0,5,0.0,0,0,0,0,0,0,0,0,0,0,0,0,0,0,0,0,0,0,0,0,1,1,1,1,2,0.0,0.0,0.0,0.0,0.0
151,00010,3,1,0,4,3,0.0,0,0,0,0,0,0,0,0,0,0,0,0,0,0,0,1,1,1,2,2,0,0,0,0,0,1.0,1.0,1.0,1.0,1.0
151,00011,2,1,3,2,2,0.0,0,0,0,0,0,0,0,0,0,0,0,0,0,0,0,1,1,1,1,1,1,1,1,2,2,0.3333333333333333,0.3333333333333333,0.3333333333333333,0.5,0.5
151,00100,3,1,0,4,3,0.0,0,0,0,0,0,0,0,0,0,0,1,1,1,2,2,0,0,0,0,0,0,0,0,0,0,1.0,1.0,1.0,1.0,1.0
151,00101,1,1,1,1,1,0.0,0,0,0,0,0,0,0,0,0,0,1,1,1,1,1,0,0,0,0,0,1,1,1,1,1,0.5,0.5,0.5,0.5,0.5
151,00110,1,1,0,2,1,0.0,0,0,0,0,0,0,0,0,0,0,1,1,1,1,1,1,1,1,1,1,0,0,0,0,0,1.0,1.0,1.0,1.0,1.0
151,00111,4,1,6,12,4,0.0,0,0,0,0,0,0,0,0,0,0,1,1,1,2,2,1,1,1,2,2,1,1,1,2,2,0.6,0.6,0.6666666666666666,0.6666666666666666,0.75
151,01000,2,1,0,3,2,0.0,0,0,0,0,0,1,1,1,2,2,0,0,0,0,0,0,0,0,0,0,0,0,0,0,0,1.0,1.0,1.0,1.0,1.0
151,01001,2,1,3,2,2,0.0,0,0,0,0,0,1,1,1,1,1,0,0,0,0,0,0,0,0,0,0,1,1,1,2,2,0.3333333333333333,0.3333333333333333,0.3333333333333333,0.5,0.5
151,01010,1,1,0,2,1,0.0,0,0,0,0,0,1,1,1,1,1,0,0,0,0,0,1,1,1,1,1,0,0,0,0,0,1.0,1.0,1.0,1.0,1.0
151,01011,0,0,0,0,0,,,,,,,,,,,,,,,,,,,,,,,,,,,,,,,
151,01100,1,1,0,2,1,0.0,0,0,0,0,0,1,1,1,1,1,1,1,1,1,1,0,0,0,0,0,0,0,0,0,0,1.0,1.0,1.0,1.0,1.0
151,01101,1,1,2,3,1,0.0,0,0,0,0,0,2,2,2,2,2,1,1,1,1,1,0,0,0,0,0,2,2,2,2,2,0.6,0.6,0.6,0.6,0.6
151,01110,2,1,0,9,2,0.0,0,0,0,0,0,1,1,1,2,2,1,1,1,2,2,1,1,1,2,2,0,0,0,0,0,1.0,1.0,1.0,1.0,1.0
151,01111,4,1,6,21,4,0.0,0,0,0,0,0,1,1,2,2,2,1,1,2,2,2,1,1,2,2,2,1,1,1,2,2,0.75,0.75,0.75,0.8,0.8333333333333334
151,10000,4,1,0,6,4,0.0,1,1,1,2,2,0,0,0,0,0,0,0,0,0,0,0,0,0,0,0,0,0,0,0,0,1.0,1.0,1.0,1.0,1.0
151,10001,0,0,0,0,0,,,,,,,,,,,,,,,,,,,,,,,,,,,,,,,
151,10010,1,1,0,2,1,0.0,1,1,1,1,1,0,0,0,0,0,0,0,0,0,0,1,1,1,1,1,0,0,0,0,0,1.0,1.0,1.0,1.0,1.0
151,10011,3,1,4,8,3,0.0,1,1,1,1,1,0,0,0,0,0,0,0,0,0,0,1,1,2,2,2,1,1,1,2,2,0.6,0.6,0.6666666666666666,0.75,0.75
151,10100,1,1,0,2,1,0.0,1,1,1,1,1,0,0,0,0,0,1,1,1,1,1,0,0,0,0,0,0,0,0,0,0,1.0,1.0,1.0,1.0,1.0
151,10101,0,0,0,0,0,,,,,,,,,,,,,,,,,,,,,,,,,,,,,,,
151,10110,1,1,0,5,1,0.0,2,2,2,2,2,0,0,0,0,0,2,2,2,2,2,1,1,1,1,1,0,0,0,0,0,1.0,1.0,1.0,1.0,1.0
151,10111,2,1,4,10,2,0.0,1,1,1,1,1,0,0,0,0,0,2,2,2,2,2,2,2,2,2,2,2,2,2,2,2,0.7142857142857143,0.7142857142857143,0.7142857142857143,0.7142857142857143,0.7142857142857143
151,11000,2,1,0,6,2,0.0,1,1,1,2,2,1,1,1,2,2,0,0,0,0,0,0,0,0,0,0,0,0,0,0,0,1.0,1.0,1.0,1.0,1.0
151,11001,2,1,3,4,2,0.0,1,1,1,1,1,1,1,1,1,1,0,0,0,0,0,0,0,0,0,0,1,1,1,2,2,0.5,0.5,0.5,0.6666666666666666,0.6666666666666666
151,11010,0,0,0,0,0,,,,,,,,,,,,,,,,,,,,,,,,,,,,,,,
151,11011,3,1,5,16,3,0.0,2,2,2,2,2,1,1,1,2,2,0,0,0,0,0,2,2,2,2,2,1,1,2,2,2,0.7142857142857143,0.7142857142857143,0.7142857142857143,0.8571428571428571,0.8571428571428571
151,11100,3,1,0,12,3,0.0,1,1,1,2,2,1,1,1,2,2,1,1,1,2,2,0,0,0,0,0,0,0,0,0,0,1.0,1.0,1.0,1.0,1.0
151,11101,2,1,4,10,2,0.0,1,1,1,2,2,2,2,2,2,2,1,1,1,2,2,0,0,0,0,0,2,2,2,2,2,0.7142857142857143,0.7142857142857143,0.7142857142857143,0.7142857142857143,0.7142857142857143
151,11110,3,1,0,18,3,0.0,1,1,2,2,2,1,1,1,2,2,1,1,2,2,2,1,1,1,2,2,0,0,0,0,0,1.0,1.0,1.0,1.0,1.0
151,11111,94,1,1164,4121,94,0.0,1,2,4,13,38,1,2,5,14,41,1,3,5,16,44,1,3,5,16,44,1,3,5,16,48,0.7142857142857143,0.7647058823529411,0.7821782178217822,0.8095238095238095,0.875
152,00000,283,1,0,0,0,1.0,0,0,0,0,0,0,0,0,0,0,0,0,0,0,0,0,0,0,0,0,0,0,0,0,0,,,,,
152,00001,6,1,6,0,6,0.0,0,0,0,0,0,0,0,0,0,0,0,0,0,0,0,0,0,0,0,0,1,1,1,1,1,0.0,0.0,0.0,0.0,0.0
152,00010,3,1,0,3,3,0.0,0,0,0,0,0,0,0,0,0,0,0,0,0,0,0,1,1,1,1,1,0,0,0,0,0,1.0,1.0,1.0,1.0,1.0
152,00011,4,1,25,4,4,0.0,0,0,0,0,0,0,0,0,0,0,0,0,0,0,0,1,1,1,1,1,1,1,1,1,22,0.043478260869565216,0.043478260869565216,0.5,0.5,0.5
152,00100,4,1,0,4,4,0.0,0,0,0,0,0,0,0,0,0,0,1,1,1,1,1,0,0,0,0,0,0,0,0,0,0,1.0,1.0,1.0,1.0,1.0
152,00101,0,0,0,0,0,,,,,,,,,,,,,,,,,,,,,,,,,,,,,,,
152,00110,4,1,0,9,4,0.0,0,0,0,0,0,0,0,0,0,0,1,1,1,1,2,1,1,1,1,1,0,0,0,0,0,1.0,1.0,1.0,1.0,1.0
152,00111,3,1,42,27,3,0.0,0,0,0,0,0,0,0,0,0,0,1,1,1,1,1,1,1,1,22,22,1,1,1,40,40,0.36507936507936506,0.36507936507936506,0.6666666666666666,0.6666666666666666,0.6666666666666666
152,01000,4,1,0,4,4,0.0,0,0,0,0,0,1,1,1,1,1,0,0,0,0,0,0,0,0,0,0,0,0,0,0,0,1.0,1.0,1.0,1.0,1.0
152,01001,1,1,1,1,1,0.0,0,0,0,0,0,1,1,1,1,1,0,0,0,0,0,0,0,0,0,0,1,1,1,1,1,0.5,0.5,0.5,0.5,0.5
152,01010,1,1,0,2,1,0.0,0,0,0,0,0,1,1,1,1,1,0,0,0,0,0,1,1,1,1,1,0,0,0,0,0,1.0,1.0,1.0,1.0,1.0
152,01011,2,1,2,4,2,0.0,0,0,0,0,0,1,1,1,1,1,0,0,0,0,0,1,1,1,1,1,1,1,1,1,1,0.6666666666666666,0.6666666666666666,0.6666666666666666,0.6666666666666666,0.6666666666666666
152,01100,2,1,0,4,2,0.0,0,0,0,0,0,1,1,1,1,1,1,1,1,1,1,0,0,0,0,0,0,0,0,0,0,1.0,1.0,1.0,1.0,1.0
152,01101,4,1,5,9,4,0.0,0,0,0,0,0,1,1,1,1,2,1,1,1,1,1,0,0,0,0,0,1,1,1,1,2,0.5,0.5,0.6666666666666666,0.6666666666666666,0.75
152,01110,4,1,0,15,4,0.0,0,0,0,0,0,1,1,1,1,2,1,1,1,2,2,1,1,1,1,1,0,0,0,0,0,1.0,1.0,1.0,1.0,1.0
152,01111,7,1,37,83,7,0.0,0,0,0,0,0,1,1,1,1,2,1,1,1,1,22,1,1,1,2,40,1,1,1,2,30,0.6666666666666666,0.6774193548387096,0.75,0.75,0.8
152,10000,6,1,0,16,6,0.0,1,1,1,1,11,0,0,0,0,0,0,0,0,0,0,0,0,0,0,0,0,0,0,0,0,1.0,1.0,1.0,1.0,1.0
152,10001,1,1,1,1,1,0.0,1,1,1,1,1,0,0,0,0,0,0,0,0,0,0,0,0,0,0,0,1,1,1,1,1,0.5,0.5,0.5,0.5,0.5
152,10010,1,1,0,2,1,0.0,1,1,1,1,1,0,0,0,0,0,0,0,0,0,0,1,1,1,1,1,0,0,0,0,0,1.0,1.0,1.0,1.0,1.0
152,10011,3,1,3,7,3,0.0,1,1,1,1,1,0,0,0,0,0,0,0,0,0,0,1,1,1,2,2,1,1,1,1,1,0.6666666666666666,0.6666666666666666,0.6666666666666666,0.75,0.75
152,10100,1,1,0,2,1,0.0,1,1,1,1,1,0,0,0,0,0,1,1,1,1,1,0,0,0,0,0,0,0,0,0,0,1.0,1.0,1.0,1.0,1.0
152,10101,3,1,3,6,3,0.0,1,1,1,1,1,0,0,0,0,0,1,1,1,1,1,0,0,0,0,0,1,1,1,1,1,0.6666666666666666,0.6666666666666666,0.6666666666666666,0.6666666666666666,0.6666666666666666
152,10110,2,1,0,6,2,0.0,1,1,1,1,1,0,0,0,0,0,1,1,1,1,1,1,1,1,1,1,0,0,0,0,0,1.0,1.0,1.0,1.0,1.0
152,10111,8,1,9,29,8,0.0,1,1,1,1,2,0,0,0,0,0,1,1,1,1,2,1,1,1,1,2,1,1,1,1,2,0.6,0.75,0.75,0.8,0.8333333333333334
152,11000,3,1,0,93,3,0.0,1,1,2,77,77,1,1,1,11,11,0,0,0,0,0,0,0,0,0,0,0,0,0,0,0,1.0,1.0,1.0,1.0,1.0
152,11001,3,1,4,6,3,0.0,1,1,1,1,1,1,1,1,1,1,0,0,0,0,0,0,0,0,0,0,1,1,1,2,2,0.5,0.5,0.6666666666666666,0.6666666666666666,0.6666666666666666
152,11010,3,1,0,9,3,0.0,1,1,1,1,1,1,1,1,1,1,0,0,0,0,0,1,1,1,1,1,0,0,0,0,0,1.0,1.0,1.0,1.0,1.0
152,11011,8,1,10,30,8,0.0,1,1,1,2,2,1,1,1,1,2,0,0,0,0,0,1,1,1,1,2,1,1,1,1,2,0.6666666666666666,0.7142857142857143,0.75,0.8,0.8
152,11100,4,1,0,168,4,0.0,1,1,1,1,70,1,1,1,2,77,1,1,1,1,11,0,0,0,0,0,0,0,0,0,0,1.0,1.0,1.0,1.0,1.0
152,11101,7,1,8,26,7,0.0,1,1,1,2,2,1,1,1,2,2,1,1,1,1,2,0,0,0,0,0,1,1,1,1,2,0.6,0.75,0.75,0.8333333333333334,0.8571428571428571
152,11110,7,1,0,245,7,0.0,1,1,1,2,58,1,1,1,2,70,1,1,1,2,77,1,1,1,2,11,0,0,0,0,0,1.0,1.0,1.0,1.0,1.0
152,11111,138,1,1107,4237,138,0.0,1,2,3,7,27,1,2,3,8,28,1,2,3,8,30,1,2,3,8,30,1,2,3,8,28,0.7134831460674157,0.75,0.7916666666666666,0.8461538461538461,0.9
153,00000,107,1,0,0,0,1.0,0,0,0,0,0,0,0,0,0,0,0,0,0,0,0,0,0,0,0,0,0,0,0,0,0,,,,,
153,00001,4,1,5,0,4,0.0,0,0,0,0,0,0,0,0,0,0,0,0,0,0,0,0,0,0,0,0,1,1,1,1,2,0.0,0.0,0.0,0.0,0.0
153,00010,1,1,0,1,1,0.0,0,0,0,0,0,0,0,0,0,0,0,0,0,0,0,1,1,1,1,1,0,0,0,0,0,1.0,1.0,1.0,1.0,1.0
153,00011,5,1,7,6,5,0.0,0,0,0,0,0,0,0,0,0,0,0,0,0,0,0,1,1,1,1,2,1,1,1,2,2,0.3333333333333333,0.5,0.5,0.5,0.5
153,00100,1,1,0,1,1,0.0,0,0,0,0,0,0,0,0,0,0,1,1,1,1,1,0,0,0,0,0,0,0,0,0,0,1.0,1.0,1.0,1.0,1.0
153,00101,0,0,0,0,0,,,,,,,,,,,,,,,,,,,,,,,,,,,,,,,
153,00110,2,1,0,9,2,0.0,0,0,0,0,0,0,0,0,0,0,2,2,2,3,3,2,2,2,2,2,0,0,0,0,0,1.0,1.0,1.0,1.0,1.0
153,00111,6,1,9,14,6,0.0,0,0,0,0,0,0,0,0,0,0,1,1,1,1,2,1,1,1,1,2,1,1,1,2,2,0.5,0.6,0.6,0.6666666666666666,0.6666666666666666
153,01000,2,1,0,2,2,0.0,0,0,0,0,0,1,1,1,1,1,0,0,0,0,0,0,0,0,0,0,0,0,0,0,0,1.0,1.0,1.0,1.0,1.0
153,01001,0,0,0,0,0,,,,,,,,,,,,,,,,,,,,,,,,,,,,,,,
153,01010,0,0,0,0,0,,,,,,,,,,,,,,,,,,,,,,,,,,,,,,,
153,01011,0,0,0,0,0,,,,,,,,,,,,,,,,,,,,,,,,,,,,,,,
153,01100,2,1,0,9,2,0.0,0,0,0,0,0,2,2,2,3,3,2,2,2,2,2,0,0,0,0,0,0,0,0,0,0,1.0,1.0,1.0,1.0,1.0
153,01101,0,0,0,0,0,,,,,,,,,,,,,,,,,,,,,,,,,,,,,,,
153,01110,2,1,0,6,2,0.0,0,0,0,0,0,1,1,1,1,1,1,1,1,1,1,1,1,1,1,1,0,0,0,0,0,1.0,1.0,1.0,1.0,1.0
153,01111,4,1,8,17,4,0.0,0,0,0,0,0,1,1,1,1,2,1,1,1,1,2,1,1,2,2,2,1,1,2,2,3,0.625,0.625,0.6666666666666666,0.7142857142857143,0.75
153,10000,3,1,0,3,3,0.0,1,1,1,1,1,0,0,0,0,0,0,0,0,0,0,0,0,0,0,0,0,0,0,0,0,1.0,1.0,1.0,1.0,1.0
153,10001,2,1,2,3,2,0.0,1,1,1,2,2,0,0,0,0,0,0,0,0,0,0,0,0,0,0,0,1,1,1,1,1,0.5,0.5,0.5,0.6666666666666666,0.6666666666666666
153,10010,0,0,0,0,0,,,,,,,,,,,,,,,,,,,,,,,,,,,,,,,
153,10011,3,1,4,11,3,0.0,1,1,2,2,2,0,0,0,0,0,0,0,0,0,0,1,1,2,3,3,1,1,1,2,2,0.6666666666666666,0.6666666666666666,0.75,0.8,0.8
153,10100,1,1,0,2,1,0.0,1,1,1,1,1,0,0,0,0,0,1,1,1,1,1,0,0,0,0,0,0,0,0,0,0,1.0,1.0,1.0,1.0,1.0
153,10101,0,0,0,0,0,,,,,,,,,,,,,,,,,,,,,,,,,,,,,,,
153,10110,0,0,0,0,0,,,,,,,,,,,,,,,,,,,,,,,,,,,,,,,
153,10111,0,0,0,0,0,,,,,,,,,,,,,,,,,,,,,,,,,,,,,,,
153,11000,3,1,0,9,3,0.0,1,1,1,3,3,1,1,1,2,2,0,0,0,0,0,0,0,0,0,0,0,0,0,0,0,1.0,1.0,1.0,1.0,1.0
153,11001,3,1,6,10,3,0.0,1,1,2,2,2,1,1,2,2,2,0,0,0,0,0,0,0,0,0,0,1,1,2,3,3,0.4,0.4,0.6666666666666666,0.8,0.8
153,11010,1,1,0,3,1,0.0,1,1,1,1,1,1,1,1,1,1,0,0,0,0,0,1,1,1,1,1,0,0,0,0,0,1.0,1.0,1.0,1.0,1.0
153,11011,0,0,0,0,0,,,,,,,,,,,,,,,,,,,,,,,,,,,,,,,
153,11100,4,1,0,15,4,0.0,1,1,1,1,2,1,1,1,1,2,1,1,1,1,2,0,0,0,0,0,0,0,0,0,0,1.0,1.0,1.0,1.0,1.0
153,11101,1,1,1,4,1,0.0,2,2,2,2,2,1,1,1,1,1,1,1,1,1,1,0,0,0,0,0,1,1,1,1,1,0.8,0.8,0.8,0.8,0.8
153,11110,3,1,0,17,3,0.0,1,1,1,2,2,1,1,2,2,2,1,1,1,2,2,1,1,1,2,2,0,0,0,0,0,1.0,1.0,1.0,1.0,1.0
153,11111,107,1,3222,11232,107,0.0,1,3,6,28,114,1,3,7,29,117,1,3,7,33,130,1,3,9,34,141,1,4,9,34,144,0.6875,0.7659574468085106,0.7777777777777778,0.8034682080924855,0.8888888888888888
169,00000,407,1,0,0,0,1.0,0,0,0,0,0,0,0,0,0,0,0,0,0,0,0,0,0,0,0,0,0,0,0,0,0,,,,,
169,00001,5,1,7,0,5,0.0,0,0,0,0,0,0,0,0,0,0,0,0,0,0,0,0,0,0,0,0,1,1,1,1,3,0.0,0.0,0.0,0.0,0.0
169,00010,5,1,0,6,5,0.0,0,0,0,0,0,0,0,0,0,0,0,0,0,0,0,1,1,1,1,2,0,0,0,0,0,1.0,1.0,1.0,1.0,1.0
169,00011,4,1,110,6,4,0.0,0,0,0,0,0,0,0,0,0,0,0,0,0,0,0,1,1,1,1,3,1,1,1,2,106,0.027522935779816515,0.027522935779816515,0.3333333333333333,0.5,0.5
169,00100,3,1,0,3,3,0.0,0,0,0,0,0,0,0,0,0,0,1,1,1,1,1,0,0,0,0,0,0,0,0,0,0,1.0,1.0,1.0,1.0,1.0
169,00101,2,1,2,3,2,0.0,0,0,0,0,0,0,0,0,0,0,1,1,1,2,2,0,0,0,0,0,1,1,1,1,1,0.5,0.5,0.5,0.6666666666666666,0.6666666666666666
169,00110,3,1,0,6,3,0.0,0,0,0,0,0,0,0,0,0,0,1,1,1,1,1,1,1,1,1,1,0,0,0,0,0,1.0,1.0,1.0,1.0,1.0
169,00111,5,1,201,123,5,0.0,0,0,0,0,0,0,0,0,0,0,1,1,1,3,3,2,2,2,2,106,1,1,1,7,191,0.3,0.36333333333333334,0.75,0.75,0.8333333333333334
169,01000,4,1,0,4,4,0.0,0,0,0,0,0,1,1,1,1,1,0,0,0,0,0,0,0,0,0,0,0,0,0,0,0,1.0,1.0,1.0,1.0,1.0
169,01001,1,1,1,1,1,0.0,0,0,0,0,0,1,1,1,1,1,0,0,0,0,0,0,0,0,0,0,1,1,1,1,1,0.5,0.5,0.5,0.5,0.5
169,01010,0,0,0,0,0,,,,,,,,,,,,,,,,,,,,,,,,,,,,,,,
169,01011,3,1,6,8,3,0.0,0,0,0,0,0,1,1,1,2,2,0,0,0,0,0,1,1,1,2,2,1,1,1,4,4,0.3333333333333333,0.3333333333333333,0.75,0.75,0.75
169,01100,4,1,0,11,4,0.0,0,0,0,0,0,1,1,1,1,1,1,1,1,1,4,0,0,0,0,0,0,0,0,0,0,1.0,1.0,1.0,1.0,1.0
169,01101,3,1,4,8,3,0.0,0,0,0,0,0,1,1,2,2,2,1,1,1,1,1,0,0,0,0,0,1,1,1,2,2,0.6,0.6,0.6666666666666666,0.75,0.75
169,01110,2,1,0,10,2,0.0,0,0,0,0,0,1,1,1,3,3,2,2,2,2,2,1,1,1,1,1,0,0,0,0,0,1.0,1.0,1.0,1.0,1.0
169,01111,4,1,144,322,4,0.0,0,0,0,0,0,1,1,1,2,3,2,2,2,3,106,1,1,3,7,191,1,1,2,7,134,0.5882352941176471,0.5882352941176471,0.6912442396313364,0.8,0.8
169,10000,5,1,0,7,5,0.0,1,1,1,1,3,0,0,0,0,0,0,0,0,0,0,0,0,0,0,0,0,0,0,0,0,1.0,1.0,1.0,1.0,1.0
169,10001,4,1,5,4,4,0.0,1,1,1,1,1,0,0,0,0,0,0,0,0,0,0,0,0,0,0,0,1,1,1,1,2,0.3333333333333333,0.3333333333333333,0.5,0.5,0.5
169,10010,0,0,0,0,0,,,,,,,,,,,,,,,,,,,,,,,,,,,,,,,
169,10011,4,1,7,14,4,0.0,1,1,1,2,4,0,0,0,0,0,0,0,0,0,0,1,1,1,1,3,1,1,2,2,2,0.5,0.5,0.6,0.6666666666666666,0.7777777777777778
169,10100,2,1,0,4,2,0.0,1,1,1,1,1,0,0,0,0,0,1,1,1,1,1,0,0,0,0,0,0,0,0,0,0,1.0,1.0,1.0,1.0,1.0
169,10101,1,1,2,2,1,0.0,1,1,1,1,1,0,0,0,0,0,1,1,1,1,1,0,0,0,0,0,2,2,2,2,2,0.5,0.5,0.5,0.5,0.5
169,10110,4,1,0,18,4,0.0,1,1,1,1,2,0,0,0,0,0,1,1,1,2,2,1,1,1,1,4,0,0,0,0,0,1.0,1.0,1.0,1.0,1.0
169,10111,1,1,3,6,1,0.0,1,1,1,1,1,0,0,0,0,0,2,2,2,2,2,3,3,3,3,3,3,3,3,3,3,0.6666666666666666,0.6666666666666666,0.6666666666666666,0.6666666666666666,0.6666666666666666
169,11000,5,1,0,38,5,0.0,1,1,1,7,21,1,1,1,1,3,0,0,0,0,0,0,0,0,0,0,0,0,0,0,0,1.0,1.0,1.0,1.0,1.0
169,11001,3,1,5,10,3,0.0,1,1,1,1,1,1,1,2,4,4,0,0,0,0,0,0,0,0,0,0,1,1,1,3,3,0.625,0.625,0.6666666666666666,0.75,0.75
169,11010,3,1,0,11,3,0.0,1,1,2,2,2,1,1,1,1,1,0,0,0,0,0,1,1,1,1,1,0,0,0,0,0,1.0,1.0,1.0,1.0,1.0
169,11011,2,1,4,10,2,0.0,2,2,2,2,2,1,1,1,1,1,0,0,0,0,0,2,2,2,2,2,1,1,1,3,3,0.625,0.625,0.625,0.8333333333333334,0.8333333333333334
169,11100,4,1,0,180,4,0.0,2,2,2,7,132,1,1,1,7,21,1,1,1,2,3,0,0,0,0,0,0,0,0,0,0,1.0,1.0,1.0,1.0,1.0
169,11101,2,1,3,10,2,0.0,1,1,1,3,3,2,2,2,2,2,1,1,1,1,1,0,0,0,0,0,1,1,1,2,2,0.6666666666666666,0.6666666666666666,0.6666666666666666,0.8571428571428571,0.8571428571428571
169,11110,4,1,0,394,4,0.0,1,1,2,2,209,2,2,2,7,132,1,1,1,7,21,1,1,1,2,3,0,0,0,0,0,1.0,1.0,1.0,1.0,1.0
169,11111,97,1,1997,8785,97,0.0,1,3,7,20,106,1,3,8,21,110,1,3,8,21,132,1,3,8,21,110,1,3,7,20,104,0.6764705882352942,0.75,0.813953488372093,0.8508771929824561,0.9333333333333333
