序列,阶段,首帧,末帧,长度（帧）,左边界截断,右边界截断
125,连续可见段,0,169,170,1,0
125,可见间断段,170,213,44,0,0
125,连续可见段,214,254,41,0,1
137,未见回波前缀,0,229,230,1,0
137,连续可见段,230,231,2,0,0
137,可见间断段,232,239,8,0,0
137,连续可见段,240,241,2,0,0
137,可见间断段,242,247,6,0,0
137,连续可见段,248,248,1,0,0
137,可见间断段,249,250,2,0,0
137,连续可见段,251,252,2,0,0
137,可见间断段,253,258,6,0,0
137,连续可见段,259,263,5,0,0
137,可见间断段,264,270,7,0,0
137,连续可见段,271,273,3,0,0
137,可见间断段,274,277,4,0,0
137,连续可见段,278,280,3,0,0
137,可见间断段,281,281,1,0,0
137,连续可见段,282,289,8,0,0
137,可见间断段,290,290,1,0,0
137,连续可见段,291,295,5,0,0
137,可见间断段,296,297,2,0,0
137,连续可见段,298,299,2,0,0
137,可见间断段,300,300,1,0,0
137,连续可见段,301,357,57,0,0
137,可见间断段,358,382,25,0,0
137,连续可见段,383,406,24,0,0
137,可见间断段,407,407,1,0,0
137,连续可见段,408,414,7,0,0
137,可见间断段,415,415,1,0,0
137,连续可见段,416,418,3,0,0
137,可见间断段,419,419,1,0,0
137,连续可见段,420,427,8,0,0
137,可见间断段,428,428,1,0,0
137,连续可见段,429,433,5,0,0
137,可见间断段,434,435,2,0,0
137,连续可见段,436,441,6,0,0
137,可见间断段,442,442,1,0,0
137,连续可见段,443,444,2,0,0
137,可见间断段,445,445,1,0,0
137,连续可见段,446,449,4,0,0
137,可见间断段,450,452,3,0,0
137,连续可见段,453,453,1,0,0
137,最终无回波尾段,454,559,106,0,1
138,未见回波前缀,0,254,255,1,0
138,连续可见段,255,255,1,0,0
138,可见间断段,256,260,5,0,0
138,连续可见段,261,261,1,0,0
138,可见间断段,262,283,22,0,0
138,连续可见段,284,284,1,0,0
138,可见间断段,285,293,9,0,0
138,连续可见段,294,302,9,0,0
138,可见间断段,303,304,2,0,0
138,连续可见段,305,306,2,0,0
138,可见间断段,307,307,1,0,0
138,连续可见段,308,320,13,0,0
138,可见间断段,321,321,1,0,0
138,连续可见段,322,373,52,0,0
138,可见间断段,374,389,16,0,0
138,连续可见段,390,434,45,0,0
138,可见间断段,435,435,1,0,0
138,连续可见段,436,457,22,0,0
138,可见间断段,458,458,1,0,0
138,连续可见段,459,461,3,0,0
138,可见间断段,462,462,1,0,0
138,连续可见段,463,464,2,0,0
138,可见间断段,465,466,2,0,0
138,连续可见段,467,467,1,0,0
138,可见间断段,468,468,1,0,0
138,连续可见段,469,471,3,0,0
138,最终无回波尾段,472,515,44,0,1
139,未见回波前缀,0,186,187,1,0
139,连续可见段,187,187,1,0,0
139,可见间断段,188,198,11,0,0
139,连续可见段,199,199,1,0,0
139,可见间断段,200,201,2,0,0
139,连续可见段,202,203,2,0,0
139,可见间断段,204,206,3,0,0
139,连续可见段,207,207,1,0,0
139,可见间断段,208,215,8,0,0
139,连续可见段,216,216,1,0,0
139,可见间断段,217,217,1,0,0
139,连续可见段,218,218,1,0,0
139,可见间断段,219,221,3,0,0
139,连续可见段,222,225,4,0,0
139,可见间断段,226,226,1,0,0
139,连续可见段,227,229,3,0,0
139,可见间断段,230,231,2,0,0
139,连续可见段,232,233,2,0,0
139,可见间断段,234,234,1,0,0
139,连续可见段,235,241,7,0,0
139,可见间断段,242,243,2,0,0
139,连续可见段,244,247,4,0,0
139,可见间断段,248,248,1,0,0
139,连续可见段,249,361,113,0,0
139,可见间断段,362,377,16,0,0
139,连续可见段,378,441,64,0,0
139,可见间断段,442,442,1,0,0
139,连续可见段,443,443,1,0,0
139,最终无回波尾段,444,541,98,0,1
140,未见回波前缀,0,163,164,1,0
140,连续可见段,164,164,1,0,0
140,可见间断段,165,176,12,0,0
140,连续可见段,177,177,1,0,0
140,可见间断段,178,178,1,0,0
140,连续可见段,179,179,1,0,0
140,可见间断段,180,180,1,0,0
140,连续可见段,181,181,1,0,0
140,可见间断段,182,186,5,0,0
140,连续可见段,187,187,1,0,0
140,可见间断段,188,189,2,0,0
140,连续可见段,190,190,1,0,0
140,可见间断段,191,194,4,0,0
140,连续可见段,195,196,2,0,0
140,可见间断段,197,199,3,0,0
140,连续可见段,200,201,2,0,0
140,可见间断段,202,206,5,0,0
140,连续可见段,207,207,1,0,0
140,可见间断段,208,208,1,0,0
140,连续可见段,209,210,2,0,0
140,可见间断段,211,211,1,0,0
140,连续可见段,212,213,2,0,0
140,可见间断段,214,215,2,0,0
140,连续可见段,216,223,8,0,0
140,可见间断段,224,225,2,0,0
140,连续可见段,226,226,1,0,0
140,可见间断段,227,227,1,0,0
140,连续可见段,228,234,7,0,0
140,可见间断段,235,235,1,0,0
140,连续可见段,236,306,71,0,0
140,可见间断段,307,326,20,0,0
140,连续可见段,327,365,39,0,0
140,可见间断段,366,366,1,0,0
140,连续可见段,367,377,11,0,0
140,可见间断段,378,378,1,0,0
140,连续可见段,379,386,8,0,0
140,可见间断段,387,389,3,0,0
140,连续可见段,390,401,12,0,0
140,可见间断段,402,402,1,0,0
140,连续可见段,403,404,2,0,0
140,可见间断段,405,405,1,0,0
140,连续可见段,406,406,1,0,0
140,可见间断段,407,407,1,0,0
140,连续可见段,408,408,1,0,0
140,最终无回波尾段,409,480,72,0,1
141,未见回波前缀,0,194,195,1,0
141,连续可见段,195,196,2,0,0
141,可见间断段,197,197,1,0,0
141,连续可见段,198,198,1,0,0
141,可见间断段,199,200,2,0,0
141,连续可见段,201,201,1,0,0
141,可见间断段,202,204,3,0,0
141,连续可见段,205,206,2,0,0
141,可见间断段,207,207,1,0,0
141,连续可见段,208,208,1,0,0
141,可见间断段,209,215,7,0,0
141,连续可见段,216,216,1,0,0
141,可见间断段,217,221,5,0,0
141,连续可见段,222,407,186,0,0
141,可见间断段,408,453,46,0,0
141,连续可见段,454,640,187,0,0
141,最终无回波尾段,641,696,56,0,1
142,未见回波前缀,0,220,221,1,0
142,连续可见段,221,221,1,0,0
142,可见间断段,222,224,3,0,0
142,连续可见段,225,225,1,0,0
142,可见间断段,226,227,2,0,0
142,连续可见段,228,228,1,0,0
142,可见间断段,229,231,3,0,0
142,连续可见段,232,233,2,0,0
142,可见间断段,234,235,2,0,0
142,连续可见段,236,236,1,0,0
142,可见间断段,237,240,4,0,0
142,连续可见段,241,241,1,0,0
142,可见间断段,242,248,7,0,0
142,连续可见段,249,249,1,0,0
142,可见间断段,250,252,3,0,0
142,连续可见段,253,257,5,0,0
142,可见间断段,258,262,5,0,0
142,连续可见段,263,266,4,0,0
142,可见间断段,267,267,1,0,0
142,连续可见段,268,271,4,0,0
142,可见间断段,272,272,1,0,0
142,连续可见段,273,276,4,0,0
142,可见间断段,277,278,2,0,0
142,连续可见段,279,282,4,0,0
142,可见间断段,283,283,1,0,0
142,连续可见段,284,288,5,0,0
142,可见间断段,289,289,1,0,0
142,连续可见段,290,290,1,0,0
142,可见间断段,291,291,1,0,0
142,连续可见段,292,294,3,0,0
142,可见间断段,295,295,1,0,0
142,连续可见段,296,401,106,0,0
142,可见间断段,402,402,1,0,0
142,连续可见段,403,404,2,0,0
142,可见间断段,405,405,1,0,0
142,连续可见段,406,406,1,0,0
142,可见间断段,407,408,2,0,0
142,连续可见段,409,410,2,0,0
142,可见间断段,411,412,2,0,0
142,连续可见段,413,413,1,0,0
142,可见间断段,414,416,3,0,0
142,连续可见段,417,417,1,0,0
142,可见间断段,418,421,4,0,0
142,连续可见段,422,425,4,0,0
142,可见间断段,426,427,2,0,0
142,连续可见段,428,428,1,0,0
142,可见间断段,429,430,2,0,0
142,连续可见段,431,431,1,0,0
142,可见间断段,432,437,6,0,0
142,连续可见段,438,439,2,0,0
142,可见间断段,440,440,1,0,0
142,连续可见段,441,441,1,0,0
142,最终无回波尾段,442,536,95,0,1
143,未见回波前缀,0,163,164,1,0
143,连续可见段,164,164,1,0,0
143,可见间断段,165,173,9,0,0
143,连续可见段,174,174,1,0,0
143,可见间断段,175,176,2,0,0
143,连续可见段,177,178,2,0,0
143,可见间断段,179,180,2,0,0
143,连续可见段,181,181,1,0,0
143,可见间断段,182,182,1,0,0
143,连续可见段,183,183,1,0,0
143,可见间断段,184,184,1,0,0
143,连续可见段,185,185,1,0,0
143,可见间断段,186,188,3,0,0
143,连续可见段,189,191,3,0,0
143,可见间断段,192,213,22,0,0
143,连续可见段,214,279,66,0,0
143,可见间断段,280,309,30,0,0
143,连续可见段,310,382,73,0,0
143,可见间断段,383,383,1,0,0
143,连续可见段,384,384,1,0,0
143,可见间断段,385,385,1,0,0
143,连续可见段,386,391,6,0,0
143,可见间断段,392,392,1,0,0
143,连续可见段,393,396,4,0,0
143,可见间断段,397,398,2,0,0
143,连续可见段,399,402,4,0,0
143,可见间断段,403,404,2,0,0
143,连续可见段,405,405,1,0,0
143,可见间断段,406,407,2,0,0
143,连续可见段,408,408,1,0,0
143,可见间断段,409,412,4,0,0
143,连续可见段,413,413,1,0,0
143,可见间断段,414,414,1,0,0
143,连续可见段,415,415,1,0,0
143,可见间断段,416,420,5,0,0
143,连续可见段,421,426,6,0,0
143,最终无回波尾段,427,468,42,0,1
144,未见回波前缀,0,115,116,1,0
144,连续可见段,116,116,1,0,0
144,可见间断段,117,129,13,0,0
144,连续可见段,130,130,1,0,0
144,可见间断段,131,135,5,0,0
144,连续可见段,136,136,1,0,0
144,可见间断段,137,141,5,0,0
144,连续可见段,142,142,1,0,0
144,可见间断段,143,146,4,0,0
144,连续可见段,147,147,1,0,0
144,可见间断段,148,153,6,0,0
144,连续可见段,154,155,2,0,0
144,可见间断段,156,156,1,0,0
144,连续可见段,157,157,1,0,0
144,可见间断段,158,158,1,0,0
144,连续可见段,159,160,2,0,0
144,可见间断段,161,162,2,0,0
144,连续可见段,163,164,2,0,0
144,可见间断段,165,166,2,0,0
144,连续可见段,167,167,1,0,0
144,可见间断段,168,170,3,0,0
144,连续可见段,171,171,1,0,0
144,可见间断段,172,172,1,0,0
144,连续可见段,173,173,1,0,0
144,可见间断段,174,177,4,0,0
144,连续可见段,178,180,3,0,0
144,可见间断段,181,181,1,0,0
144,连续可见段,182,183,2,0,0
144,可见间断段,184,184,1,0,0
144,连续可见段,185,186,2,0,0
144,可见间断段,187,187,1,0,0
144,连续可见段,188,195,8,0,0
144,可见间断段,196,196,1,0,0
144,连续可见段,197,322,126,0,1
145,未见回波前缀,0,129,130,1,0
145,连续可见段,130,130,1,0,0
145,可见间断段,131,142,12,0,0
145,连续可见段,143,143,1,0,0
145,可见间断段,144,147,4,0,0
145,连续可见段,148,148,1,0,0
145,可见间断段,149,153,5,0,0
145,连续可见段,154,154,1,0,0
145,可见间断段,155,160,6,0,0
145,连续可见段,161,161,1,0,0
145,可见间断段,162,168,7,0,0
145,连续可见段,169,169,1,0,0
145,可见间断段,170,172,3,0,0
145,连续可见段,173,173,1,0,0
145,可见间断段,174,176,3,0,0
145,连续可见段,177,177,1,0,0
145,可见间断段,178,180,3,0,0
145,连续可见段,181,181,1,0,0
145,可见间断段,182,182,1,0,0
145,连续可见段,183,183,1,0,0
145,可见间断段,184,189,6,0,0
145,连续可见段,190,190,1,0,0
145,可见间断段,191,191,1,0,0
145,连续可见段,192,194,3,0,0
145,可见间断段,195,195,1,0,0
145,连续可见段,196,201,6,0,0
145,可见间断段,202,203,2,0,0
145,连续可见段,204,336,133,0,1
146,未见回波前缀,0,244,245,1,0
146,连续可见段,245,245,1,0,0
146,可见间断段,246,247,2,0,0
146,连续可见段,248,248,1,0,0
146,可见间断段,249,251,3,0,0
146,连续可见段,252,252,1,0,0
146,可见间断段,253,255,3,0,0
146,连续可见段,256,257,2,0,0
146,可见间断段,258,260,3,0,0
146,连续可见段,261,262,2,0,0
146,可见间断段,263,263,1,0,0
146,连续可见段,264,265,2,0,0
146,可见间断段,266,266,1,0,0
146,连续可见段,267,269,3,0,0
146,可见间断段,270,270,1,0,0
146,连续可见段,271,272,2,0,0
146,可见间断段,273,273,1,0,0
146,连续可见段,274,279,6,0,0
146,可见间断段,280,281,2,0,0
146,连续可见段,282,373,92,0,1
147,未见回波前缀,0,119,120,1,0
147,连续可见段,120,120,1,0,0
147,可见间断段,121,122,2,0,0
147,连续可见段,123,123,1,0,0
147,可见间断段,124,124,1,0,0
147,连续可见段,125,126,2,0,0
147,可见间断段,127,132,6,0,0
147,连续可见段,133,133,1,0,0
147,可见间断段,134,142,9,0,0
147,连续可见段,143,143,1,0,0
147,可见间断段,144,148,5,0,0
147,连续可见段,149,149,1,0,0
147,可见间断段,150,152,3,0,0
147,连续可见段,153,153,1,0,0
147,可见间断段,154,154,1,0,0
147,连续可见段,155,155,1,0,0
147,可见间断段,156,156,1,0,0
147,连续可见段,157,157,1,0,0
147,可见间断段,158,159,2,0,0
147,连续可见段,160,163,4,0,0
147,可见间断段,164,165,2,0,0
147,连续可见段,166,169,4,0,0
147,可见间断段,170,170,1,0,0
147,连续可见段,171,172,2,0,0
147,可见间断段,173,177,5,0,0
147,连续可见段,178,179,2,0,0
147,可见间断段,180,180,1,0,0
147,连续可见段,181,182,2,0,0
147,可见间断段,183,183,1,0,0
147,连续可见段,184,186,3,0,0
147,可见间断段,187,187,1,0,0
147,连续可见段,188,198,11,0,0
147,可见间断段,199,199,1,0,0
147,连续可见段,200,287,88,0,0
147,可见间断段,288,321,34,0,0
147,连续可见段,322,384,63,0,0
147,可见间断段,385,385,1,0,0
147,连续可见段,386,400,15,0,1
148,未见回波前缀,0,28,29,1,0
148,连续可见段,29,29,1,0,0
148,可见间断段,30,31,2,0,0
148,连续可见段,32,33,2,0,0
148,可见间断段,34,34,1,0,0
148,连续可见段,35,35,1,0,0
148,可见间断段,36,38,3,0,0
148,连续可见段,39,41,3,0,0
148,可见间断段,42,44,3,0,0
148,连续可见段,45,45,1,0,0
148,可见间断段,46,48,3,0,0
148,连续可见段,49,50,2,0,0
148,可见间断段,51,54,4,0,0
148,连续可见段,55,55,1,0,0
148,可见间断段,56,56,1,0,0
148,连续可见段,57,60,4,0,0
148,可见间断段,61,61,1,0,0
148,连续可见段,62,64,3,0,0
148,可见间断段,65,68,4,0,0
148,连续可见段,69,75,7,0,0
148,可见间断段,76,81,6,0,0
148,连续可见段,82,89,8,0,0
148,可见间断段,90,92,3,0,0
148,连续可见段,93,97,5,0,0
148,可见间断段,98,98,1,0,0
148,连续可见段,99,199,101,0,0
148,可见间断段,200,264,65,0,0
148,连续可见段,265,345,81,0,0
148,可见间断段,346,346,1,0,0
148,连续可见段,347,356,10,0,0
148,可见间断段,357,357,1,0,0
148,连续可见段,358,358,1,0,0
148,可见间断段,359,359,1,0,0
148,连续可见段,360,360,1,0,0
148,可见间断段,361,361,1,0,0
148,连续可见段,362,362,1,0,0
148,可见间断段,363,367,5,0,0
148,连续可见段,368,368,1,0,0
148,最终无回波尾段,369,601,233,0,1
149,未见回波前缀,0,51,52,1,0
149,连续可见段,52,53,2,0,0
149,可见间断段,54,57,4,0,0
149,连续可见段,58,58,1,0,0
149,可见间断段,59,63,5,0,0
149,连续可见段,64,64,1,0,0
149,可见间断段,65,75,11,0,0
149,连续可见段,76,76,1,0,0
149,可见间断段,77,80,4,0,0
149,连续可见段,81,81,1,0,0
149,可见间断段,82,83,2,0,0
149,连续可见段,84,84,1,0,0
149,可见间断段,85,88,4,0,0
149,连续可见段,89,89,1,0,0
149,可见间断段,90,90,1,0,0
149,连续可见段,91,91,1,0,0
149,可见间断段,92,93,2,0,0
149,连续可见段,94,94,1,0,0
149,可见间断段,95,95,1,0,0
149,连续可见段,96,98,3,0,0
149,可见间断段,99,99,1,0,0
149,连续可见段,100,101,2,0,0
149,可见间断段,102,103,2,0,0
149,连续可见段,104,105,2,0,0
149,可见间断段,106,107,2,0,0
149,连续可见段,108,108,1,0,0
149,可见间断段,109,109,1,0,0
149,连续可见段,110,111,2,0,0
149,可见间断段,112,112,1,0,0
149,连续可见段,113,125,13,0,0
149,可见间断段,126,126,1,0,0
149,连续可见段,127,212,86,0,0
149,可见间断段,213,231,19,0,0
149,连续可见段,232,311,80,0,0
149,可见间断段,312,312,1,0,0
149,连续可见段,313,313,1,0,0
149,可见间断段,314,315,2,0,0
149,连续可见段,316,316,1,0,0
149,可见间断段,317,318,2,0,0
149,连续可见段,319,319,1,0,0
149,可见间断段,320,320,1,0,0
149,连续可见段,321,323,3,0,0
149,可见间断段,324,324,1,0,0
149,连续可见段,325,326,2,0,0
149,可见间断段,327,328,2,0,0
149,连续可见段,329,329,1,0,0
149,最终无回波尾段,330,377,48,0,1
150,未见回波前缀,0,38,39,1,0
150,连续可见段,39,39,1,0,0
150,可见间断段,40,68,29,0,0
150,连续可见段,69,69,1,0,0
150,可见间断段,70,74,5,0,0
150,连续可见段,75,75,1,0,0
150,可见间断段,76,77,2,0,0
150,连续可见段,78,78,1,0,0
150,可见间断段,79,79,1,0,0
150,连续可见段,80,82,3,0,0
150,可见间断段,83,83,1,0,0
150,连续可见段,84,92,9,0,0
150,可见间断段,93,94,2,0,0
150,连续可见段,95,100,6,0,0
150,可见间断段,101,101,1,0,0
150,连续可见段,102,110,9,0,0
150,可见间断段,111,111,1,0,0
150,连续可见段,112,231,120,0,0
150,可见间断段,232,259,28,0,0
150,连续可见段,260,375,116,0,0
150,最终无回波尾段,376,504,129,0,1
151,未见回波前缀,0,116,117,1,0
151,连续可见段,117,117,1,0,0
151,可见间断段,118,124,7,0,0
151,连续可见段,125,125,1,0,0
151,可见间断段,126,126,1,0,0
151,连续可见段,127,127,1,0,0
151,可见间断段,128,129,2,0,0
151,连续可见段,130,131,2,0,0
151,可见间断段,132,136,5,0,0
151,连续可见段,137,137,1,0,0
151,可见间断段,138,144,7,0,0
151,连续可见段,145,147,3,0,0
151,可见间断段,148,149,2,0,0
151,连续可见段,150,155,6,0,0
151,可见间断段,156,157,2,0,0
151,连续可见段,158,158,1,0,0
151,可见间断段,159,160,2,0,0
151,连续可见段,161,163,3,0,0
151,可见间断段,164,167,4,0,0
151,连续可见段,168,173,6,0,0
151,可见间断段,174,174,1,0,0
151,连续可见段,175,176,2,0,0
151,可见间断段,177,177,1,0,0
151,连续可见段,178,183,6,0,0
151,可见间断段,184,184,1,0,0
151,连续可见段,185,276,92,0,1
152,未见回波前缀,0,179,180,1,0
152,连续可见段,180,180,1,0,0
152,可见间断段,181,183,3,0,0
152,连续可见段,184,184,1,0,0
152,可见间断段,185,193,9,0,0
152,连续可见段,194,194,1,0,0
152,可见间断段,195,218,24,0,0
152,连续可见段,219,220,2,0,0
152,可见间断段,221,222,2,0,0
152,连续可见段,223,224,2,0,0
152,可见间断段,225,225,1,0,0
152,连续可见段,226,227,2,0,0
152,可见间断段,228,229,2,0,0
152,连续可见段,230,234,5,0,0
152,可见间断段,235,235,1,0,0
152,连续可见段,236,236,1,0,0
152,可见间断段,237,237,1,0,0
152,连续可见段,238,238,1,0,0
152,可见间断段,239,240,2,0,0
152,连续可见段,241,241,1,0,0
152,可见间断段,242,247,6,0,0
152,连续可见段,248,249,2,0,0
152,可见间断段,250,250,1,0,0
152,连续可见段,251,251,1,0,0
152,可见间断段,252,252,1,0,0
152,连续可见段,253,256,4,0,0
152,可见间断段,257,257,1,0,0
152,连续可见段,258,261,4,0,0
152,可见间断段,262,262,1,0,0
152,连续可见段,263,263,1,0,0
152,可见间断段,264,264,1,0,0
152,连续可见段,265,267,3,0,0
152,可见间断段,268,268,1,0,0
152,连续可见段,269,271,3,0,0
152,可见间断段,272,272,1,0,0
152,连续可见段,273,274,2,0,0
152,可见间断段,275,275,1,0,0
152,连续可见段,276,279,4,0,0
152,可见间断段,280,280,1,0,0
152,连续可见段,281,371,91,0,0
152,可见间断段,372,394,23,0,0
152,连续可见段,395,447,53,0,0
152,可见间断段,448,449,2,0,0
152,连续可见段,450,451,2,0,0
152,可见间断段,452,452,1,0,0
152,连续可见段,453,457,5,0,0
152,可见间断段,458,458,1,0,0
152,连续可见段,459,461,3,0,0
152,可见间断段,462,466,5,0,0
152,连续可见段,467,469,3,0,0
152,最终无回波尾段,470,533,64,0,1
153,未见回波前缀,0,96,97,1,0
153,连续可见段,97,97,1,0,0
153,可见间断段,98,115,18,0,0
153,连续可见段,116,118,3,0,0
153,可见间断段,119,121,3,0,0
153,连续可见段,122,125,4,0,0
153,可见间断段,126,129,4,0,0
153,连续可见段,130,135,6,0,0
153,可见间断段,136,136,1,0,0
153,连续可见段,137,137,1,0,0
153,可见间断段,138,141,4,0,0
153,连续可见段,142,143,2,0,0
153,可见间断段,144,145,2,0,0
153,连续可见段,146,148,3,0,0
153,可见间断段,149,150,2,0,0
153,连续可见段,151,152,2,0,0
153,可见间断段,153,155,3,0,0
153,连续可见段,156,159,4,0,0
153,可见间断段,160,161,2,0,0
153,连续可见段,162,270,109,0,1
169,未见回波前缀,0,260,261,1,0
169,连续可见段,261,261,1,0,0
169,可见间断段,262,268,7,0,0
169,连续可见段,269,270,2,0,0
169,可见间断段,271,271,1,0,0
169,连续可见段,272,272,1,0,0
169,可见间断段,273,273,1,0,0
169,连续可见段,274,275,2,0,0
169,可见间断段,276,276,1,0,0
169,连续可见段,277,277,1,0,0
169,可见间断段,278,280,3,0,0
169,连续可见段,281,281,1,0,0
169,可见间断段,282,282,1,0,0
169,连续可见段,283,284,2,0,0
169,可见间断段,285,289,5,0,0
169,连续可见段,290,292,3,0,0
169,可见间断段,293,293,1,0,0
169,连续可见段,294,295,2,0,0
169,可见间断段,296,296,1,0,0
169,连续可见段,297,356,60,0,0
169,可见间断段,357,362,6,0,0
169,连续可见段,363,406,44,0,0
169,可见间断段,407,408,2,0,0
169,连续可见段,409,412,4,0,0
169,可见间断段,413,414,2,0,0
169,连续可见段,415,419,5,0,0
169,可见间断段,420,422,3,0,0
169,连续可见段,423,423,1,0,0
169,可见间断段,424,424,1,0,0
169,连续可见段,425,426,2,0,0
169,可见间断段,427,428,2,0,0
169,连续可见段,429,431,3,0,0
169,可见间断段,432,432,1,0,0
169,连续可见段,433,433,1,0,0
169,可见间断段,434,435,2,0,0
169,连续可见段,436,437,2,0,0
169,可见间断段,438,440,3,0,0
169,连续可见段,441,442,2,0,0
169,可见间断段,443,445,3,0,0
169,连续可见段,446,446,1,0,0
169,可见间断段,447,452,6,0,0
169,连续可见段,453,453,1,0,0
169,最终无回波尾段,454,599,146,0,1
