池,因素,条件,统计范围,v1分子,v1分母,v1覆盖世界,v1比例,v2分子,v2分母,v2覆盖世界,v2比例,真实分子,真实分母,真实覆盖序列,真实比例,目标参考比例,目标下限,目标上限,v2减目标,残余状态
train,E02,00000,完整五帧窗口,20,3080,5,0.006493506493506494,822,1780,4,0.46179775280898877,4355,8583,19,0.5073983455668182,0.5073983455668182,0.45,0.55,-0.045600592757829406,目标范围内
train,E02,11111,完整五帧窗口,3011,3080,128,0.9775974025974026,778,1780,4,0.4370786516853933,2856,8583,19,0.3327507864383083,0.3327507864383083,0.28,0.38,0.10432786524708498,仍超出目标范围
train,E02,partial,完整五帧窗口,49,3080,9,0.015909090909090907,180,1780,4,0.10112359550561797,1372,8583,19,0.15985086799487358,0.15985086799487358,0.12,0.2,-0.058727272489255605,仍超出目标范围
train,E02,current_absent_history_present,完整五帧窗口,15,3080,4,0.00487012987012987,95,1780,4,0.05337078651685393,687,8583,19,0.0800419433764418,0.0800419433764418,,,-0.026671156859587868,报告实际差异；不要求精确相等
train,G01,count_bin_0|distance_bin_0,完整五帧区间的官方合格当前帧；分箱沿用固定定义,61,3004,10,0.02030625832223702,15,690,2,0.021739130434782608,56,1956,11,0.028629856850715747,0.029698364008179955,,,-0.007959233573397347,报告实际差异；不要求精确相等
train,G01,count_bin_0|distance_bin_1,完整五帧区间的官方合格当前帧；分箱沿用固定定义,60,3004,8,0.019973368841544607,116,690,2,0.1681159420289855,455,1956,18,0.23261758691206544,0.22598670756646216,,,-0.057870765537476665,报告实际差异；不要求精确相等
train,G01,count_bin_0|distance_bin_2,完整五帧区间的官方合格当前帧；分箱沿用固定定义,0,3004,0,0.0,132,690,3,0.19130434782608696,410,1956,16,0.20961145194274028,0.20413087934560328,,,-0.012826531519516321,报告实际差异；不要求精确相等
train,G01,count_bin_0|distance_bin_3,完整五帧区间的官方合格当前帧；分箱沿用固定定义,0,3004,0,0.0,62,690,2,0.08985507246376812,54,1956,4,0.027607361963190184,0.02872699386503067,,,0.061128078598737444,报告实际差异；不要求精确相等
train,G01,count_bin_1|distance_bin_0,完整五帧区间的官方合格当前帧；分箱沿用固定定义,338,3004,35,0.11251664447403462,74,690,2,0.1072463768115942,371,1956,19,0.18967280163599182,0.18518916155419224,,,-0.07794278474259804,报告实际差异；不要求精确相等
train,G01,count_bin_1|distance_bin_1,完整五帧区间的官方合格当前帧；分箱沿用固定定义,170,3004,24,0.05659121171770972,102,690,2,0.14782608695652175,303,1956,14,0.1549079754601227,0.15216257668711655,,,-0.004336489730594806,报告实际差异；不要求精确相等
train,G01,count_bin_1|distance_bin_2,完整五帧区间的官方合格当前帧；分箱沿用固定定义,0,3004,0,0.0,31,690,2,0.04492753623188406,55,1956,1,0.028118609406952964,0.031712678936605315,,,0.013214857295278742,报告实际差异；不要求精确相等
train,G01,count_bin_1|distance_bin_3,完整五帧区间的官方合格当前帧；分箱沿用固定定义,0,3004,0,0.0,0,690,0,0.0,0,1956,0,0.0,0.0025000000000000005,,,-0.0025000000000000005,报告实际差异；不要求精确相等
train,G01,count_bin_2|distance_bin_0,完整五帧区间的官方合格当前帧；分箱沿用固定定义,776,3004,71,0.2583222370173103,91,690,2,0.1318840579710145,247,1956,14,0.12627811860940696,0.12496421267893659,,,0.0069198452920778974,报告实际差异；不要求精确相等
train,G01,count_bin_2|distance_bin_1,完整五帧区间的官方合格当前帧；分箱沿用固定定义,282,3004,34,0.09387483355525965,31,690,1,0.04492753623188406,5,1956,1,0.002556237218813906,0.007428425357873212,,,0.037499110874010845,报告实际差异；不要求精确相等
train,G01,count_bin_2|distance_bin_2,完整五帧区间的官方合格当前帧；分箱沿用固定定义,0,3004,0,0.0,0,690,0,0.0,0,1956,0,0.0,0.0025000000000000005,,,-0.0025000000000000005,报告实际差异；不要求精确相等
train,G01,count_bin_2|distance_bin_3,完整五帧区间的官方合格当前帧；分箱沿用固定定义,0,3004,0,0.0,0,690,0,0.0,0,1956,0,0.0,0.0,,,0.0,报告实际差异；不要求精确相等
train,G01,count_bin_3|distance_bin_0,完整五帧区间的官方合格当前帧；分箱沿用固定定义,1245,3004,73,0.4144474034620506,36,690,1,0.05217391304347826,0,1956,0,0.0,0.0025000000000000005,,,0.049673913043478256,报告实际差异；不要求精确相等
train,G01,count_bin_3|distance_bin_1,完整五帧区间的官方合格当前帧；分箱沿用固定定义,72,3004,12,0.023968042609853527,0,690,0,0.0,0,1956,0,0.0,0.0025000000000000005,,,-0.0025000000000000005,报告实际差异；不要求精确相等
train,G01,count_bin_3|distance_bin_2,完整五帧区间的官方合格当前帧；分箱沿用固定定义,0,3004,0,0.0,0,690,0,0.0,0,1956,0,0.0,0.0,,,0.0,报告实际差异；不要求精确相等
train,G01,count_bin_3|distance_bin_3,完整五帧区间的官方合格当前帧；分箱沿用固定定义,0,3004,0,0.0,0,690,0,0.0,0,1956,0,0.0,0.0,,,0.0,报告实际差异；不要求精确相等
train,C04,at_least_3_normal_neighbors_within_0.5m,全部异常点,409167,3124521,128,0.13095351255440435,30851,70829,4,0.43557017605782944,68155,90739,19,0.7511103274226077,0.7511103274226077,,,-0.3155401513647783,报告实际差异；不要求精确相等
train,B05,reliable_visible_geometry,实例×帧记录,3470,3537,128,0.9810573932711337,536,867,4,0.6182237600922722,1611,4729,19,0.34066398815817295,0.34066398815817295,,,0.27755977193409925,报告实际差异；不要求精确相等
validation,E02,00000,完整五帧窗口,10,2360,3,0.00423728813559322,665,1356,2,0.49041297935103245,4355,8583,19,0.5073983455668182,0.5073983455668182,0.45,0.55,-0.016985366215785724,目标范围内
validation,E02,11111,完整五帧窗口,2312,2360,92,0.9796610169491525,333,1356,2,0.24557522123893805,2856,8583,19,0.3327507864383083,0.3327507864383083,0.28,0.38,-0.08717556519937025,仍超出目标范围
validation,E02,partial,完整五帧窗口,38,2360,8,0.016101694915254237,358,1356,2,0.2640117994100295,1372,8583,19,0.15985086799487358,0.15985086799487358,0.12,0.2,0.10416093141515592,仍超出目标范围
validation,E02,current_absent_history_present,完整五帧窗口,9,2360,4,0.0038135593220338985,206,1356,2,0.15191740412979352,687,8583,19,0.0800419433764418,0.0800419433764418,,,0.07187546075335172,报告实际差异；不要求精确相等
validation,G01,count_bin_0|distance_bin_0,完整五帧区间的官方合格当前帧；分箱沿用固定定义,119,2278,13,0.05223880597014925,0,258,0,0.0,56,1956,11,0.028629856850715747,0.029698364008179955,,,-0.029698364008179955,缺覆盖
validation,G01,count_bin_0|distance_bin_1,完整五帧区间的官方合格当前帧；分箱沿用固定定义,107,2278,10,0.04697102721685689,89,258,1,0.3449612403100775,455,1956,18,0.23261758691206544,0.22598670756646216,,,0.11897453274361536,报告实际差异；不要求精确相等
validation,G01,count_bin_0|distance_bin_2,完整五帧区间的官方合格当前帧；分箱沿用固定定义,15,2278,2,0.006584723441615452,101,258,2,0.39147286821705424,410,1956,16,0.20961145194274028,0.20413087934560328,,,0.18734198887145095,报告实际差异；不要求精确相等
validation,G01,count_bin_0|distance_bin_3,完整五帧区间的官方合格当前帧；分箱沿用固定定义,63,2278,3,0.0276558384547849,2,258,2,0.007751937984496124,54,1956,4,0.027607361963190184,0.02872699386503067,,,-0.020975055880534547,报告实际差异；不要求精确相等
validation,G01,count_bin_1|distance_bin_0,完整五帧区间的官方合格当前帧；分箱沿用固定定义,262,2278,28,0.11501316944688324,0,258,0,0.0,371,1956,19,0.18967280163599182,0.18518916155419224,,,-0.18518916155419224,缺覆盖
validation,G01,count_bin_1|distance_bin_1,完整五帧区间的官方合格当前帧；分箱沿用固定定义,113,2278,15,0.04960491659350307,56,258,1,0.21705426356589147,303,1956,14,0.1549079754601227,0.15216257668711655,,,0.06489168687877492,报告实际差异；不要求精确相等
validation,G01,count_bin_1|distance_bin_2,完整五帧区间的官方合格当前帧；分箱沿用固定定义,68,2278,4,0.029850746268656716,10,258,1,0.03875968992248062,55,1956,1,0.028118609406952964,0.031712678936605315,,,0.007047010985875304,报告实际差异；不要求精确相等
validation,G01,count_bin_1|distance_bin_3,完整五帧区间的官方合格当前帧；分箱沿用固定定义,66,2278,3,0.02897278314310799,0,258,0,0.0,0,1956,0,0.0,0.0025000000000000005,,,-0.0025000000000000005,报告实际差异；不要求精确相等
validation,G01,count_bin_2|distance_bin_0,完整五帧区间的官方合格当前帧；分箱沿用固定定义,487,2278,50,0.21378402107111502,0,258,0,0.0,247,1956,14,0.12627811860940696,0.12496421267893659,,,-0.12496421267893659,缺覆盖
validation,G01,count_bin_2|distance_bin_1,完整五帧区间的官方合格当前帧；分箱沿用固定定义,246,2278,26,0.10798946444249341,0,258,0,0.0,5,1956,1,0.002556237218813906,0.007428425357873212,,,-0.007428425357873212,缺覆盖
validation,G01,count_bin_2|distance_bin_2,完整五帧区间的官方合格当前帧；分箱沿用固定定义,35,2278,3,0.015364354697102721,0,258,0,0.0,0,1956,0,0.0,0.0025000000000000005,,,-0.0025000000000000005,报告实际差异；不要求精确相等
validation,G01,count_bin_2|distance_bin_3,完整五帧区间的官方合格当前帧；分箱沿用固定定义,1,2278,1,0.0004389815627743635,0,258,0,0.0,0,1956,0,0.0,0.0,,,0.0,报告实际差异；不要求精确相等
validation,G01,count_bin_3|distance_bin_0,完整五帧区间的官方合格当前帧；分箱沿用固定定义,657,2278,45,0.2884108867427568,0,258,0,0.0,0,1956,0,0.0,0.0025000000000000005,,,-0.0025000000000000005,报告实际差异；不要求精确相等
validation,G01,count_bin_3|distance_bin_1,完整五帧区间的官方合格当前帧；分箱沿用固定定义,39,2278,9,0.017120280948200176,0,258,0,0.0,0,1956,0,0.0,0.0025000000000000005,,,-0.0025000000000000005,报告实际差异；不要求精确相等
validation,G01,count_bin_3|distance_bin_2,完整五帧区间的官方合格当前帧；分箱沿用固定定义,0,2278,0,0.0,0,258,0,0.0,0,1956,0,0.0,0.0,,,0.0,报告实际差异；不要求精确相等
validation,G01,count_bin_3|distance_bin_3,完整五帧区间的官方合格当前帧；分箱沿用固定定义,0,2278,0,0.0,0,258,0,0.0,0,1956,0,0.0,0.0,,,0.0,报告实际差异；不要求精确相等
validation,C04,at_least_3_normal_neighbors_within_0.5m,全部异常点,233620,1603621,92,0.14568280160960725,1247,4463,2,0.2794084696392561,68155,90739,19,0.7511103274226077,0.7511103274226077,,,-0.47170185778335166,报告实际差异；不要求精确相等
validation,B05,reliable_visible_geometry,实例×帧记录,2531,2690,92,0.9408921933085502,170,487,2,0.3490759753593429,1611,4729,19,0.34066398815817295,0.34066398815817295,,,0.00841198720116998,报告实际差异；不要求精确相等
