model,kind,key,normal,anomaly,pooled_AP_credit,observations,fp50,fn50,fp75,fn75,fp90,fn90,fp95,fn95,fp99,fn99
ap,distance,0,75329674,14929,12.484254636106837,1956,1525,9674,2794,3311,9975,370,18538,92,113050,17
ap,distance,1,80729672,51218,42.8318221895783,1960,3785,23010,22093,14262,68014,6614,138867,3293,1102280,552
ap,distance,2,28526437,16191,14.113061745619698,1960,2925,8184,14359,2749,38667,1097,76098,564,586335,128
ap,distance,3,6585100,4204,3.48599691077082,1960,892,2087,3287,1088,11901,466,27410,280,193362,110
ap,distance,4,2621587,957,0.6349686572674125,1960,166,737,2599,440,12066,197,26455,134,144783,55
ap,normal_semantic,10,296404,0,0.0,526,79,0,104,0,225,0,432,0,2406,0
ap,normal_semantic,11,1183,0,0.0,134,0,0,0,0,0,0,0,0,11,0
ap,normal_semantic,15,29,0,0.0,11,0,0,0,0,0,0,0,0,0,0
ap,normal_semantic,18,1186,0,0.0,91,0,0,0,0,0,0,0,0,0,0
ap,normal_semantic,20,904,0,0.0,116,0,0,0,0,16,0,18,0,29,0
ap,normal_semantic,30,13403,0,0.0,135,0,0,0,0,4,0,11,0,32,0
ap,normal_semantic,31,6,0,0.0,2,0,0,0,0,0,0,0,0,0,0
ap,normal_semantic,32,5,0,0.0,3,2,0,2,0,2,0,2,0,2,0
ap,normal_semantic,40,188179854,0,0.0,1960,7840,0,42514,0,132944,0,274072,0,2090046,0
ap,normal_semantic,48,259333,0,0.0,76,10,0,77,0,297,0,799,0,9546,0
ap,normal_semantic,49,1,0,0.0,1,0,0,0,0,0,0,0,0,0,0
ap,normal_semantic,50,3953975,0,0.0,732,1335,0,2269,0,6489,0,10861,0,31907,0
ap,normal_semantic,51,175246,0,0.0,205,0,0,0,0,0,0,0,0,9,0
ap,normal_semantic,70,905135,0,0.0,639,27,0,166,0,646,0,1173,0,5817,0
ap,normal_semantic,71,1070,0,0.0,88,0,0,0,0,0,0,0,0,2,0
ap,normal_semantic,72,15,0,0.0,12,0,0,0,0,0,0,0,0,2,0
ap,normal_semantic,80,4718,0,0.0,130,0,0,0,0,0,0,0,0,1,0
ap,normal_semantic,81,3,0,0.0,2,0,0,0,0,0,0,0,0,0,0
ap,object,125:1,0,25871,15.764557358936505,210,0,24499,0,14884,0,5138,0,1927,0,116
ap,object,137:3,0,749,0.7099149338302074,46,0,250,0,66,0,14,0,3,0,0
ap,object,138:4,0,175,0.1723004517218144,68,0,50,0,9,0,4,0,4,0,1
ap,object,138:5,0,2079,2.093233625345193,83,0,426,0,109,0,16,0,11,0,1
ap,object,139:7,0,2844,2.583303057249386,99,0,1456,0,267,0,42,0,0,0,0
ap,object,140:1,0,1465,1.4488211607016566,75,0,392,0,58,0,0,0,0,0,0
ap,object,141:4,0,15929,16.267716827083575,285,0,2762,0,559,0,176,0,65,0,0
ap,object,141:5,0,2460,2.2585223724129024,267,0,1073,0,242,0,82,0,31,0,1
ap,object,142:2,0,615,0.31776881908929167,59,0,550,0,392,0,245,0,185,0,13
ap,object,142:3,0,981,0.40660067792146815,55,0,890,0,682,0,532,0,468,0,180
ap,object,143:3,0,3085,1.994272830091716,91,0,2616,0,1445,0,637,0,291,0,58
ap,object,144:2,0,531,0.5231266300808438,73,0,108,0,3,0,0,0,0,0,0
ap,object,144:3,0,552,0.5091992868668164,60,0,209,0,44,0,18,0,11,0,0
ap,object,144:4,0,144,0.13209153589116623,56,0,75,0,4,0,0,0,0,0,0
ap,object,144:5,0,3281,3.1947285746350773,79,0,779,0,22,0,0,0,0,0,0
ap,object,145:1,0,2267,2.413255153685982,92,0,178,0,24,0,4,0,2,0,0
ap,object,145:2,0,1445,1.474113327052066,92,0,256,0,33,0,8,0,3,0,0
ap,object,146:2,0,1455,1.3556015682054934,57,0,499,0,179,0,64,0,38,0,22
ap,object,147:2,0,2811,2.9087183035667037,111,0,408,0,61,0,10,0,7,0,0
ap,object,148:2,0,3050,3.11001062970564,115,0,561,0,71,0,20,0,7,0,0
ap,object,149:2,0,455,0.42918993253703397,94,0,183,0,39,0,5,0,0,0,0
ap,object,149:3,0,2344,2.3919879545324787,102,0,479,0,44,0,2,0,0,0,0
ap,object,150:2,0,686,0.6217754287330775,125,0,331,0,57,0,19,0,10,0,0
ap,object,150:3,0,545,0.5288064075600417,117,0,154,0,27,0,13,0,9,0,1
ap,object,150:4,0,4113,3.9997681307754633,156,0,1139,0,199,0,50,0,29,0,0
ap,object,151:1,0,1054,1.0100742270496923,51,0,354,0,98,0,13,0,7,0,2
ap,object,152:1,0,1029,0.9862216612950601,61,0,282,0,84,0,28,0,10,0,0
ap,object,153:30550,0,1020,1.0388698765436852,75,0,157,0,22,0,7,0,6,0,0
ap,object,153:30551,0,2129,2.2149280790291783,75,0,256,0,32,0,10,0,9,0,0
ap,object,169:1,0,2334,0.6895060309061195,63,0,2320,0,2094,0,1587,0,1230,0,467
ap,object_returns,0,0,1535,1.2323570054009034,705,0,926,0,405,0,156,0,82,0,9
ap,object_returns,1,0,4494,3.6830102415204093,676,0,2546,0,1052,0,421,0,271,0,126
ap,object_returns,2,0,8579,7.719604725313186,612,0,3519,0,1215,0,578,0,373,0,127
ap,object_returns,3,0,17036,15.229876329864261,551,0,7142,0,2676,0,1215,0,756,0,185
ap,object_returns,4,0,18031,17.219805539362685,256,0,4940,0,1754,0,736,0,380,0,109
ap,object_returns,5,0,14543,10.937586929596701,107,0,7995,0,5587,0,3015,0,1629,0,296
ap,object_returns,6,0,23280,17.526744081977164,85,0,16624,0,9161,0,2623,0,872,0,10
ap,sequence,125,21450882,25871,15.764557358936502,210,1576,24499,7396,14884,22897,5138,49718,1927,409649,116
ap,sequence,137,4652268,749,0.7099149338302075,46,86,250,705,66,2767,14,6776,3,53948,0
ap,sequence,138,8321471,2254,2.2655340770670076,83,429,476,1942,118,5868,20,11544,15,79970,2
ap,sequence,139,10201337,2844,2.583303057249386,99,133,1456,1100,267,4860,42,11448,0,95425,0
ap,sequence,140,8008759,1465,1.4488211607016566,75,189,392,1390,58,5066,0,10564,0,73395,0
ap,sequence,141,31991712,18389,18.526239199496477,307,3094,3835,9277,801,23495,258,45087,96,283977,1
ap,sequence,142,8365690,1596,0.7243694970107598,87,111,1440,890,1074,3923,777,8633,653,87389,193
ap,sequence,143,7571268,3085,1.9942728300917159,91,54,2616,715,1445,3782,637,9171,291,76055,58
ap,sequence,144,7455833,4508,4.359146027473904,79,250,1171,2280,73,7120,18,14476,11,101745,0
ap,sequence,145,8379629,3712,3.887368480738049,92,359,434,2302,57,6195,12,13263,5,104174,0
ap,sequence,146,5166306,1455,1.3556015682054932,57,167,499,1157,179,2894,64,5518,38,54389,22
ap,sequence,147,10820924,2811,2.9087183035667037,111,609,408,2935,61,8780,10,16872,7,113477,0
ap,sequence,148,11781979,3050,3.1100106297056405,115,380,561,2477,71,8851,20,17932,7,118298,0
ap,sequence,149,10115079,2800,2.8222971733772133,102,285,662,1779,83,6464,7,13285,0,99352,0
ap,sequence,150,15720518,5344,5.150349967068584,156,472,1624,3107,283,10276,82,20360,48,150308,1
ap,sequence,151,4798697,1054,1.0100742270496923,51,185,354,1054,98,2728,13,5085,7,47337,2
ap,sequence,152,5935012,1029,0.9862216612950601,61,159,282,1385,84,4939,28,10295,10,64640,0
ap,sequence,153,6498230,3149,3.2537979555728627,75,673,413,2815,54,8036,17,13357,15,76147,0
ap,sequence,169,6556876,2334,0.6895060309061196,63,82,2320,426,2094,1682,1587,3984,1230,50135,467
ap,unassigned_anomaly,149:0,0,1,0.0011192863077014727,1,0,0,0,0,0,0,0,0,0,0
b1547,distance,0,75329674,14929,11.787700058460418,1956,5234,8106,10043,3491,25123,731,39782,151,179219,0
b1547,distance,1,80729672,51218,40.918042873858404,1960,2219,23514,14529,12901,52658,6048,115806,3342,796699,665
b1547,distance,2,28526437,16191,13.813681477855233,1960,1864,7384,8540,2974,25784,1179,58001,575,370545,142
b1547,distance,3,6585100,4204,3.1474174706400944,1960,47,3512,894,1696,5286,443,15501,154,128958,35
b1547,distance,4,2621587,957,0.5108598209954411,1960,27,946,576,794,4006,348,11478,151,98145,28
b1547,normal_semantic,10,296404,0,0.0,526,77,0,87,0,104,0,191,0,1644,0
b1547,normal_semantic,11,1183,0,0.0,134,0,0,0,0,1,0,2,0,35,0
b1547,normal_semantic,15,29,0,0.0,11,0,0,0,0,0,0,0,0,0,0
b1547,normal_semantic,18,1186,0,0.0,91,0,0,0,0,0,0,0,0,0,0
b1547,normal_semantic,20,904,0,0.0,116,0,0,17,0,22,0,27,0,29,0
b1547,normal_semantic,30,13403,0,0.0,135,0,0,0,0,0,0,0,0,29,0
b1547,normal_semantic,31,6,0,0.0,2,0,0,0,0,0,0,0,0,0,0
b1547,normal_semantic,32,5,0,0.0,3,2,0,2,0,2,0,2,0,2,0
b1547,normal_semantic,40,188179854,0,0.0,1960,4698,0,25589,0,92809,0,213388,0,1505246,0
b1547,normal_semantic,48,259333,0,0.0,76,1,0,34,0,174,0,531,0,9757,0
b1547,normal_semantic,49,1,0,0.0,1,0,0,0,0,0,0,0,0,0,0
b1547,normal_semantic,50,3953975,0,0.0,732,4497,0,8564,0,18054,0,23815,0,47696,0
b1547,normal_semantic,51,175246,0,0.0,205,0,0,0,0,0,0,0,0,7,0
b1547,normal_semantic,70,905135,0,0.0,639,116,0,289,0,1691,0,2611,0,9116,0
b1547,normal_semantic,71,1070,0,0.0,88,0,0,0,0,0,0,1,0,2,0
b1547,normal_semantic,72,15,0,0.0,12,0,0,0,0,0,0,0,0,2,0
b1547,normal_semantic,80,4718,0,0.0,130,0,0,0,0,0,0,0,0,1,0
b1547,normal_semantic,81,3,0,0.0,2,0,0,0,0,0,0,0,0,0,0
b1547,object,125:1,0,25871,17.122289932839344,210,0,22375,0,14159,0,5756,0,2726,0,353
b1547,object,137:3,0,749,0.6535508173028035,46,0,352,0,108,0,45,0,17,0,2
b1547,object,138:4,0,175,0.15420649558566044,68,0,63,0,19,0,5,0,2,0,0
b1547,object,138:5,0,2079,1.8642318980517227,83,0,476,0,152,0,44,0,4,0,0
b1547,object,139:7,0,2844,2.51845721300899,99,0,1202,0,276,0,52,0,7,0,0
b1547,object,140:1,0,1465,1.3500259031594646,75,0,380,0,68,0,10,0,5,0,0
b1547,object,141:4,0,15929,13.976755064194071,285,0,3219,0,933,0,181,0,9,0,0
b1547,object,141:5,0,2460,2.100112642938382,267,0,1343,0,461,0,123,0,60,0,1
b1547,object,142:2,0,615,0.3007908894285813,59,0,572,0,460,0,280,0,189,0,85
b1547,object,142:3,0,981,0.3861966615334867,55,0,923,0,762,0,564,0,481,0,269
b1547,object,143:3,0,3085,2.3853400393388977,91,0,1927,0,827,0,390,0,250,0,52
b1547,object,144:2,0,531,0.5061497831990501,73,0,127,0,4,0,0,0,0,0,0
b1547,object,144:3,0,552,0.44545718843134846,60,0,340,0,147,0,56,0,26,0,3
b1547,object,144:4,0,144,0.11268122254960114,56,0,104,0,52,0,10,0,1,0,0
b1547,object,144:5,0,3281,3.0229654764842895,79,0,1458,0,102,0,1,0,1,0,0
b1547,object,145:1,0,2267,2.0295794020367213,92,0,338,0,102,0,8,0,3,0,0
b1547,object,145:2,0,1445,1.3154347039053595,92,0,454,0,155,0,23,0,3,0,0
b1547,object,146:2,0,1455,1.2738500110168494,57,0,539,0,191,0,44,0,25,0,9
b1547,object,147:2,0,2811,2.5961291527177974,111,0,608,0,131,0,16,0,2,0,0
b1547,object,148:2,0,3050,2.7721059387071447,115,0,805,0,182,0,15,0,2,0,0
b1547,object,149:2,0,455,0.38504176487466824,94,0,225,0,94,0,22,0,9,0,0
b1547,object,149:3,0,2344,2.1871169950761735,102,0,354,0,72,0,8,0,1,0,0
b1547,object,150:2,0,686,0.5911038320761489,125,0,384,0,108,0,39,0,10,0,0
b1547,object,150:3,0,545,0.4927919729131018,117,0,144,0,46,0,10,0,2,0,1
b1547,object,150:4,0,4113,3.640023361374014,156,0,1284,0,434,0,120,0,42,0,0
b1547,object,151:1,0,1054,0.9473236086885017,51,0,397,0,81,0,11,0,6,0,4
b1547,object,152:1,0,1029,0.8919414125448365,61,0,358,0,166,0,89,0,23,0,2
b1547,object,153:30550,0,1020,0.9323609649619611,75,0,183,0,31,0,7,0,2,0,0
b1547,object,153:30551,0,2129,1.8659040213790863,75,0,393,0,55,0,8,0,0,0,0
b1547,object,169:1,0,2334,1.3567957879763246,63,0,2135,0,1478,0,812,0,465,0,89
b1547,object_returns,0,0,1535,1.1372596869248277,705,0,1098,0,634,0,235,0,97,0,12
b1547,object_returns,1,0,4494,3.4361339291745208,676,0,2980,0,1621,0,581,0,247,0,82
b1547,object_returns,2,0,8579,7.195194877617357,612,0,4637,0,1746,0,607,0,401,0,137
b1547,object_returns,3,0,17036,14.41325682528583,551,0,6743,0,3004,0,1306,0,706,0,261
b1547,object_returns,4,0,18031,15.801728994601385,256,0,5830,0,1624,0,624,0,242,0,19
b1547,object_returns,5,0,14543,11.056979765538687,107,0,7285,0,4536,0,2224,0,1300,0,139
b1547,object_returns,6,0,23280,17.136160079151797,85,0,14889,0,8691,0,3172,0,1380,0,220
b1547,sequence,125,21450882,25871,17.122289932839344,210,1329,22375,7067,14159,24121,5756,60050,2726,404627,353
b1547,sequence,137,4652268,749,0.6535508173028035,46,43,352,455,108,1704,45,4130,17,30315,2
b1547,sequence,138,8321471,2254,2.0184383936373833,83,197,539,1733,171,4660,49,8537,6,50982,0
b1547,sequence,139,10201337,2844,2.51845721300899,99,72,1202,486,276,2605,52,7601,7,65332,0
b1547,sequence,140,8008759,1465,1.3500259031594646,75,404,380,1091,68,4208,10,8599,5,50908,0
b1547,sequence,141,31991712,18389,16.07686770713248,307,2756,4562,6983,1394,17904,304,34449,69,204665,1
b1547,sequence,142,8365690,1596,0.686987550962068,87,27,1495,309,1222,3140,844,6595,670,52158,354
b1547,sequence,143,7571268,3085,2.3853400393388977,91,102,1927,374,827,3579,390,8402,250,56428,52
b1547,sequence,144,7455833,4508,4.08725367066429,79,748,2029,2070,305,5965,67,11167,28,61048,3
b1547,sequence,145,8379629,3712,3.3450141059420817,92,135,792,1020,257,4087,31,8930,6,64004,0
b1547,sequence,146,5166306,1455,1.2738500110168494,57,103,539,980,191,3645,44,6490,25,34192,9
b1547,sequence,147,10820924,2811,2.596129152717798,111,520,608,1895,131,6638,16,13343,2,80967,0
b1547,sequence,148,11781979,3050,2.7721059387071447,115,856,805,2954,182,6636,15,13206,2,80425,0
b1547,sequence,149,10115079,2800,2.5731463034660647,102,852,579,1888,166,5043,30,9804,10,67953,0
b1547,sequence,150,15720518,5344,4.723919166363266,156,691,1812,1932,588,6641,169,14087,54,102100,1
b1547,sequence,151,4798697,1054,0.9473236086885017,51,59,397,585,81,3334,11,5333,6,29645,4
b1547,sequence,152,5935012,1029,0.8919414125448365,61,63,358,746,166,2891,89,6888,23,40549,2
b1547,sequence,153,6498230,3149,2.798264986341047,75,429,576,1887,86,4857,15,9332,2,48042,0
b1547,sequence,169,6556876,2334,1.3567957879763246,63,5,2135,127,1478,1199,812,3625,465,49226,89
b1547,unassigned_anomaly,149:0,0,1,0.0009875435152230108,1,0,0,0,0,0,0,0,0,0,0
lr,distance,0,75329674,14929,12.582887744304191,1956,177,9513,10931,4181,34391,778,69655,227,332102,5
lr,distance,1,80729672,51218,45.15360508877798,1960,3389,22087,20618,12881,56218,6206,101359,3262,426404,633
lr,distance,2,28526437,16191,14.731561856819214,1960,2004,7933,10270,2836,26111,1026,48982,483,272475,107
lr,distance,3,6585100,4204,3.2039641402724213,1960,200,3283,1396,1380,5794,545,14816,282,94207,70
lr,distance,4,2621587,957,0.5874740713291844,1960,23,902,975,569,6395,193,17153,106,91728,58
lr,normal_semantic,10,296404,0,0.0,526,77,0,91,0,573,0,1310,0,12100,0
lr,normal_semantic,11,1183,0,0.0,134,0,0,0,0,1,0,3,0,18,0
lr,normal_semantic,15,29,0,0.0,11,0,0,0,0,0,0,0,0,0,0
lr,normal_semantic,18,1186,0,0.0,91,0,0,0,0,0,0,0,0,1,0
lr,normal_semantic,20,904,0,0.0,116,0,0,17,0,17,0,22,0,31,0
lr,normal_semantic,30,13403,0,0.0,135,0,0,0,0,0,0,5,0,16,0
lr,normal_semantic,31,6,0,0.0,2,0,0,0,0,0,0,0,0,0,0
lr,normal_semantic,32,5,0,0.0,3,2,0,2,0,2,0,2,0,2,0
lr,normal_semantic,40,188179854,0,0.0,1960,5693,0,37582,0,108993,0,221808,0,1144550,0
lr,normal_semantic,48,259333,0,0.0,76,0,0,16,0,165,0,450,0,3466,0
lr,normal_semantic,49,1,0,0.0,1,0,0,0,0,0,0,0,0,0,0
lr,normal_semantic,50,3953975,0,0.0,732,21,0,6236,0,17479,0,25737,0,48291,0
lr,normal_semantic,51,175246,0,0.0,205,0,0,0,0,0,0,0,0,7,0
lr,normal_semantic,70,905135,0,0.0,639,0,0,246,0,1679,0,2628,0,8426,0
lr,normal_semantic,71,1070,0,0.0,88,0,0,0,0,0,0,0,0,2,0
lr,normal_semantic,72,15,0,0.0,12,0,0,0,0,0,0,0,0,1,0
lr,normal_semantic,80,4718,0,0.0,130,0,0,0,0,0,0,0,0,5,0
lr,normal_semantic,81,3,0,0.0,2,0,0,0,0,0,0,0,0,0,0
lr,object,125:1,0,25871,16.340066269500653,210,0,24431,0,14578,0,5323,0,2384,0,345
lr,object,137:3,0,749,0.7247505172681751,46,0,285,0,83,0,20,0,7,0,2
lr,object,138:4,0,175,0.17216102295002617,68,0,66,0,15,0,5,0,4,0,1
lr,object,138:5,0,2079,2.1124604629618178,83,0,563,0,126,0,33,0,15,0,1
lr,object,139:7,0,2844,2.8435208122798996,99,0,930,0,163,0,14,0,2,0,0
lr,object,140:1,0,1465,1.5322002385947684,75,0,266,0,32,0,9,0,4,0,0
lr,object,141:4,0,15929,16.403679282512616,285,0,3495,0,953,0,239,0,54,0,0
lr,object,141:5,0,2460,2.311886236324064,267,0,1135,0,301,0,91,0,36,0,1
lr,object,142:2,0,615,0.3335688468729768,59,0,564,0,414,0,237,0,126,0,32
lr,object,142:3,0,981,0.4886762378951178,55,0,839,0,581,0,478,0,409,0,211
lr,object,143:3,0,3085,2.156334680411715,91,0,2665,0,1435,0,557,0,191,0,29
lr,object,144:2,0,531,0.5743024336573961,73,0,40,0,3,0,0,0,0,0,0
lr,object,144:3,0,552,0.5400549819343872,60,0,167,0,45,0,39,0,19,0,0
lr,object,144:4,0,144,0.14288320944561203,56,0,57,0,5,0,0,0,0,0,0
lr,object,144:5,0,3281,3.5350661093703732,79,0,190,0,9,0,0,0,0,0,0
lr,object,145:1,0,2267,2.4682507436010144,92,0,178,0,21,0,3,0,3,0,0
lr,object,145:2,0,1445,1.519263602353724,92,0,284,0,34,0,6,0,3,0,0
lr,object,146:2,0,1455,1.4461229959648159,57,0,454,0,126,0,42,0,26,0,14
lr,object,147:2,0,2811,2.9761874964531665,111,0,411,0,71,0,21,0,6,0,0
lr,object,148:2,0,3050,3.2108986227600136,115,0,552,0,72,0,22,0,10,0,0
lr,object,149:2,0,455,0.4372665024104716,94,0,210,0,44,0,10,0,2,0,0
lr,object,149:3,0,2344,2.4697974057094707,102,0,461,0,42,0,2,0,0,0,0
lr,object,150:2,0,686,0.6315786680453093,125,0,410,0,76,0,14,0,2,0,0
lr,object,150:3,0,545,0.5386172008561911,117,0,189,0,37,0,10,0,3,0,1
lr,object,150:4,0,4113,4.022005207713278,156,0,1536,0,322,0,81,0,26,0,5
lr,object,151:1,0,1054,1.043413747649517,51,0,378,0,73,0,19,0,10,0,6
lr,object,152:1,0,1029,1.0124334042142242,61,0,298,0,128,0,47,0,21,0,0
lr,object,153:30550,0,1020,1.0764730840752808,75,0,163,0,26,0,3,0,2,0,0
lr,object,153:30551,0,2129,2.2894992075024105,75,0,204,0,29,0,4,0,1,0,0
lr,object,169:1,0,2334,0.9049489585444062,63,0,2297,0,2003,0,1419,0,994,0,225
lr,object_returns,0,0,1535,1.2258921994954173,705,0,1063,0,479,0,182,0,70,0,6
lr,object_returns,1,0,4494,3.690796905335573,676,0,2891,0,1252,0,460,0,274,0,124
lr,object_returns,2,0,8579,7.818690858174093,612,0,4207,0,1330,0,558,0,335,0,103
lr,object_returns,3,0,17036,15.972715881553464,551,0,6713,0,2603,0,1142,0,602,0,195
lr,object_returns,4,0,18031,17.998800521886686,256,0,4916,0,1654,0,617,0,329,0,57
lr,object_returns,5,0,14543,11.559344453791953,107,0,7423,0,5553,0,2954,0,1502,0,263
lr,object_returns,6,0,23280,17.99212736959572,85,0,16505,0,8976,0,2835,0,1248,0,125
lr,sequence,125,21450882,25871,16.340066269500653,210,573,24431,4796,14578,17040,5323,36980,2384,212206,345
lr,sequence,137,4652268,749,0.7247505172681751,46,63,285,555,83,2336,20,4843,7,25730,2
lr,sequence,138,8321471,2254,2.2846214859118423,83,273,629,2113,141,6255,38,9981,19,49240,2
lr,sequence,139,10201337,2844,2.8435208122799,99,136,930,817,163,3378,14,7681,2,50491,0
lr,sequence,140,8008759,1465,1.5322002385947682,75,176,266,1989,32,4805,9,9584,4,42227,0
lr,sequence,141,31991712,18389,18.71556551883668,307,1552,4630,8516,1254,19262,330,34820,90,151758,1
lr,sequence,142,8365690,1596,0.822245084768095,87,37,1403,617,995,3452,715,10011,535,49618,243
lr,sequence,143,7571268,3085,2.156334680411715,91,5,2665,3355,1435,8783,557,15673,191,64424,29
lr,sequence,144,7455833,4508,4.792306734407769,79,416,454,2657,62,6603,39,11299,19,52359,0
lr,sequence,145,8379629,3712,3.9875143459547386,92,234,462,1965,55,5909,9,11920,6,57249,0
lr,sequence,146,5166306,1455,1.4461229959648159,57,216,454,2500,126,5378,42,8343,26,33166,14
lr,sequence,147,10820924,2811,2.9761874964531665,111,489,411,2740,71,8948,21,15658,6,63771,0
lr,sequence,148,11781979,3050,3.2108986227600136,115,396,552,2681,72,7728,22,16021,10,73507,0
lr,sequence,149,10115079,2800,2.9081886197900086,102,198,671,1372,86,6563,12,12623,2,58998,0
lr,sequence,150,15720518,5344,5.192201076614776,156,249,2135,2154,435,7712,105,17935,31,85857,6
lr,sequence,151,4798697,1054,1.043413747649517,51,150,378,1228,73,3326,19,6631,10,35860,6
lr,sequence,152,5935012,1029,1.0124334042142242,61,133,298,1410,128,4400,47,8796,21,41150,0
lr,sequence,153,6498230,3149,3.365972291577691,75,490,367,2489,55,6144,7,10954,3,48106,0
lr,sequence,169,6556876,2334,0.9049489585444059,63,7,2297,236,2003,887,1419,2212,994,21199,225
lr,unassigned_anomaly,149:0,0,1,0.0011247116700644404,1,0,0,0,0,0,0,0,0,0,0
m1547,distance,0,75329674,14929,12.043467163976945,1956,4283,9787,13947,3720,36161,476,75246,104,333824,43
m1547,distance,1,80729672,51218,41.6629197292852,1960,2464,23413,17502,14311,57003,6805,142489,3475,981343,610
m1547,distance,2,28526437,16191,14.22022487669332,1960,1794,7169,10906,2407,29570,971,65306,469,453548,92
m1547,distance,3,6585100,4204,3.4123999913987313,1960,313,2528,2085,967,6774,355,17049,215,148833,78
m1547,distance,4,2621587,957,0.6513372396566316,1960,74,813,1843,381,8227,134,19212,98,107740,50
m1547,normal_semantic,10,296404,0,0.0,526,77,0,88,0,135,0,273,0,2676,0
m1547,normal_semantic,11,1183,0,0.0,134,0,0,1,0,4,0,4,0,22,0
m1547,normal_semantic,15,29,0,0.0,11,0,0,0,0,0,0,0,0,0,0
m1547,normal_semantic,18,1186,0,0.0,91,0,0,0,0,0,0,0,0,1,0
m1547,normal_semantic,20,904,0,0.0,116,17,0,22,0,22,0,23,0,30,0
m1547,normal_semantic,30,13403,0,0.0,135,0,0,0,0,0,0,4,0,161,0
m1547,normal_semantic,31,6,0,0.0,2,0,0,0,0,0,0,0,0,0,0
m1547,normal_semantic,32,5,0,0.0,3,2,0,2,0,2,0,2,0,2,0
m1547,normal_semantic,40,188179854,0,0.0,1960,4827,0,34453,0,112643,0,279687,0,1928871,0
m1547,normal_semantic,48,259333,0,0.0,76,0,0,34,0,219,0,1272,0,14982,0
m1547,normal_semantic,49,1,0,0.0,1,0,0,0,0,0,0,0,0,0,0
m1547,normal_semantic,50,3953975,0,0.0,732,3872,0,11097,0,22626,0,33772,0,65528,0
m1547,normal_semantic,51,175246,0,0.0,205,0,0,0,0,0,0,0,0,9,0
m1547,normal_semantic,70,905135,0,0.0,639,133,0,586,0,2084,0,4264,0,13000,0
m1547,normal_semantic,71,1070,0,0.0,88,0,0,0,0,0,0,0,0,0,0
m1547,normal_semantic,72,15,0,0.0,12,0,0,0,0,0,0,0,0,1,0
m1547,normal_semantic,80,4718,0,0.0,130,0,0,0,0,0,0,1,0,5,0
m1547,normal_semantic,81,3,0,0.0,2,0,0,0,0,0,0,0,0,0,0
m1547,object,125:1,0,25871,15.389112857548664,210,0,24954,0,15042,0,5354,0,2301,0,245
m1547,object,137:3,0,749,0.6794260196370724,46,0,294,0,84,0,34,0,8,0,0
m1547,object,138:4,0,175,0.16815800618057905,68,0,47,0,6,0,4,0,4,0,1
m1547,object,138:5,0,2079,2.060292464341502,83,0,332,0,51,0,18,0,6,0,1
m1547,object,139:7,0,2844,2.609841859226631,99,0,1277,0,189,0,24,0,3,0,0
m1547,object,140:1,0,1465,1.402737290959509,75,0,501,0,38,0,3,0,0,0,0
m1547,object,141:4,0,15929,15.704598970394526,285,0,2622,0,477,0,62,0,19,0,0
m1547,object,141:5,0,2460,2.2059798280625715,267,0,1272,0,226,0,58,0,22,0,0
m1547,object,142:2,0,615,0.3815043065421244,59,0,522,0,315,0,168,0,94,0,10
m1547,object,142:3,0,981,0.4536349031300784,55,0,843,0,649,0,475,0,391,0,168
m1547,object,143:3,0,3085,1.9495104788430535,91,0,2579,0,1660,0,753,0,296,0,37
m1547,object,144:2,0,531,0.53134253021506,73,0,76,0,3,0,0,0,0,0,0
m1547,object,144:3,0,552,0.5020573626729785,60,0,196,0,58,0,32,0,20,0,0
m1547,object,144:4,0,144,0.13326859762121324,56,0,69,0,5,0,0,0,0,0,0
m1547,object,144:5,0,3281,3.2729871520774156,79,0,558,0,16,0,0,0,0,0,0
m1547,object,145:1,0,2267,2.2812676696799135,92,0,198,0,25,0,5,0,2,0,0
m1547,object,145:2,0,1445,1.4101835945605374,92,0,304,0,50,0,6,0,4,0,1
m1547,object,146:2,0,1455,1.3604919078553026,57,0,409,0,141,0,46,0,26,0,12
m1547,object,147:2,0,2811,2.8344647054056242,111,0,305,0,32,0,0,0,0,0,0
m1547,object,148:2,0,3050,3.032742014282305,115,0,492,0,55,0,11,0,10,0,0
m1547,object,149:2,0,455,0.4124737142647945,94,0,207,0,49,0,10,0,3,0,0
m1547,object,149:3,0,2344,2.3301267279044464,102,0,439,0,36,0,5,0,0,0,0
m1547,object,150:2,0,686,0.614704823798106,125,0,357,0,61,0,14,0,3,0,0
m1547,object,150:3,0,545,0.521734616042585,117,0,164,0,19,0,10,0,4,0,1
m1547,object,150:4,0,4113,3.923204489003723,156,0,1287,0,186,0,42,0,10,0,0
m1547,object,151:1,0,1054,1.014152258130617,51,0,308,0,31,0,14,0,0,0,0
m1547,object,152:1,0,1029,0.9568861862302899,61,0,319,0,100,0,37,0,9,0,0
m1547,object,153:30550,0,1020,1.0076165953716585,75,0,203,0,20,0,5,0,2,0,0
m1547,object,153:30551,0,2129,2.1382584821199933,75,0,257,0,19,0,4,0,0,0,0
m1547,object,169:1,0,2334,0.706565090496125,63,0,2319,0,2143,0,1547,0,1124,0,397
m1547,object_returns,0,0,1535,1.2679088836204626,705,0,916,0,330,0,98,0,49,0,4
m1547,object_returns,1,0,4494,3.77488708972959,676,0,2451,0,838,0,305,0,193,0,104
m1547,object_returns,2,0,8579,7.695308440222434,612,0,3383,0,980,0,503,0,353,0,81
m1547,object_returns,3,0,17036,14.972333565683432,551,0,7134,0,2686,0,1170,0,584,0,174
m1547,object_returns,4,0,18031,16.756529504859206,256,0,5385,0,1795,0,680,0,346,0,116
m1547,object_returns,5,0,14543,10.67108602773471,107,0,7800,0,5795,0,3096,0,1649,0,270
m1547,object_returns,6,0,23280,16.851271990749154,85,0,16641,0,9362,0,2889,0,1187,0,124
m1547,sequence,125,21450882,25871,15.389112857548664,210,484,24954,5306,15042,21200,5354,52511,2301,408119,245
m1547,sequence,137,4652268,749,0.6794260196370724,46,65,294,625,84,2102,34,6035,8,47380,0
m1547,sequence,138,8321471,2254,2.2284504705220796,83,765,379,2540,57,6151,22,13408,10,80037,2
m1547,sequence,139,10201337,2844,2.609841859226631,99,82,1277,1216,189,4453,24,13424,3,93267,0
m1547,sequence,140,8008759,1465,1.4027372909595088,75,146,501,1755,38,4658,3,11083,0,71346,0
m1547,sequence,141,31991712,18389,17.910578798457077,307,3095,3894,9161,703,22360,120,45603,41,281529,0
m1547,sequence,142,8365690,1596,0.8351392096722028,87,215,1365,1832,964,6533,643,16411,485,88984,178
m1547,sequence,143,7571268,3085,1.9495104788430535,91,40,2579,1530,1660,5695,753,13073,296,77255,37
m1547,sequence,144,7455833,4508,4.439655642586667,79,681,899,2554,82,6233,32,13757,20,78677,0
m1547,sequence,145,8379629,3712,3.6914512642404507,92,323,502,1731,75,5348,11,12937,6,81891,1
m1547,sequence,146,5166306,1455,1.3604919078553024,57,149,409,1719,141,5016,46,8867,26,47165,12
m1547,sequence,147,10820924,2811,2.834464705405624,111,545,305,2903,32,8547,0,19934,0,108863,0
m1547,sequence,148,11781979,3050,3.032742014282305,115,679,492,3226,55,8629,11,19818,10,110134,0
m1547,sequence,149,10115079,2800,2.743623940581046,102,447,646,1863,85,6571,15,14878,3,93398,0
m1547,sequence,150,15720518,5344,5.059643928844413,156,438,1808,3442,266,9463,66,23338,17,153569,1
m1547,sequence,151,4798697,1054,1.0141522581306173,51,133,308,1225,31,3833,14,8553,0,48643,0
m1547,sequence,152,5935012,1029,0.9568861862302899,61,208,319,1121,100,3789,37,9526,9,60070,0
m1547,sequence,153,6498230,3149,3.1458750774916515,75,428,460,2337,39,6492,9,14404,2,71275,0
m1547,sequence,169,6556876,2334,0.706565090496125,63,5,2319,197,2143,662,1547,1742,1124,23686,397
m1547,unassigned_anomaly,149:0,0,1,0.0010234984118053134,1,0,0,0,0,0,0,0,0,0,0
m500,distance,0,75329674,14929,12.284493047244416,1956,563,9764,9866,4550,44499,1207,125330,428,540749,51
m500,distance,1,80729672,51218,45.97793182993784,1960,2557,21035,17880,11192,61636,5191,144913,2895,905971,583
m500,distance,2,28526437,16191,14.30121834702196,1960,2658,8165,12461,3485,43095,1255,149438,584,1164060,95
m500,distance,3,6585100,4204,2.898168042977639,1960,195,3738,1170,1881,5450,681,26096,262,288096,64
m500,distance,4,2621587,957,0.445724652103979,1960,0,941,176,738,2289,379,11118,201,134103,71
m500,normal_semantic,10,296404,0,0.0,526,77,0,88,0,1195,0,3788,0,28243,0
m500,normal_semantic,11,1183,0,0.0,134,0,0,0,0,1,0,6,0,61,0
m500,normal_semantic,15,29,0,0.0,11,0,0,0,0,0,0,0,0,0,0
m500,normal_semantic,18,1186,0,0.0,91,0,0,0,0,0,0,1,0,2,0
m500,normal_semantic,20,904,0,0.0,116,0,0,16,0,17,0,18,0,33,0
m500,normal_semantic,30,13403,0,0.0,135,0,0,0,0,1,0,3,0,87,0
m500,normal_semantic,31,6,0,0.0,2,0,0,0,0,0,0,0,0,0,0
m500,normal_semantic,32,5,0,0.0,3,2,0,2,0,2,0,2,0,2,0
m500,normal_semantic,40,188179854,0,0.0,1960,5468,0,33765,0,132973,0,417227,0,2937024,0
m500,normal_semantic,48,259333,0,0.0,76,0,0,14,0,87,0,349,0,5059,0
m500,normal_semantic,49,1,0,0.0,1,0,0,0,0,0,0,0,0,0,0
m500,normal_semantic,50,3953975,0,0.0,732,426,0,7328,0,20863,0,31763,0,51536,0
m500,normal_semantic,51,175246,0,0.0,205,0,0,0,0,0,0,0,0,9,0
m500,normal_semantic,70,905135,0,0.0,639,0,0,340,0,1830,0,3733,0,10439,0
m500,normal_semantic,71,1070,0,0.0,88,0,0,0,0,0,0,0,0,0,0
m500,normal_semantic,72,15,0,0.0,12,0,0,0,0,0,0,0,0,0,0
m500,normal_semantic,80,4718,0,0.0,130,0,0,0,0,0,0,5,0,484,0
m500,normal_semantic,81,3,0,0.0,2,0,0,0,0,0,0,0,0,0,0
m500,object,125:1,0,25871,15.901354893610641,210,0,24579,0,14422,0,5558,0,2749,0,448
m500,object,137:3,0,749,0.6935936607882757,46,0,366,0,114,0,25,0,11,0,0
m500,object,138:4,0,175,0.16824831711345287,68,0,58,0,19,0,11,0,3,0,1
m500,object,138:5,0,2079,2.117252191617532,83,0,450,0,158,0,66,0,15,0,1
m500,object,139:7,0,2844,2.8247137832972142,99,0,1057,0,208,0,19,0,5,0,0
m500,object,140:1,0,1465,1.5538024523185394,75,0,231,0,64,0,11,0,3,0,0
m500,object,141:4,0,15929,16.05043962392658,285,0,4063,0,1262,0,406,0,112,0,5
m500,object,141:5,0,2460,2.318233515259792,267,0,1108,0,375,0,94,0,37,0,4
m500,object,142:2,0,615,0.2807229672657593,59,0,573,0,436,0,277,0,194,0,51
m500,object,142:3,0,981,0.49715869662348094,55,0,876,0,604,0,420,0,307,0,116
m500,object,143:3,0,3085,2.593167995691536,91,0,1898,0,865,0,249,0,64,0,12
m500,object,144:2,0,531,0.573906604045746,73,0,41,0,2,0,0,0,0,0,0
m500,object,144:3,0,552,0.5199604744401689,60,0,211,0,76,0,39,0,25,0,4
m500,object,144:4,0,144,0.13649865189308988,56,0,80,0,12,0,1,0,0,0,0
m500,object,144:5,0,3281,3.536531315964877,79,0,217,0,22,0,1,0,0,0,0
m500,object,145:1,0,2267,2.4599798995391713,92,0,237,0,45,0,7,0,3,0,0
m500,object,145:2,0,1445,1.473894007304847,92,0,393,0,84,0,10,0,3,0,1
m500,object,146:2,0,1455,1.4112941451902943,57,0,500,0,182,0,61,0,31,0,11
m500,object,147:2,0,2811,2.93702149126399,111,0,535,0,129,0,31,0,4,0,0
m500,object,148:2,0,3050,3.1614923539931707,115,0,733,0,150,0,19,0,9,0,0
m500,object,149:2,0,455,0.4193652222814735,94,0,222,0,73,0,14,0,4,0,0
m500,object,149:3,0,2344,2.5003740068724682,102,0,351,0,57,0,1,0,0,0,0
m500,object,150:2,0,686,0.6372018423365419,125,0,371,0,82,0,21,0,7,0,1
m500,object,150:3,0,545,0.5481164973009789,117,0,150,0,40,0,13,0,5,0,1
m500,object,150:4,0,4113,4.066986980412721,156,0,1321,0,372,0,115,0,44,0,4
m500,object,151:1,0,1054,1.0965221896434205,51,0,248,0,48,0,18,0,5,0,0
m500,object,152:1,0,1029,1.0149645110023453,61,0,303,0,132,0,52,0,15,0,1
m500,object,153:30550,0,1020,1.0967534959574763,75,0,118,0,26,0,6,0,3,0,0
m500,object,153:30551,0,2129,2.305131733066961,75,0,185,0,39,0,7,0,3,0,0
m500,object,169:1,0,2334,1.0117710938225495,63,0,2168,0,1748,0,1161,0,709,0,203
m500,object_returns,0,0,1535,1.1493655712985944,705,0,1092,0,595,0,238,0,103,0,13
m500,object_returns,1,0,4494,3.5327213046926262,676,0,2984,0,1507,0,609,0,287,0,108
m500,object_returns,2,0,8579,7.6480145742756775,612,0,4456,0,1670,0,577,0,272,0,77
m500,object_returns,3,0,17036,15.596310995585037,551,0,7007,0,3273,0,1363,0,737,0,166
m500,object_returns,4,0,18031,18.276096651120746,256,0,4303,0,1479,0,502,0,266,0,43
m500,object_returns,5,0,14543,11.742812293437371,107,0,7545,0,4872,0,2490,0,1297,0,269
m500,object_returns,6,0,23280,17.961133223435024,85,0,16256,0,8450,0,2934,0,1408,0,188
m500,sequence,125,21450882,25871,15.901354893610641,210,1598,24579,8141,14422,25443,5558,63586,2749,417680,448
m500,sequence,137,4652268,749,0.6935936607882757,46,35,366,428,114,2912,25,10499,11,69635,0
m500,sequence,138,8321471,2254,2.2855005087309865,83,182,508,1948,177,7052,77,18914,18,118050,2
m500,sequence,139,10201337,2844,2.8247137832972142,99,102,1057,782,208,4070,19,16142,5,136104,0
m500,sequence,140,8008759,1465,1.5538024523185392,75,144,231,1764,64,5281,11,16516,3,113742,0
m500,sequence,141,31991712,18389,18.368673139186335,307,1760,5171,8166,1637,22525,500,57344,149,404387,9
m500,sequence,142,8365690,1596,0.7778816638892401,87,26,1449,695,1040,5388,697,20531,501,144124,167
m500,sequence,143,7571268,3085,2.593167995691537,91,8,1898,1482,865,10362,249,28978,64,157389,12
m500,sequence,144,7455833,4508,4.766897046343882,79,315,549,2056,112,6860,41,19342,25,127163,4
m500,sequence,145,8379629,3712,3.9338739068440187,92,135,630,1379,129,6867,17,23405,6,156674,1
m500,sequence,146,5166306,1455,1.4112941451902943,57,130,500,1841,182,6355,61,15877,31,98184,11
m500,sequence,147,10820924,2811,2.937021491263991,111,267,535,2361,129,9328,31,25237,4,158003,0
m500,sequence,148,11781979,3050,3.1614923539931707,115,194,733,2074,150,8504,19,27349,9,176393,0
m500,sequence,149,10115079,2800,2.9208205345946743,102,115,573,1314,130,7153,15,22267,4,149493,0
m500,sequence,150,15720518,5344,5.252305320050241,156,260,1842,2000,494,10337,149,32650,56,216888,6
m500,sequence,151,4798697,1054,1.0965221896434205,51,125,248,1253,48,4548,18,16216,5,103820,0
m500,sequence,152,5935012,1029,1.0149645110023455,61,115,303,1424,132,5454,52,17303,15,106964,1
m500,sequence,153,6498230,3149,3.401885229024436,75,451,303,2208,65,7035,13,19811,6,126985,0
m500,sequence,169,6556876,2334,1.0117710938225495,63,11,2168,237,1748,1495,1161,4928,709,51301,203
m500,unassigned_anomaly,149:0,0,1,0.001081305440733442,1,0,0,0,0,0,0,0,0,0,0
replay,distance,0,75329674,14929,13.630815221968305,1956,1456,8269,3177,1922,10921,455,26104,103,163942,0
replay,distance,1,80729672,51218,44.07509312248174,1960,3348,23475,15784,14733,51959,6318,122891,3266,972367,602
replay,distance,2,28526437,16191,14.20720339651563,1960,2474,8927,10813,3442,29295,1224,63847,632,462782,140
replay,distance,3,6585100,4204,3.5497852687314158,1960,725,2194,2268,1256,8656,529,23035,257,170645,79
replay,distance,4,2621587,957,0.6627894225033305,1960,251,749,2074,491,8553,208,22752,114,135462,43
replay,normal_semantic,10,296404,0,0.0,526,79,0,82,0,141,0,269,0,1843,0
replay,normal_semantic,11,1183,0,0.0,134,0,0,0,0,0,0,2,0,9,0
replay,normal_semantic,15,29,0,0.0,11,0,0,0,0,0,0,0,0,0,0
replay,normal_semantic,18,1186,0,0.0,91,0,0,0,0,0,0,0,0,0,0
replay,normal_semantic,20,904,0,0.0,116,0,0,14,0,18,0,22,0,25,0
replay,normal_semantic,30,13403,0,0.0,135,0,0,0,0,0,0,6,0,41,0
replay,normal_semantic,31,6,0,0.0,2,0,0,0,0,0,0,0,0,0,0
replay,normal_semantic,32,5,0,0.0,3,2,0,2,0,2,0,2,0,2,0
replay,normal_semantic,40,188179854,0,0.0,1960,6875,0,31060,0,100250,0,242019,0,1846847,0
replay,normal_semantic,48,259333,0,0.0,76,1,0,34,0,222,0,704,0,12604,0
replay,normal_semantic,49,1,0,0.0,1,0,0,0,0,0,0,0,0,0,0
replay,normal_semantic,50,3953975,0,0.0,732,1267,0,2814,0,8038,0,14053,0,37323,0
replay,normal_semantic,51,175246,0,0.0,205,0,0,0,0,0,0,0,0,7,0
replay,normal_semantic,70,905135,0,0.0,639,30,0,110,0,713,0,1552,0,6492,0
replay,normal_semantic,71,1070,0,0.0,88,0,0,0,0,0,0,0,0,2,0
replay,normal_semantic,72,15,0,0.0,12,0,0,0,0,0,0,0,0,2,0
replay,normal_semantic,80,4718,0,0.0,130,0,0,0,0,0,0,0,0,1,0
replay,normal_semantic,81,3,0,0.0,2,0,0,0,0,0,0,0,0,0,0
replay,object,125:1,0,25871,18.126096525165366,210,0,22777,0,13042,0,4706,0,1845,0,148
replay,object,137:3,0,749,0.6946456424093509,46,0,296,0,122,0,48,0,7,0,0
replay,object,138:4,0,175,0.1717667907043184,68,0,60,0,15,0,6,0,4,0,1
replay,object,138:5,0,2079,2.0840021335771106,83,0,525,0,175,0,38,0,9,0,1
replay,object,139:7,0,2844,2.5935743194430088,99,0,1431,0,513,0,65,0,12,0,0
replay,object,140:1,0,1465,1.4150544374670109,75,0,618,0,107,0,15,0,3,0,0
replay,object,141:4,0,15929,16.557258255765937,285,0,2286,0,586,0,113,0,17,0,1
replay,object,141:5,0,2460,2.2186425352342893,267,0,1201,0,449,0,126,0,63,0,1
replay,object,142:2,0,615,0.25648068611844543,59,0,550,0,456,0,390,0,304,0,61
replay,object,142:3,0,981,0.37968678904415937,55,0,912,0,713,0,615,0,508,0,250
replay,object,143:3,0,3085,1.9839854087814082,91,0,2790,0,1932,0,721,0,424,0,62
replay,object,144:2,0,531,0.5164182998486094,73,0,194,0,5,0,1,0,0,0,0
replay,object,144:3,0,552,0.4881597808169824,60,0,264,0,119,0,40,0,18,0,0
replay,object,144:4,0,144,0.1295622999082685,56,0,92,0,17,0,1,0,1,0,0
replay,object,144:5,0,3281,3.181828348622488,79,0,1166,0,35,0,2,0,1,0,0
replay,object,145:1,0,2267,2.397891862012594,92,0,223,0,33,0,10,0,3,0,0
replay,object,145:2,0,1445,1.4799481737095614,92,0,291,0,47,0,9,0,3,0,0
replay,object,146:2,0,1455,1.371697936520296,57,0,503,0,218,0,94,0,50,0,25
replay,object,147:2,0,2811,2.912746798748935,111,0,496,0,95,0,8,0,7,0,1
replay,object,148:2,0,3050,3.1068897837490637,115,0,712,0,104,0,21,0,6,0,0
replay,object,149:2,0,455,0.4332448347412815,94,0,196,0,45,0,9,0,0,0,0
replay,object,149:3,0,2344,2.37741370877065,102,0,610,0,87,0,4,0,0,0,0
replay,object,150:2,0,686,0.641350113309712,125,0,294,0,73,0,26,0,7,0,0
replay,object,150:3,0,545,0.5346792954819533,117,0,145,0,41,0,19,0,10,0,1
replay,object,150:4,0,4113,4.038347056984077,156,0,1192,0,343,0,89,0,31,0,0
replay,object,151:1,0,1054,0.9998741754323494,51,0,405,0,155,0,42,0,21,0,6
replay,object,152:1,0,1029,0.9274484370111321,61,0,458,0,190,0,74,0,41,0,1
replay,object,153:30550,0,1020,0.9978006046046787,75,0,272,0,70,0,10,0,7,0,0
replay,object,153:30551,0,2129,2.1798163492912277,75,0,352,0,77,0,19,0,10,0,0
replay,object,169:1,0,2334,0.9282602428135378,63,0,2303,0,1980,0,1413,0,960,0,305
replay,object_returns,0,0,1535,1.2281384523107604,705,0,1023,0,499,0,214,0,86,0,6
replay,object_returns,1,0,4494,3.6167710150200123,676,0,2883,0,1425,0,620,0,343,0,120
replay,object_returns,2,0,8579,7.666763880390279,612,0,4060,0,1706,0,635,0,426,0,144
replay,object_returns,3,0,17036,15.275108944376225,551,0,7926,0,3209,0,1354,0,838,0,269
replay,object_returns,4,0,18031,17.41126566197337,256,0,5101,0,2033,0,779,0,375,0,45
replay,object_returns,5,0,14543,11.431601647270298,107,0,7711,0,5754,0,3082,0,1531,0,243
replay,object_returns,6,0,23280,19.494922024746852,85,0,14910,0,7218,0,2050,0,773,0,37
replay,sequence,125,21450882,25871,18.126096525165366,210,1432,22777,6048,13042,19244,4706,50715,1845,432559,148
replay,sequence,137,4652268,749,0.6946456424093509,46,72,296,482,122,2006,48,5500,7,43833,0
replay,sequence,138,8321471,2254,2.255768924281429,83,433,585,1649,190,4994,44,10800,13,70678,2
replay,sequence,139,10201337,2844,2.5935743194430083,99,87,1431,703,513,3499,65,10485,12,87680,0
replay,sequence,140,8008759,1465,1.4150544374670109,75,156,618,965,107,4174,15,9749,3,65099,0
replay,sequence,141,31991712,18389,18.775900791000208,307,2934,3487,6880,1035,17429,239,37200,80,255018,2
replay,sequence,142,8365690,1596,0.6361674751626044,87,83,1462,558,1169,2883,1005,7657,812,69003,311
replay,sequence,143,7571268,3085,1.9839854087814082,91,47,2790,368,1932,2592,721,8597,424,64350,62
replay,sequence,144,7455833,4508,4.315968729196348,79,152,1716,1699,176,5204,44,10722,20,76567,0
replay,sequence,145,8379629,3712,3.877840035722156,92,273,514,1741,80,4894,19,11153,6,77619,0
replay,sequence,146,5166306,1455,1.371697936520296,57,190,503,863,218,2439,94,4979,50,40706,25
replay,sequence,147,10820924,2811,2.912746798748935,111,598,496,2411,95,6853,8,15364,7,101499,1
replay,sequence,148,11781979,3050,3.106889783749063,115,361,712,2390,104,7362,21,17007,6,107959,0
replay,sequence,149,10115079,2800,2.8117733496245036,102,323,806,1457,132,5352,13,12473,0,89776,0
replay,sequence,150,15720518,5344,5.214376465775739,156,462,1631,2394,457,7992,134,19177,48,134157,1
replay,sequence,151,4798697,1054,0.9998741754323495,51,110,405,584,155,2021,42,4205,21,35407,6
replay,sequence,152,5935012,1029,0.927448437011132,61,90,458,884,190,3303,74,7675,41,51088,1
replay,sequence,153,6498230,3149,3.177616953895906,75,414,624,1865,147,5977,29,11309,17,63087,0
replay,sequence,169,6556876,2334,0.9282602428135378,63,37,2303,175,1980,1166,1413,3862,960,39113,305
replay,unassigned_anomaly,149:0,0,1,0.0011148061125718116,1,0,0,0,0,0,0,0,0,0,0
