structure_id,semantic,start_frame,end_frame,frames,count_min,count_max,frames_1_to_4,distance_min_m,distance_max_m
206:10:100,10,0,102,103,14,121,0,20.459102630615234,38.080101013183594
206:10:101,10,0,101,102,5,34,0,22.219058990478516,39.57758331298828
206:10:102,10,0,101,102,12,71,0,25.165929794311523,42.54879379272461
206:10:103,10,0,100,101,6,49,0,27.000558853149414,43.9767951965332
206:10:104,10,0,32,33,1,5,32,30.216554641723633,37.9114990234375
206:10:104,10,35,49,15,1,3,15,38.638389587402344,41.03464889526367
206:10:104,10,51,53,3,2,2,3,41.25764846801758,41.41364669799805
206:10:104,10,55,64,10,1,3,10,41.58115005493164,42.06674575805664
206:10:104,10,66,66,1,1,1,1,42.165992736816406,42.165992736816406
206:10:104,10,68,74,7,1,2,7,42.22813415527344,42.993370056152344
206:10:104,10,76,80,5,1,2,5,43.27074432373047,43.871498107910156
206:10:104,10,83,87,5,1,2,5,44.295745849609375,45.01979446411133
206:10:104,10,91,91,1,1,1,1,45.57779312133789,45.57779312133789
206:10:105,10,0,100,101,43,974,0,12.568197250366211,29.869888305664062
206:10:106,10,0,88,89,1,113,28,15.090204238891602,29.943889617919922
206:10:106,10,91,92,2,3,3,2,30.428123474121094,30.430395126342773
206:10:106,10,94,97,4,1,4,4,30.891895294189453,31.238393783569336
206:10:106,10,99,99,1,1,1,1,31.53212547302246,31.53212547302246
206:10:107,10,0,14,15,2,27,1,17.47769546508789,20.84014129638672
206:10:108,10,0,1,2,1,2,2,20.179765701293945,20.28302001953125
206:10:108,10,3,17,15,1,8,8,20.742862701416016,23.79545021057129
206:10:108,10,19,19,1,2,2,1,24.156227111816406,24.156227111816406
206:10:108,10,21,21,1,1,1,1,24.6579532623291,24.6579532623291
206:10:108,10,25,25,1,1,1,1,25.67595100402832,25.67595100402832
206:10:109,10,0,14,15,1,18,2,25.398954391479492,28.5098876953125
206:10:110,10,321,323,3,1,3,3,29.339885711669922,29.700653076171875
206:10:110,10,325,383,59,1,23,22,17.804771423339844,29.12615966796875
206:10:110,10,385,385,1,1,1,1,17.197574615478516,17.197574615478516
206:10:110,10,389,389,1,1,1,1,16.08633041381836,16.08633041381836
206:10:111,10,332,368,37,1,16,5,44.189552307128906,49.96430587768555
206:10:112,10,265,275,11,1,7,7,34.65843963623047,35.20894241333008
206:10:112,10,278,400,123,3,50,2,34.295082092285156,41.743499755859375
206:10:112,10,412,413,2,1,2,2,42.76164627075195,42.77154541015625
206:10:112,10,415,416,2,1,1,2,42.619747161865234,42.680747985839844
206:10:112,10,419,419,1,1,1,1,42.66874694824219,42.66874694824219
206:10:112,10,421,422,2,1,1,2,42.63374710083008,42.64474868774414
206:10:112,10,424,432,9,1,1,9,41.731746673583984,42.65874481201172
206:10:112,10,439,441,3,1,1,3,41.65374755859375,41.81574630737305
206:10:112,10,443,443,1,1,1,1,41.46875,41.46875
206:10:113,10,178,178,1,1,1,1,44.451805114746094,44.451805114746094
206:10:113,10,184,210,27,1,13,8,41.3382682800293,43.557151794433594
206:10:113,10,264,392,129,1,68,7,31.860275268554688,37.1668701171875
206:10:113,10,401,448,48,2,8,20,36.10987091064453,37.06174850463867
206:10:114,10,5,14,10,1,17,2,25.65074920654297,27.061355590820312
206:10:114,10,18,100,83,1,55,17,24.554096221923828,30.661352157592773
206:10:114,10,104,104,1,2,2,1,31.473743438720703,31.473743438720703
206:10:114,10,113,113,1,1,1,1,34.52463912963867,34.52463912963867
206:10:64,10,6,6,1,2,2,1,27.397056579589844,27.397056579589844
206:10:64,10,8,8,1,1,1,1,26.747556686401367,26.747556686401367
206:10:64,10,10,245,236,1,2546,6,6.412930488586426,30.10230255126953
206:10:65,10,26,237,212,1,2845,8,6.638487815856934,28.68705177307129
206:10:65,10,239,240,2,1,1,2,23.081174850463867,23.638437271118164
206:10:66,10,31,31,1,2,2,1,33.06215286254883,33.06215286254883
206:10:66,10,33,39,7,2,6,6,31.70193099975586,33.213993072509766
206:10:66,10,41,54,14,1,5,12,29.487178802490234,32.04350662231445
206:10:66,10,56,59,4,1,2,4,30.503925323486328,32.0350456237793
206:10:66,10,61,61,1,1,1,1,29.059803009033203,29.059803009033203
206:10:66,10,65,68,4,1,2,4,28.5808048248291,28.87405776977539
206:10:66,10,70,72,3,1,1,3,28.112802505493164,28.340803146362305
206:10:66,10,74,74,1,1,1,1,27.766803741455078,27.766803741455078
206:10:66,10,76,78,3,1,2,3,27.283206939697266,27.478803634643555
206:10:66,10,87,88,2,1,2,2,25.161561965942383,25.427560806274414
206:10:66,10,94,94,1,1,1,1,23.85831642150879,23.85831642150879
206:10:66,10,96,98,3,1,3,3,22.907615661621094,23.34331703186035
206:10:66,10,102,222,121,1,2099,10,7.137262344360352,21.834457397460938
206:10:67,10,34,53,20,1,10,13,34.17475128173828,36.63063049316406
206:10:67,10,55,57,3,2,2,3,33.98249435424805,34.054996490478516
206:10:67,10,59,62,4,1,2,4,33.68999481201172,33.848995208740234
206:10:67,10,64,64,1,2,2,1,33.59099578857422,33.59099578857422
206:10:67,10,73,73,1,1,1,1,32.551307678222656,32.551307678222656
206:10:67,10,84,84,1,1,1,1,30.81175422668457,30.81175422668457
206:10:67,10,112,229,118,1,2332,6,8.101675033569336,23.7759952545166
206:10:67,10,370,370,1,1,1,1,36.74334716796875,36.74334716796875
206:10:68,10,39,40,2,1,1,2,41.07326889038086,41.383270263671875
206:10:68,10,48,48,1,1,1,1,40.306270599365234,40.306270599365234
206:10:68,10,52,52,1,1,1,1,40.047271728515625,40.047271728515625
206:10:68,10,67,67,1,1,1,1,39.19699478149414,39.19699478149414
206:10:68,10,69,70,2,1,1,2,38.91199493408203,39.00999450683594
206:10:68,10,73,74,2,1,1,2,38.363990783691406,38.49199295043945
206:10:68,10,121,121,1,1,1,1,26.28028106689453,26.28028106689453
206:10:68,10,127,127,1,1,1,1,24.166004180908203,24.166004180908203
206:10:68,10,130,131,2,1,1,2,22.76776123046875,23.1507625579834
206:10:68,10,133,133,1,1,1,1,22.035566329956055,22.035566329956055
206:10:68,10,137,137,1,2,2,1,20.671566009521484,20.671566009521484
206:10:68,10,140,225,86,1,404,2,9.275067329406738,22.596385955810547
206:10:68,10,308,312,5,1,2,5,22.20009994506836,22.586654663085938
206:10:68,10,314,377,64,1,12,33,22.609405517578125,32.865142822265625
206:10:68,10,379,381,3,1,1,3,33.56884002685547,34.178836822509766
206:10:68,10,383,383,1,1,1,1,34.79235076904297,34.79235076904297
206:10:69,10,137,139,3,2,3,3,26.07158851623535,26.66851234436035
206:10:69,10,141,142,2,1,1,2,25.000709533691406,25.3175106048584
206:10:69,10,144,197,54,1,81,10,14.833623886108398,24.316513061523438
206:10:69,10,277,381,105,1,326,2,12.176470756530762,30.341350555419922
206:10:70,10,264,371,108,1,1246,2,9.237680435180664,22.92417335510254
206:10:70,10,373,377,5,1,3,5,23.428306579589844,24.513437271118164
206:10:70,10,382,414,33,1,4,33,22.619403839111328,29.338842391967773
206:10:70,10,416,437,22,1,3,22,29.257091522216797,29.326091766357422
206:10:70,10,440,443,4,1,1,4,29.06584358215332,29.15584373474121
206:10:70,10,445,448,4,1,1,4,28.78684425354004,28.993844985961914
206:10:71,10,259,448,190,1,628,56,9.039738655090332,25.258848190307617
206:10:72,10,251,448,198,10,2036,0,8.461223602294922,20.802444458007812
206:10:73,10,249,448,200,2,1276,2,8.026145935058594,23.947282791137695
206:10:75,10,122,122,1,1,1,1,49.07487487792969,49.07487487792969
206:10:75,10,139,139,1,1,1,1,43.36115264892578,43.36115264892578
206:10:75,10,141,141,1,1,1,1,42.664371490478516,42.664371490478516
206:10:75,10,143,143,1,1,1,1,42.426300048828125,42.426300048828125
206:10:75,10,151,157,7,1,3,7,37.97137451171875,39.58662414550781
206:10:75,10,159,170,12,1,4,12,34.788902282714844,37.24888229370117
206:10:75,10,172,172,1,2,2,1,34.37708282470703,34.37708282470703
206:10:75,10,174,185,12,1,6,9,32.71894073486328,34.08843994140625
206:10:75,10,187,187,1,1,1,1,32.70094680786133,32.70094680786133
206:10:75,10,260,448,189,2,417,1,15.445773124694824,25.315357208251953
206:10:76,10,100,101,2,1,1,2,48.8426399230957,49.15664291381836
206:10:76,10,103,104,2,1,4,2,49.81356430053711,49.87406921386719
206:10:76,10,110,112,3,1,2,3,47.313804626464844,48.18756866455078
206:10:76,10,121,121,1,1,1,1,44.28081130981445,44.28081130981445
206:10:76,10,123,125,3,1,3,3,42.736568450927734,44.2679443359375
206:10:76,10,127,201,75,1,34,11,25.822477340698242,43.02880859375
206:10:76,10,263,448,186,1,485,4,15.896865844726562,29.28680419921875
206:10:77,10,69,69,1,1,1,1,49.72969436645508,49.72969436645508
206:10:77,10,71,75,5,1,1,5,48.873695373535156,49.43769454956055
206:10:77,10,78,78,1,1,1,1,48.41449737548828,48.41449737548828
206:10:77,10,81,81,1,1,1,1,47.79669189453125,47.79669189453125
206:10:77,10,84,84,1,1,1,1,47.18393325805664,47.18393325805664
206:10:77,10,86,88,3,1,1,3,46.30563735961914,46.78821563720703
206:10:77,10,90,90,1,1,1,1,45.883872985839844,45.883872985839844
206:10:77,10,92,92,1,1,1,1,45.4628791809082,45.4628791809082
206:10:77,10,100,100,1,1,1,1,43.523216247558594,43.523216247558594
206:10:77,10,103,103,1,1,1,1,42.64243698120117,42.64243698120117
206:10:77,10,110,110,1,1,1,1,40.63764572143555,40.63764572143555
206:10:77,10,113,113,1,3,3,1,40.25857162475586,40.25857162475586
206:10:77,10,115,120,6,1,2,6,37.52988052368164,39.731571197509766
206:10:77,10,126,132,7,1,5,6,33.6296501159668,35.43143844604492
206:10:77,10,137,211,75,1,106,5,20.230567932128906,31.890884399414062
206:10:77,10,267,392,126,1,332,5,16.38705825805664,34.059349060058594
206:10:77,10,395,395,1,1,1,1,33.42404556274414,33.42404556274414
206:10:77,10,416,419,4,1,1,4,36.09504699707031,36.131046295166016
206:10:77,10,422,433,12,1,1,12,36.09404373168945,36.131046295166016
206:10:78,10,0,244,245,1,3546,12,6.433807849884033,35.76008605957031
206:10:78,10,246,248,3,1,1,3,36.52783966064453,37.169090270996094
206:10:78,10,250,250,1,1,1,1,37.86808776855469,37.86808776855469
206:10:79,10,0,146,147,1,1090,4,9.085394859313965,24.659181594848633
206:10:79,10,148,148,1,2,2,1,25.338895797729492,25.338895797729492
206:10:79,10,150,152,3,1,1,3,25.941131591796875,26.732892990112305
206:10:79,10,154,155,2,2,2,2,27.215396881103516,27.568397521972656
206:10:79,10,157,158,2,1,1,2,28.156129837036133,28.473129272460938
206:10:79,10,162,162,1,1,1,1,29.650129318237305,29.650129318237305
206:10:79,10,164,165,2,1,1,2,30.206127166748047,30.42539405822754
206:10:79,10,167,168,2,1,2,2,30.963647842407227,31.167644500732422
206:10:79,10,172,172,1,2,2,1,32.049644470214844,32.049644470214844
206:10:79,10,178,181,4,1,2,4,33.310123443603516,33.878395080566406
206:10:79,10,183,184,2,1,1,2,34.318641662597656,34.47464370727539
206:10:79,10,187,188,2,1,2,2,34.92138671875,35.1133918762207
206:10:79,10,191,194,4,1,2,4,35.40962219238281,35.927642822265625
206:10:79,10,197,197,1,2,2,1,36.40013885498047,36.40013885498047
206:10:79,10,199,204,6,2,3,6,36.6303825378418,37.42664337158203
206:10:79,10,206,206,1,2,2,1,37.75183868408203,37.75183868408203
206:10:79,10,208,213,6,1,3,6,37.94608688354492,39.01508712768555
206:10:79,10,215,216,2,1,3,2,39.38334274291992,39.60934829711914
206:10:79,10,218,226,9,1,3,9,40.108604431152344,42.28334426879883
206:10:79,10,229,238,10,1,2,10,43.28559875488281,46.25859832763672
206:10:79,10,240,243,4,1,1,4,46.95879364013672,48.140602111816406
206:10:79,10,246,247,2,1,2,2,49.16834259033203,49.558074951171875
206:10:81,10,280,280,1,1,1,1,26.145448684692383,26.145448684692383
206:10:81,10,282,282,1,1,1,1,27.362653732299805,27.362653732299805
206:10:81,10,287,287,1,2,2,1,24.432950973510742,24.432950973510742
206:10:81,10,290,291,2,1,1,2,23.449451446533203,25.478654861450195
206:10:81,10,294,295,2,1,1,2,23.08945083618164,23.682954788208008
206:10:81,10,297,298,2,1,2,2,22.652952194213867,24.19565773010254
206:10:81,10,300,300,1,1,1,1,22.238454818725586,22.238454818725586
206:10:81,10,302,303,2,1,3,2,20.999059677124023,21.030567169189453
206:10:81,10,305,448,144,1,1981,12,7.470001220703125,23.248762130737305
206:10:82,10,242,242,1,1,1,1,46.61036682128906,46.61036682128906
206:10:82,10,244,245,2,1,1,2,45.529808044433594,45.83356475830078
206:10:82,10,248,251,4,1,1,4,42.91481018066406,44.08980941772461
206:10:82,10,254,257,4,1,2,4,40.26580810546875,42.38680648803711
206:10:82,10,260,261,2,1,2,2,38.63908004760742,40.41657638549805
206:10:82,10,264,448,185,1,520,10,8.71734619140625,37.569580078125
206:10:83,10,241,448,208,1,1475,3,7.477477550506592,35.45750427246094
206:10:90,10,19,19,1,2,2,1,49.775997161865234,49.775997161865234
206:10:90,10,21,22,2,1,1,2,49.45893478393555,49.668697357177734
206:10:90,10,29,40,12,2,9,4,45.85443878173828,48.6846923828125
206:10:90,10,43,43,1,1,1,1,44.89493942260742,44.89493942260742
206:10:90,10,45,45,1,1,1,1,44.933433532714844,44.933433532714844
206:10:90,10,48,66,19,1,10,12,43.95721435546875,45.392642974853516
206:10:90,10,113,113,1,1,1,1,46.53688049316406,46.53688049316406
206:10:90,10,119,120,2,1,1,2,45.973934173583984,46.81687927246094
206:10:90,10,122,122,1,1,1,1,47.51164627075195,47.51164627075195
206:10:91,10,0,61,62,1,28,3,33.210506439208984,40.669219970703125
206:10:91,10,63,86,24,2,24,2,32.885276794433594,34.347373962402344
206:10:91,10,89,95,7,1,14,4,33.4320068359375,34.61542510986328
206:10:91,10,97,97,1,4,4,1,34.308677673339844,34.308677673339844
206:10:91,10,102,109,8,4,20,1,35.089385986328125,36.39054870605469
206:10:91,10,111,111,1,5,5,0,36.579551696777344,36.579551696777344
206:10:91,10,115,115,1,1,1,1,37.70054626464844,37.70054626464844
206:10:91,10,117,141,25,3,20,2,38.30037307739258,44.45754623413086
206:10:91,10,148,160,13,1,5,12,46.49864959716797,49.791748046875
206:10:92,10,0,87,88,2,50,2,36.96277618408203,46.10869598388672
206:10:92,10,89,109,21,1,67,6,37.159217834472656,40.16176223754883
206:10:92,10,111,138,28,1,64,4,40.50395584106445,46.802764892578125
206:10:92,10,143,143,1,1,1,1,49.227699279785156,49.227699279785156
206:10:93,10,0,120,121,1,448,6,11.335577964782715,20.278379440307617
206:10:93,10,133,134,2,1,1,2,24.680892944335938,25.078895568847656
206:10:93,10,207,207,1,1,1,1,44.47433853149414,44.47433853149414
206:10:94,10,29,34,6,1,4,6,43.344886779785156,44.59450149536133
206:10:94,10,38,40,3,1,2,3,41.29069519042969,41.55149841308594
206:10:94,10,47,52,6,1,2,6,40.370697021484375,40.84569549560547
206:10:94,10,54,65,12,1,2,12,39.41500473022461,40.15250015258789
206:10:94,10,67,71,5,1,3,5,38.91926956176758,39.190773010253906
206:10:94,10,73,75,3,1,3,3,38.28050231933594,38.65888595581055
206:10:94,10,77,97,21,1,6,18,34.02354431152344,37.823272705078125
206:10:94,10,106,225,120,1,293,4,15.579378128051758,31.90550422668457
206:10:94,10,287,288,2,1,2,2,26.54970932006836,27.137805938720703
206:10:94,10,291,292,2,1,2,2,27.218482971191406,27.79660987854004
206:10:94,10,296,298,3,1,2,3,28.483707427978516,28.838607788085938
206:10:94,10,300,300,1,2,2,1,28.99930191040039,28.99930191040039
206:10:94,10,302,302,1,1,1,1,29.201555252075195,29.201555252075195
206:10:94,10,304,304,1,2,2,1,29.37425422668457,29.37425422668457
206:10:94,10,306,307,2,1,2,2,28.86867904663086,29.53355598449707
206:10:94,10,310,348,39,1,7,26,28.066844940185547,32.6624641418457
206:10:94,10,350,351,2,1,1,2,32.513641357421875,33.0466423034668
206:10:94,10,353,353,1,3,3,1,33.11684036254883,33.11684036254883
206:10:94,10,368,368,1,1,1,1,35.746604919433594,35.746604919433594
206:10:94,10,377,380,4,1,1,4,37.90708541870117,38.72108459472656
206:10:94,10,382,384,3,1,1,3,39.24134826660156,39.87733840942383
206:10:94,10,387,387,1,1,1,1,40.703346252441406,40.703346252441406
206:10:95,10,4,111,108,1,46,17,32.35455322265625,40.00760269165039
206:10:95,10,131,131,1,1,1,1,46.679603576660156,46.679603576660156
206:10:95,10,137,137,1,1,1,1,48.62734603881836,48.62734603881836
206:10:96,10,8,13,6,2,9,4,38.16199493408203,39.55717086791992
206:10:96,10,15,15,1,1,1,1,39.45054626464844,39.45054626464844
206:10:96,10,21,34,14,1,7,12,36.810550689697266,39.08675003051758
206:10:96,10,38,70,33,1,15,7,36.668426513671875,40.12979507446289
206:10:96,10,72,72,1,1,1,1,42.00904083251953,42.00904083251953
206:10:96,10,74,74,1,2,2,1,37.567806243896484,37.567806243896484
206:10:96,10,82,82,1,1,1,1,38.44779586791992,38.44779586791992
206:10:96,10,84,84,1,1,1,1,38.74504470825195,38.74504470825195
206:10:96,10,86,86,1,1,1,1,39.05979537963867,39.05979537963867
206:10:97,10,30,34,5,1,2,5,47.21074676513672,47.316490173339844
206:10:97,10,36,39,4,1,3,4,47.19248962402344,47.31999588012695
206:10:97,10,41,41,1,3,3,1,47.26454544067383,47.26454544067383
206:10:97,10,50,55,6,2,6,4,47.60914611816406,47.81212615966797
206:10:97,10,58,81,24,1,7,19,47.81474685668945,49.616546630859375
206:10:98,10,21,21,1,2,2,1,42.873146057128906,42.873146057128906
206:10:98,10,27,30,4,1,3,4,42.04274368286133,42.520748138427734
206:10:98,10,32,32,1,2,2,1,42.0340461730957,42.0340461730957
206:10:98,10,34,37,4,1,3,4,41.803871154785156,42.173744201660156
206:10:98,10,42,42,1,2,2,1,41.81964874267578,41.81964874267578
206:10:98,10,48,48,1,4,4,1,42.068748474121094,42.068748474121094
206:10:98,10,54,55,2,2,3,2,42.277992248535156,42.58036804199219
206:10:98,10,57,62,6,1,3,6,42.21674728393555,42.70165252685547
206:10:98,10,66,66,1,1,1,1,42.45029830932617,42.45029830932617
206:10:98,10,69,70,2,1,1,2,43.39330291748047,43.798038482666016
206:10:98,10,72,75,4,1,2,4,42.960548400878906,43.15715026855469
206:10:99,10,0,103,104,4,66,1,18.71962547302246,36.517215728759766
206:11:1,11,104,104,1,1,1,1,46.852149963378906,46.852149963378906
206:11:1,11,107,107,1,1,1,1,46.22014617919922,46.22014617919922
206:11:1,11,115,115,1,1,1,1,43.50336837768555,43.50336837768555
206:11:1,11,142,144,3,1,1,3,35.26308059692383,35.88408279418945
206:11:1,11,146,146,1,1,1,1,34.83481216430664,34.83481216430664
206:11:1,11,149,149,1,1,1,1,33.95457077026367,33.95457077026367
206:11:1,11,156,156,1,1,1,1,31.981157302856445,31.981157302856445
206:11:1,11,159,161,3,1,3,3,30.788375854492188,31.60215950012207
206:11:1,11,163,172,10,1,4,10,28.551225662231445,30.603885650634766
206:11:1,11,177,180,4,1,6,3,27.5062255859375,27.994224548339844
206:11:1,11,182,188,7,1,4,7,26.971952438354492,27.87544822692871
206:11:1,11,190,190,1,2,2,1,27.14508819580078,27.14508819580078
206:11:1,11,194,194,1,3,3,1,26.425003051757812,26.425003051757812
206:11:1,11,197,200,4,1,2,4,26.31351089477539,26.437707901000977
206:11:1,11,267,287,21,2,28,2,20.934659957885742,21.96935272216797
206:11:1,11,293,316,24,1,12,10,21.927101135253906,24.02665138244629
206:11:1,11,318,320,3,1,2,3,23.63731575012207,23.9598388671875
206:11:1,11,322,323,2,1,1,2,23.9796142578125,24.22761344909668
206:11:1,11,326,328,3,1,1,3,24.093612670898438,24.68535804748535
206:11:1,11,330,331,2,1,1,2,24.50580596923828,24.54680824279785
206:11:1,11,336,338,3,1,1,3,24.815807342529297,24.985809326171875
206:11:1,11,359,359,1,1,1,1,27.67080307006836,27.67080307006836
206:11:1,11,411,413,3,1,1,3,37.079044342041016,37.096046447753906
206:11:1,11,416,420,5,1,1,5,37.04430389404297,37.072303771972656
206:11:1,11,422,433,12,1,1,12,37.00730514526367,37.14130401611328
206:15:5,15,0,10,11,2,8,6,36.794151306152344,38.213993072509766
206:15:5,15,12,88,77,1,18,9,30.788532257080078,36.7320442199707
206:15:5,15,90,92,3,2,7,2,31.566152572631836,31.930301666259766
206:15:5,15,94,100,7,2,13,3,32.08642578125,32.878273010253906
206:15:5,15,102,102,1,3,3,1,33.28550338745117,33.28550338745117
206:15:5,15,104,113,10,1,12,3,33.74892807006836,35.52479553222656
206:15:5,15,117,117,1,1,1,1,36.51055145263672,36.51055145263672
206:15:5,15,119,143,25,2,12,9,36.90130615234375,43.94291687011719
206:15:5,15,152,153,2,2,2,2,46.56652069091797,46.872520446777344
206:15:5,15,155,157,3,1,3,3,47.547298431396484,48.03054428100586
206:15:5,15,159,162,4,1,2,4,48.44804000854492,49.116790771484375
206:15:5,15,164,166,3,1,2,3,49.684417724609375,49.981040954589844
206:15:6,15,0,90,91,4,25,1,28.639610290527344,35.765872955322266
206:15:6,15,93,94,2,2,3,2,29.830608367919922,30.09130096435547
206:15:6,15,96,101,6,2,10,1,30.22870445251465,31.045276641845703
206:15:6,15,104,116,13,3,19,5,31.612030029296875,34.893798828125
206:15:6,15,119,120,2,1,3,2,35.1800422668457,36.16930389404297
206:15:6,15,123,146,24,1,9,14,36.71430587768555,43.276790618896484
206:15:6,15,155,158,4,1,1,4,45.831298828125,47.23904037475586
206:15:6,15,160,163,4,1,3,4,47.242042541503906,48.332794189453125
206:15:6,15,167,167,1,1,1,1,48.89929962158203,48.89929962158203
206:15:6,15,171,171,1,1,1,1,49.92203903198242,49.92203903198242
206:15:7,15,0,89,90,1,23,4,29.448932647705078,36.846771240234375
206:15:7,15,91,115,25,1,11,12,30.373050689697266,35.61152648925781
206:15:7,15,118,118,1,1,1,1,35.76755142211914,35.76755142211914
206:15:7,15,121,134,14,1,10,10,36.66004943847656,40.152793884277344
206:15:7,15,136,142,7,1,5,6,40.747798919677734,42.67829895019531
206:15:7,15,145,145,1,1,1,1,43.69579315185547,43.69579315185547
206:15:7,15,155,157,3,1,2,3,46.51474380493164,46.8467903137207
206:15:7,15,159,160,2,1,1,2,47.68103790283203,47.82954788208008
206:15:7,15,163,163,1,1,1,1,48.434791564941406,48.434791564941406
206:15:7,15,165,165,1,1,1,1,49.18103790283203,49.18103790283203
206:18:4,18,31,60,30,1,8,23,44.865699768066406,48.30088424682617
206:18:4,18,62,63,2,1,1,2,44.68369674682617,44.684696197509766
206:18:4,18,66,69,4,1,3,4,44.23649978637695,44.51469802856445
206:18:4,18,94,220,127,1,282,11,16.67698860168457,39.39664840698242
206:18:4,18,275,385,111,1,180,4,18.903541564941406,36.24757385253906
206:18:4,18,387,387,1,3,3,1,34.850608825683594,34.850608825683594
206:18:4,18,389,391,3,1,4,3,35.786800384521484,36.530296325683594
206:18:4,18,393,393,1,3,3,1,36.49679946899414,36.49679946899414
206:18:4,18,395,395,1,5,5,0,37.0757942199707,37.0757942199707
206:18:4,18,397,398,2,1,1,2,37.6177978515625,37.88579559326172
206:18:4,18,401,401,1,1,1,1,38.74660110473633,38.74660110473633
206:18:5,18,0,230,231,2,2397,22,7.245382785797119,37.61508560180664
206:18:5,18,232,246,15,1,3,15,38.165348052978516,43.11733627319336
206:18:5,18,249,252,4,1,3,4,44.16783142089844,45.128082275390625
206:18:5,18,254,254,1,1,1,1,45.83060073852539,45.83060073852539
206:18:5,18,256,258,3,2,3,3,46.53908157348633,47.190338134765625
206:18:6,18,0,105,106,1,285,1,16.629575729370117,37.33274841308594
206:18:7,18,325,377,53,7,130,0,25.70728302001953,27.105510711669922
206:18:8,18,0,28,29,1,71,4,22.418901443481445,29.977445602416992
206:18:8,18,30,49,20,1,2,20,29.832834243774414,33.235504150390625
206:18:8,18,51,53,3,1,1,3,33.413272857666016,33.56727600097656
206:18:8,18,55,56,2,1,1,2,33.663272857666016,33.676273345947266
206:18:9,18,175,219,45,2,46,1,39.88660430908203,42.29859924316406
206:20:2,20,256,363,108,2,361,2,7.837218284606934,14.524495124816895
206:20:2,20,367,448,82,5,53,0,13.463033676147461,22.93889808654785
206:254:12,254,132,202,71,3,16,1,35.0344352722168,49.816368103027344
206:254:12,254,326,378,53,19,43,0,19.504322052001953,27.464611053466797
206:254:13,254,154,216,63,3,21,2,31.649702072143555,41.741432189941406
206:254:13,254,328,379,52,20,43,0,19.942790985107422,28.485157012939453
206:254:14,254,0,15,16,4,13,1,40.13888931274414,41.230690002441406
206:254:14,254,21,38,18,1,15,7,37.89164733886719,39.5062141418457
206:254:5,254,340,340,1,1,1,1,21.62928581237793,21.62928581237793
206:254:6,254,0,42,43,1,13,8,21.68380355834961,31.922868728637695
206:254:6,254,45,48,4,1,2,4,30.99323272705078,32.6148681640625
206:254:6,254,50,50,1,1,1,1,31.328022003173828,31.328022003173828
206:254:6,254,105,105,1,1,1,1,39.50389099121094,39.50389099121094
206:254:7,254,0,8,9,2,83,2,12.410161972045898,13.571989059448242
206:254:7,254,13,18,6,2,12,4,14.377887725830078,15.034494400024414
206:254:7,254,21,35,15,4,57,2,15.415170669555664,17.154626846313477
206:254:7,254,37,48,12,3,32,1,17.62744903564453,18.809932708740234
206:254:7,254,56,77,22,3,35,2,19.510568618774414,22.14889907836914
206:254:7,254,81,146,66,1,22,25,22.924654006958008,49.73147201538086
206:254:8,254,26,26,1,1,1,1,43.33549880981445,43.33549880981445
206:254:8,254,28,34,7,1,8,3,41.88299560546875,42.868499755859375
206:254:8,254,42,46,5,1,4,5,40.729820251464844,40.91921615600586
206:254:8,254,48,48,1,2,2,1,40.65557861328125,40.65557861328125
206:254:8,254,98,101,4,2,5,3,32.39426803588867,33.47002029418945
206:254:8,254,108,134,27,1,20,6,23.499229431152344,30.021507263183594
206:254:8,254,138,202,65,1,37,2,14.606025695800781,22.60076332092285
206:254:8,254,215,216,2,1,2,2,16.241729736328125,16.315937042236328
206:254:8,254,225,226,2,4,13,1,17.135303497314453,17.20490837097168
206:254:9,254,25,25,1,3,3,1,42.22050094604492,42.22050094604492
206:254:9,254,27,30,4,3,9,1,41.463748931884766,41.98769760131836
206:254:9,254,36,47,12,1,7,5,39.52082061767578,40.6051025390625
206:254:9,254,49,52,4,1,3,4,39.16794204711914,39.472957611083984
206:254:9,254,54,59,6,1,4,6,38.95781707763672,39.086700439453125
206:254:9,254,86,86,1,1,1,1,35.47469711303711,35.47469711303711
206:254:9,254,88,96,9,2,8,6,32.128570556640625,34.61988067626953
206:254:9,254,98,104,7,2,9,3,29.699888229370117,31.40470314025879
206:254:9,254,112,143,32,8,32,0,19.220012664794922,27.736587524414062
206:254:9,254,147,206,60,1,56,7,15.799062728881836,18.1865234375
206:255:6,255,3,10,8,1,38,2,21.308530807495117,21.552135467529297
206:255:6,255,12,33,22,1,55,1,22.097686767578125,24.580846786499023
206:255:6,255,35,75,41,3,45,2,24.296096801757812,49.313743591308594
206:30:19,30,0,121,122,1,105,5,10.006522178649902,20.586660385131836
206:30:19,30,184,184,1,1,1,1,39.24208068847656,39.24208068847656
206:30:19,30,194,195,2,1,1,2,40.666080474853516,40.93834686279297
206:30:19,30,197,200,4,1,1,4,41.09108352661133,41.49708557128906
206:30:19,30,202,207,6,1,1,6,41.81108093261719,42.74660110473633
206:30:19,30,210,214,5,1,1,5,43.1180419921875,44.105796813964844
206:30:19,30,217,217,1,1,1,1,44.60304260253906,44.60304260253906
206:30:19,30,225,226,2,1,1,2,46.83203887939453,47.12004089355469
206:30:19,30,228,228,1,1,1,1,47.70804214477539,47.70804214477539
206:30:19,30,230,233,4,1,1,4,48.43130111694336,49.33803939819336
206:30:20,30,0,108,109,2,55,1,10.334176063537598,17.03192138671875
206:30:20,30,110,110,1,1,1,1,17.710186004638672,17.710186004638672
206:30:20,30,194,194,1,1,1,1,41.635345458984375,41.635345458984375
206:30:20,30,197,197,1,1,1,1,42.09135055541992,42.09135055541992
206:30:20,30,199,199,1,1,1,1,42.341346740722656,42.341346740722656
206:30:20,30,201,202,2,1,1,2,42.70234680175781,42.821346282958984
206:30:20,30,222,222,1,1,1,1,46.934303283691406,46.934303283691406
206:30:20,30,229,229,1,1,1,1,49.08029556274414,49.08029556274414
206:30:21,30,254,267,14,2,7,4,45.38125991821289,49.08637237548828
206:30:21,30,269,269,1,2,2,1,44.92975997924805,44.92975997924805
206:30:21,30,272,292,21,1,9,11,39.52994155883789,44.093971252441406
206:30:21,30,299,369,71,1,17,6,30.591222763061523,38.6072998046875
206:30:21,30,372,373,2,9,12,0,29.83688735961914,30.044158935546875
206:30:21,30,375,448,74,2,23,1,24.877273559570312,29.447021484375
206:30:22,30,0,5,6,12,18,0,38.164466857910156,38.45234680175781
206:30:23,30,188,216,29,5,18,0,21.78251838684082,24.062952041625977
206:30:23,30,276,297,22,1,6,21,22.916763305664062,24.80156135559082
206:30:23,30,302,304,3,4,6,1,25.30573272705078,25.359952926635742
206:30:23,30,306,306,1,1,1,1,25.38128089904785,25.38128089904785
206:30:23,30,314,344,31,1,8,18,26.208757400512695,28.92693328857422
206:30:23,30,347,364,18,1,4,18,29.2265567779541,31.41355323791504
206:30:23,30,369,369,1,3,3,1,32.44475173950195,32.44475173950195
206:30:23,30,371,375,5,1,4,5,32.94930648803711,34.15974807739258
206:30:23,30,434,438,5,1,3,5,41.83330154418945,42.01954650878906
206:30:23,30,440,448,9,1,4,9,41.17729949951172,41.931549072265625
